CASE_ID,ACCIDENT_YEAR,PROC_DATE,JURIS,COLLISION_DATE,COLLISION_TIME,OFFICER_ID,REPORTING_DISTRICT,DAY_OF_WEEK,CHP_SHIFT,POPULATION,CNTY_CITY_LOC,SPECIAL_COND,BEAT_TYPE,CHP_BEAT_TYPE,CITY_DIVISION_LAPD,CHP_BEAT_CLASS,BEAT_NUMBER,PRIMARY_RD,SECONDARY_RD,DISTANCE,DIRECTION,INTERSECTION,WEATHER_1,WEATHER_2,STATE_HWY_IND,CALTRANS_COUNTY,CALTRANS_DISTRICT,STATE_ROUTE,ROUTE_SUFFIX,POSTMILE_PREFIX,POSTMILE,LOCATION_TYPE,RAMP_INTERSECTION,SIDE_OF_HWY,TOW_AWAY,COLLISION_SEVERITY,NUMBER_KILLED,NUMBER_INJURED,PARTY_COUNT,PRIMARY_COLL_FACTOR,PCF_CODE_OF_VIOL,PCF_VIOL_CATEGORY,PCF_VIOLATION,PCF_VIOL_SUBSECTION,HIT_AND_RUN,TYPE_OF_COLLISION,MVIW,PED_ACTION,ROAD_SURFACE,ROAD_COND_1,ROAD_COND_2,LIGHTING,CONTROL_DEVICE,CHP_ROAD_TYPE,PEDESTRIAN_ACCIDENT,BICYCLE_ACCIDENT,MOTORCYCLE_ACCIDENT,TRUCK_ACCIDENT,NOT_PRIVATE_PROPERTY,ALCOHOL_INVOLVED,STWD_VEHTYPE_AT_FAULT,CHP_VEHTYPE_AT_FAULT,COUNT_SEVERE_INJ,COUNT_VISIBLE_INJ,COUNT_COMPLAINT_PAIN,COUNT_PED_KILLED,COUNT_PED_INJURED,COUNT_BICYCLIST_KILLED,COUNT_BICYCLIST_INJURED,COUNT_MC_KILLED,COUNT_MC_INJURED,PRIMARY_RAMP,SECONDARY_RAMP,LATITUDE,LONGITUDE,COUNTY,CITY,POINT_X,POINT_Y
6461869,2014,2016-04-16,9835,2014-04-02,0848,17724,,3,1,9,3600,0,1,2,,1,014,"RT 395","CUDDEBACK RD",528.00,N,N,A,-,Y,SBD,8,395,-,-,61.500,H,-,N,Y,4,0,3,3,A,-,08,22107,,N,D,C,F,A,H,-,A,D,0,Y,,,,Y,,A,01,0,0,3,0,1,0,0,0,0,"- ","- ",,,"SAN BERNARDINO",UNINCORPORATED,-117.60287458000001,35.212038470000003
6633568,2014,2014-09-26,9855,2014-06-18,1745,018313,,3,2,9,3600,0,3,5,,2,004,"CENTRAL AV","MISSION BL",0.00,,Y,A,-,N,,,,,,,,,,N,3,0,1,2,A,-,09,21453,C,N,D,G,A,A,H,-,A,A,0,,Y,,,Y,,L,04,0,1,0,0,0,0,1,0,0,"- ","- ",,,"SAN BERNARDINO",UNINCORPORATED,-117.6894801,34.056040060000001
6691845,2014,2015-01-15,3610,2014-07-02,2041,50249,,3,5,6,3610,0,0,0,,0,,"N RANCHO AV","W SPRING MOUNTAIN TRL",321.00,S,N,A,-,N,,,,,,,,,,N,3,0,1,2,D,-,00,,,N,B,G,A,A,H,-,C,D,0,,Y,,,Y,,-,"- ",0,1,0,0,0,0,1,0,0,"- ","- ",,,"SAN BERNARDINO","SAN BERNARDINO",-117.33317803,34.097662960000001
6718922,2014,2016-04-06,3603,2014-10-29,2034,2307,,3,5,4,3603,0,0,0,,0,004,"MOHAVE DR","WASHINGTON ST",0.00,,Y,A,-,N,,,,,,,,,,N,3,0,1,2,A,-,12,21453,A,N,D,G,A,A,H,-,C,A,0,,Y,,,Y,,L,04,0,1,0,0,0,0,1,0,0,"- ","- ",,,"SAN BERNARDINO",COLTON,-117.29127011999999,34.049070039999997
6809300,2015,2015-03-03,3610,2015-01-10,0632,50908,,6,5,6,3610,0,0,0,,0,,"WEST BASELINE RD","N E ST",0.00,,Y,A,-,N,,,,,,,,,,N,3,0,1,2,A,-,10,21950,A,F,G,B,B,A,H,-,A,A,0,Y,,,,Y,,A,01,0,1,0,0,1,0,0,0,0,"- ","- ",,,"SAN BERNARDINO","SAN BERNARDINO",-117.29416011000001,34.121350040000003
6809344,2015,2015-02-26,3610,2015-01-12,2244,50911,,1,5,6,3610,0,0,0,,0,,"W 6TH ST","N G ST",305.00,W,N,A,-,N,,,,,,,,,,N,3,0,1,2,A,-,11,21955,,N,G,B,D,A,H,-,C,D,0,Y,,,,Y,,N,60,0,1,0,0,1,0,0,0,0,"- ","- ",,,"SAN BERNARDINO","SAN BERNARDINO",-117.29965455,34.11018
90763639,2018,2018-07-05,9850,2018-06-29,0715,021991,,5,1,9,3600,0,1,3,,2,042,SR-18,"MIDWAY AVE",528.00,S,N,A,-,Y,,,18,,,,,,,N,3,0,1,2,C,-,18,,,N,H,B,E,A,H,-,A,D,0,Y,,,Y,Y,Y,-,"- ",0,1,0,0,1,0,0,0,0,"- ","- ",34.410068511962891,-116.90083312988281,"SAN BERNARDINO",UNINCORPORATED,-116.90088653564453,34.409992218017578
91089871,2019,2019-10-03,9860,2019-07-26,2000,019429,,5,2,9,3600,0,3,5,,2,002,"MARSHALL BOULEVARD","DEL ROSA AVENUE",0.00,,Y,A,-,N,,,,,,,,,,N,1,1,0,2,A,-,12,22450,A,N,H,G,A,A,H,-,D,A,0,,Y,,,Y,,L,04,0,0,0,0,0,1,0,0,0,"- ","- ",34.149501800537109,-117.25240325927734,"SAN BERNARDINO",UNINCORPORATED,-117.25244140625,34.149448394775391
91517043,2021,2021-07-09,9835,2021-06-27,0235,022341,,7,3,9,3600,0,1,1,,2,074,I-15,"BASIN RD.",15312.00,S,N,A,-,Y,,,15,,,,,,,N,2,0,1,2,A,-,11,21953,,F,G,B,E,A,H,-,D,D,0,Y,,,,Y,,N,60,1,0,0,0,1,0,0,0,0,"- ","- ",35.090179443359375,-116.31413269042969,"SAN BERNARDINO",UNINCORPORATED,-116.31414794921875,35.090217590332031
91937507,2022,2022-12-08,9860,2022-12-02,0145,021229,,5,3,9,3600,0,3,5,,2,002,"STATE ST (2600 BLOCK)","MALLORY ST",300.00,N,N,B,C,N,,,,,,,,,,N,3,0,2,2,A,-,11,21954,A,N,G,B,E,B,H,-,D,D,0,Y,,,,Y,,N,60,0,1,1,0,1,0,0,0,0,"- ","- ",34.144161224365234,-117.33544921875,"SAN BERNARDINO",UNINCORPORATED,-117.33547210693359,34.144111633300781
9476812,2022,2022-07-19,3610,2022-06-11,1937,51338,,6,5,6,3610,0,0,0,,0,POLICE,"W RIALTO AV","N RANCHO AV",0.00,,Y,A,-,N,,,,,,,,,,N,4,0,1,2,A,-,00,20002,A,M,G,B,C,A,H,-,B,A,0,Y,,,,Y,,A,01,0,0,1,0,1,0,0,0,0,"- ","- ",34.099689483642578,-117.33299255371094,"SAN BERNARDINO","SAN BERNARDINO",-117.33301544189453,34.099678039550781
9480305,2022,2022-07-26,3603,2022-05-26,2205,5005,CPD,4,5,4,3603,0,0,0,,0,004,"HERNANDEZ CT","STEWART ST",0.00,,Y,A,-,N,,,,,,,,,,N,3,0,1,2,A,-,10,21950,A,N,G,B,B,A,H,-,A,D,0,Y,,,,Y,,N,60,0,1,0,0,1,0,0,0,0,"- ","- ",34.051998138427734,-117.28993225097656,"SAN BERNARDINO",COLTON,-117.290283203125,34.051914215087891
9668752,2024,2024-04-30,3600,2024-02-13,2302,I1982,YC1,2,5,4,3640,0,0,0,,0,YC106,"YUCAIPA BL","3RD ST",0.00,,Y,A,-,N,,,,,,,,,,Y,2,0,2,3,A,-,01,23153,A,F,G,B,B,A,H,-,C,A,0,Y,,,,Y,,A,01,1,1,0,0,2,0,0,0,0,"- ","- ",34.033939361572266,-117.04765319824219,"SAN BERNARDINO",YUCAIPA,-117.04755401611328,34.033870697021484
81522617,2021,2021-07-19,3607,2021-07-09,0735,19955,153,5,5,6,3607,0,0,0,,0,051,"MOUNTAIN AV","MISSION BL",300.00,S,N,A,-,N,,,,,,,,,,N,4,0,1,2,A,-,02,21654,A,N,D,G,A,A,H,-,A,D,0,,Y,,,Y,,L,04,0,0,1,0,0,0,1,0,0,"- ","- ",,,"SAN BERNARDINO",ONTARIO,-117.66986083984375,34.055088043212891
82193996,2023,2023-10-09,3609,2023-09-06,2105,02458,143,3,5,5,3609,0,0,0,,0,003,"MERRILL AVE","LINDEN AVE",193.00,E,N,A,-,N,,,,,,,,,,Y,2,0,1,2,A,-,11,21954,A,N,G,B,D,A,H,-,D,D,0,Y,,,,Y,,N,60,1,0,0,0,1,0,0,0,0,"- ","- ",34.092220306396484,-117.40090942382812,"SAN BERNARDINO",RIALTO,-117.40023803710938,34.092239379882812
90203246,2016,2016-06-16,9835,2016-06-03,1420,021083,,5,2,9,3600,0,1,1,,2,073,"I-15 N/B","FIELD RD",7814.00,N,N,A,-,Y,,,,,,,,,,Y,2,0,3,3,A,-,03,22350,,N,C,E,E,A,H,-,A,D,0,Y,,,,Y,,A,01,1,2,0,0,1,0,0,0,0,"- ","- ",35.018569999999997,-116.50226000000001,"SAN BERNARDINO",UNINCORPORATED,-116.50725851,35.019427759999999
8939741,2023,2024-02-27,3602,2023-05-10,2022,3906,,3,5,5,3602,0,0,0,,0,,"EUCLID AV","MCOMBS WY",810.00,S,N,A,-,N,,,,,,,,,,N,1,1,0,2,A,-,11,21954,A,N,G,B,D,A,H,-,D,D,0,Y,,,,Y,,N,60,0,0,0,1,0,0,0,0,0,"- ","- ",,,"SAN BERNARDINO",CHINO,,
8990563,2019,2020-01-29,3608,2019-11-25,1847,4536,SBSUP,1,5,5,3608,0,0,0,,0,,"REDLANDS BL","NEW JERSEY ST",15.00,E,N,A,-,N,,,,,,,,,,N,3,0,1,2,A,-,11,21954,A,N,G,B,B,A,H,-,C,A,0,Y,,,,Y,,N,60,0,1,0,0,1,0,0,0,0,"- ","- ",,,"SAN BERNARDINO",REDLANDS,-117.22176361083984,34.063079833984375
9016187,2019,2020-01-17,3600,2019-11-09,2047,H8221,VC075,6,5,5,3612,0,0,0,,0,002,"CULLEY ST","CIRCLE DR",154.00,E,N,A,-,N,,,,,,,,,,N,4,0,1,2,A,-,08,22107,,N,D,G,A,A,H,-,C,D,0,,Y,,,Y,,L,04,0,0,1,0,0,0,1,0,0,"- ","- ",,,"SAN BERNARDINO",VICTORVILLE,,
9189368,2020,2020-12-12,3600,2020-09-21,1114,F8945,VC024,1,5,5,3612,0,0,0,,0,VC3,"NISQUALLI RD","2ND AV",0.00,,Y,A,-,N,,,,,,,,,,Y,3,0,2,2,C,-,18,,,N,G,G,A,A,H,-,A,D,0,,Y,,,Y,,-,"- ",0,1,1,0,0,0,1,0,0,"- ","- ",,,"SAN BERNARDINO",VICTORVILLE,-117.29933929443359,34.485439300537109
9195151,2020,2021-01-05,3600,2020-10-22,1224,D8569,HI009,4,5,4,3618,0,0,0,,0,HI1,"BASELINE ST","VICTORIA AV",0.00,,Y,A,-,N,,,,,,,,,,N,2,0,1,2,A,-,05,21650,,N,G,G,A,A,H,-,A,D,0,,Y,,,Y,,L,04,1,0,0,0,0,0,1,0,0,"- ","- ",,,"SAN BERNARDINO",HIGHLAND,-117.22620999999999,34.121279999999999
9241099,2021,2021-03-27,3600,2021-02-22,1538,F2750,YC301,1,5,4,3640,0,0,0,,0,YC4,"5TH ST","VIEWPOINT CT",328.00,N,N,A,-,N,,,,,,,,,,N,3,0,1,2,A,-,03,22350,,N,G,B,E,A,H,-,A,A,0,Y,,,,Y,,A,01,0,1,0,0,1,0,0,0,0,"- ","- ",,,"SAN BERNARDINO",YUCAIPA,-117.05624389648438,34.018287658691406
8404918,2018,2020-05-26,3609,2018-01-28,2124,7565,,7,5,5,3609,0,0,0,,0,004,"LILAC AV","ORCHARD ST",55.00,S,N,A,-,N,,,,,,,,,,Y,1,1,0,2,A,-,11,21954,A,F,G,B,D,A,H,-,C,D,0,Y,,,,Y,Y,N,60,0,0,0,1,0,0,0,0,0,"- ","- ",34.089870452880859,-117.22447204589844,"SAN BERNARDINO",RIALTO,-117.37906646728516,34.089908599853516
8459008,2017,2018-05-08,3604,2017-09-06,1951,1256,,3,5,6,3604,0,0,0,,0,,"BEECH AV","FOOTHILL BL",19.00,S,N,A,-,N,,,,,,,,,,N,4,0,1,2,A,-,08,22107,,N,G,B,D,A,H,-,D,D,0,Y,,,,Y,,D,22,0,0,1,0,1,0,0,0,0,"- ","- ",,,"SAN BERNARDINO",FONTANA,-117.47120936,34.106437939999999
8538444,2017,2018-01-29,3600,2017-12-04,0719,G0803,RC022,1,5,6,3616,0,0,0,,0,002,"MILLIKEN AV","BANYAN ST",375.00,N,N,A,-,N,,,,,,,,,,N,3,0,1,2,A,-,05,21650,1,N,D,G,A,A,H,-,A,D,0,,Y,,,Y,,L,04,0,1,0,0,0,0,1,0,0,"- ","- ",,,"SAN BERNARDINO","RANCHO CUCAMONGA",-117.55864,34.144467640000002
8821070,2019,2019-03-25,3609,2019-03-08,0825,0884,RI164,5,5,5,3609,0,0,0,,0,004,"EUCALYPTUS AV","CARTER ST",0.00,,Y,B,-,N,,,,,,,,,,N,4,0,1,3,A,-,03,22350,,N,G,C,D,A,H,-,A,D,0,Y,,,,Y,,A,01,0,0,1,0,1,0,0,0,0,"- ","- ",34.090839385986328,-117.35724639892578,"SAN BERNARDINO",RIALTO,-117.35720825195312,34.090831756591797
8831892,2019,2019-05-03,3602,2019-02-27,1413,2946,,3,5,5,3602,0,0,0,,0,005,"REMINGTON AV","HELLMAN AV",0.00,,Y,A,-,N,,,,,,,,,,N,4,0,1,2,A,-,12,21457,A,N,B,G,A,A,H,-,A,A,0,,Y,,,Y,,L,04,0,0,1,0,0,0,1,0,0,"- ","- ",,,"SAN BERNARDINO",CHINO,-117.61054,33.976010000000002
8882488,2019,2019-07-08,3600,2019-05-24,1404,E4795,VC001,5,5,5,3612,0,0,0,,0,VC1,"MOJAVE DR","6TH ST",0.00,,Y,A,-,N,,,,,,,,,,N,4,0,1,2,A,-,10,21950,A,N,G,B,B,A,H,-,A,A,0,Y,,,,Y,,A,01,0,0,1,0,1,0,0,0,0,"- ","- ",,,"SAN BERNARDINO",VICTORVILLE,-117.30264282226562,34.528980255126953
6902801,2015,2015-05-19,3610,2015-03-30,1039,50571,,1,5,6,3610,0,0,0,,0,,"HIGHLAND AV","GOLDEN AV",30.00,W,N,A,-,N,,,,,,,,,,N,3,0,1,2,D,-,00,,,N,D,G,A,A,H,-,A,A,0,,Y,,,Y,,-,"- ",0,1,0,0,0,0,1,0,0,"- ","- ",,,"SAN BERNARDINO","SAN BERNARDINO",-117.26121883,34.135869999999997
6979816,2015,2016-12-10,9860,2015-05-01,0050,20051,,5,3,9,3600,0,1,1,,2,102,"RT 10","CEDAR AV",1584.00,W,N,A,-,Y,SBD,8,10,-,R,18.190,H,-,E,N,3,0,1,2,A,-,03,22350,,F,G,B,E,A,H,-,D,D,1,Y,,,,Y,,A,01,0,1,0,0,1,0,0,0,0,"- ","- ",34.066940000000002,-117.40394000000001,"SAN BERNARDINO",UNINCORPORATED,-117.4013676,34.067993549999997
6980774,2015,2015-07-11,3605,2015-05-29,1212,371,,5,5,4,3605,0,0,0,,0,,"CENTRAL AV","SAN BERNARDINO ST",0.00,,Y,A,-,N,,,,,,,,,,N,4,0,1,2,A,-,05,21650,1,N,D,G,A,A,H,-,A,A,0,,Y,,,Y,,L,04,0,0,1,0,0,0,1,0,0,"- ","- ",,,"SAN BERNARDINO",MONTCLAIR,-117.68961009,34.077670120000001
7166293,2015,2016-01-25,3600,2015-11-27,1128,B3690,RC043,5,5,6,3616,0,0,0,,0,RC1,"CARNELIAN ST","BANYAN ST",0.00,S,N,A,-,N,,,,,,,,,,N,3,0,1,2,A,-,09,21800,C,N,D,G,A,A,A,-,A,D,0,,Y,,,Y,,-,,0,1,0,0,0,0,1,0,0,"- ","- ",,,"SAN BERNARDINO","RANCHO CUCAMONGA",-117.61633006,34.143740029999996
8145812,2016,2017-02-09,3600,2016-01-19,1915,D6902,YV015,2,5,3,3631,0,0,0,,0,YV1,"RT 62","HERMOSA AV",0.00,,Y,A,-,Y,SBD,8,62,-,-,14.540,H,-,W,N,3,0,2,3,A,-,11,21954,A,N,G,B,D,A,H,-,C,D,0,Y,,,,Y,,N,60,0,2,0,0,2,0,0,0,0,"- ","- ",,,"SAN BERNARDINO","YUCCA VALLEY",-116.37960093,34.13494446
8151414,2016,2016-10-28,3602,2016-09-09,1832,3054,,5,5,5,3602,0,0,0,,0,002,"RIVERSIDE DR","MOUNTAIN AV",325.00,E,N,A,-,N,,,,,,,,,,N,3,0,1,2,A,-,05,21650,1,N,B,G,A,A,H,-,A,A,0,,Y,,,Y,,L,04,0,1,0,0,0,0,1,0,0,"- ","- ",,,"SAN BERNARDINO",CHINO,-117.66648044999999,34.019213329999999
6723327,2014,2015-01-06,3610,2014-10-08,1946,50481,,3,5,6,3610,0,0,0,,0,,"W HIGHLAND","N MEDICAL CENTER DR",0.00,,Y,A,-,N,,,,,,,,,,N,4,0,1,2,A,-,11,21453,D,N,B,B,B,A,H,-,C,A,0,Y,,,,Y,,N,60,0,0,1,0,1,0,0,0,0,"- ","- ",,,"SAN BERNARDINO","SAN BERNARDINO",-117.32257001000001,34.136110010000003
8039307,2016,2016-05-26,3607,2016-04-15,1637,15133,65,5,5,6,3607,0,0,0,,0,021,"4TH ST","CUCAMONGA AV",3.00,E,N,A,-,N,,,,,,,,,,N,4,0,1,2,A,-,10,21950,A,N,G,B,B,A,H,-,A,A,0,Y,,,,Y,,-,,0,0,1,0,1,0,0,0,0,"- ","- ",,,"SAN BERNARDINO",ONTARIO,-117.63197012000001,34.077959999999997
8302442,2017,2017-02-16,3610,2017-01-05,1735,50705,,4,5,6,3610,0,0,0,,0,CHARLI,"EAST HIGHLAND AV","NORTH WALL ST",0.00,,Y,B,-,N,,,,,,,,,,N,4,0,1,2,A,-,11,21954,A,N,G,B,D,B,H,-,C,D,0,Y,,,,Y,,N,60,0,0,1,0,1,0,0,0,0,"- ","- ",34.136279999999999,-117.2813,"SAN BERNARDINO","SAN BERNARDINO",-117.28133004,34.135940040000001
8447657,2017,2017-10-02,3604,2017-07-31,1700,1256,,1,5,6,3604,0,0,0,,0,,"VALLEY AV","ALDER AV",247.00,W,N,A,-,N,,,,,,,,,,N,4,0,1,2,A,-,09,21804,A,N,D,G,A,A,H,-,A,D,0,,Y,,,Y,,A,01,0,0,1,0,0,0,1,0,0,"- ","- ",,,"SAN BERNARDINO",FONTANA,-117.41905325,34.070429580000003
8834011,2019,2019-04-10,3600,2019-02-21,0250,F5122,HE132,4,5,5,3619,0,0,0,,0,HE1,"HESPERIA RD","LIVE OAK ST",0.00,,Y,A,-,N,,,,,,,,,,N,2,0,1,2,A,-,11,21954,A,N,G,B,E,A,H,-,C,D,0,Y,,,,Y,Y,N,60,1,0,0,0,1,0,0,0,0,"- ","- ",,,"SAN BERNARDINO",HESPERIA,-117.30045318603516,34.429149627685547
8932860,2019,2019-09-18,3604,2019-08-15,0030,1156,,4,5,6,3604,0,0,0,,0,,"TANGELO AV","MARYGOLD AV",405.00,N,N,A,-,N,,,,,,,,,,N,4,0,1,2,A,-,21,22106,,N,D,B,E,A,H,-,C,D,0,Y,,,,Y,Y,A,01,0,0,1,0,1,0,0,0,0,"- ","- ",,,"SAN BERNARDINO",FONTANA,-117.42208862304688,34.074008941650391
94450306,2024,2024-10-30,9855,2024-10-21,2154,023027,,1,2,9,3600,0,3,5,,2,001,"ARROW RTE. (14900 BLOCK)","LIVE OAK AVE.",300.00,E,N,A,-,N,,,,,,,,,,N,2,0,1,2,A,-,11,21954,A,N,G,B,E,A,H,-,D,D,0,Y,,,,Y,,N,60,1,0,0,0,1,0,0,0,0,"- ","- ",34.099311828613281,-117.47901916503906,"SAN BERNARDINO",UNINCORPORATED,-117.47907257080078,34.099288940429688
94489072,2024,2024-12-02,9870,2024-11-16,1847,022913,,6,2,9,3600,0,1,3,,1,011,"SR-62 (TWENTYNINE PALMS HWY.)","PARADISE AVENUE",107.00,W,N,A,-,Y,SBD,,62," "," ",1.077,H,,R,N,3,0,1,2,A,-,11,21954,A,N,G,B,E,A,H,-,C,D,0,Y,,,,Y,,N,60,0,1,0,0,1,0,0,0,0,"- ","- ",34.045421600341797,-116.58223724365234,"SAN BERNARDINO",UNINCORPORATED,-116.58222198486328,34.045402526855469
91446284,2021,2021-04-08,9860,2021-03-31,1945,019599,,3,2,9,3600,0,2,4,,1,410,"VALLEY BLVD.","ALDER AVE.",1450.00,E,N,A,-,N,,,,,,,,,,N,2,0,1,2,A,-,08,22107,,F,G,B,E,A,H,-,D,D,0,Y,,,,Y,,-,99,1,0,0,0,1,0,0,0,0,"- ","- ",34.070491790771484,-117.41812133789062,"SAN BERNARDINO",UNINCORPORATED,-117.41346740722656,34.070449829101562
91798533,2022,2022-06-20,9855,2022-06-06,1815,022021,,1,2,6,3607,0,1,1,,2,152,"I-15 S/B (ONTARIO FWY)","JURUPA AVE",23.00,S,N,A,-,Y,SBD,,15,,,0.984,H,,L,N,4,0,1,3,A,-,06,21750,A,F,G,B,E,A,H,-,A,D,0,Y,,,,Y,,-,99,0,0,1,0,1,0,0,0,0,"- ","- ",34.047679901123047,-117.55030059814453,"SAN BERNARDINO",ONTARIO,-117.55020141601562,34.04766845703125
91986308,2022,2023-06-02,9860,2022-05-13,2300,021229,,5,3,9,3600,0,3,5,,2,004,"SLOVER AVENUE","SPRUCE AVENUE",141.00,W,N,A,-,N,,,,,,,,,,Y,1,1,0,4,A,-,09,21801,A,N,D,C,E,A,H,-,C,D,0,Y,,,Y,Y,,D,22,0,0,0,1,0,0,0,0,0,"- ","- ",34.063201904296875,-117.38832092285156,"SAN BERNARDINO",UNINCORPORATED,-117.38818359375,34.063213348388672
92143187,2023,2023-08-14,9860,2023-07-26,1308,014963,,3,1,9,3600,0,3,5,,2,004,"LARCH AVE","BUCKSKIN DR.",0.00,,Y,A,-,N,,,,,,,,,,Y,3,0,2,4,A,-,08,22107,,N,B,C,E,A,H,-,A,D,0,Y,,,,Y,,A,01,0,2,0,0,1,0,0,0,0,"- ","- ",34.060009002685547,-117.39205932617188,"SAN BERNARDINO",UNINCORPORATED,-117.39207458496094,34.059959411621094
92172974,2023,2023-09-18,9860,2023-09-13,2335,020387,,3,3,6,3610,0,1,3,,2,259,"SR-259 NORTHBOUND TO HIGHLAND AVE.","HIGHLAND AVE.",8.00,S,N,A,-,Y,SBD,,259," ",R,0.489,H,,R,N,3,0,1,2,A,-,12,21453,A,F,H,G,A,A,H,-,D,A,0,,Y,,,Y,,-,99,0,1,0,0,0,0,1,0,0,"- ","- ",34.135879516601562,-117.30230712890625,"SAN BERNARDINO","SAN BERNARDINO",-117.30257415771484,34.135883331298828
92415195,2023,2024-08-14,9860,2023-10-14,1935,022931,,6,2,9,3600,0,2,4,,2,411,"JURUPA AVENUE","CEDAR AVENUE",92.00,W,N,A,-,N,,,,,,,,,,N,1,1,0,2,A,-,11,21954,A,N,G,B,D,A,H,-,C,D,0,Y,,,,Y,Y,N,60,0,0,0,1,0,0,0,0,0,"- ","- ",34.048561096191406,-117.39691162109375,"SAN BERNARDINO",UNINCORPORATED,-117.39678192138672,34.048530578613281
9751496,2023,2025-02-19,3603,2023-12-17,1910,4861,CPD,7,5,4,3603,0,0,0,,0,004,"E WASHINGTON ST","S SANTO ANTONIO DR",10.00,W,N,A,-,N,,,,,,,,,,Y,1,1,0,2,A,-,11,21950,B,N,G,G,A,A,H,-,C,A,0,,Y,,,Y,,L,04,0,0,0,0,0,1,0,0,0,"- ","- ",34.048328399658203,-117.31239318847656,"SAN BERNARDINO",COLTON,-117.31751251220703,34.04669189453125
82000790,2023,2023-02-23,3607,2023-02-08,1523,80310,950,3,5,6,3607,0,0,0,,0,031,"VINEYARD AV","EIGHTH ST",0.00,,Y,A,-,N,,,,,,,,,,N,3,0,1,2,A,-,10,21950,A,N,G,B,B,A,H,-,A,A,0,Y,,,,Y,,A,08,0,1,0,0,1,0,0,0,0,"- ","- ",,,"SAN BERNARDINO",ONTARIO,-117.61112976074219,34.092079162597656
84354760,2024,2024-08-15,3611,2024-04-23,1219,3025,,2,5,5,3611,0,0,0,,0,004,"3RD AVE","C ST",175.00,N,N,A,-,N,,,,,,,,,,N,2,0,1,2,A,-,09,21804,A,N,D,G,A,A,H,-,A,A,0,,Y,,,Y,,L,04,1,0,0,0,0,0,1,0,0,"- ","- ",34.0972900390625,-117.64730072021484,"SAN BERNARDINO",UPLAND,-117.64708709716797,34.097770690917969
84401369,2024,2024-09-20,3607,2024-03-22,"408 ",21319,,5,5,6,3607,0,0,0,,0,022,"HOLT BL","SULTANA AV",220.00,E,N,A,-,N,,,,,,,,,,Y,3,0,1,2,A,-,03,22350,,N,G,B,E,A,D,-,C,D,0,Y,,,,Y,,A,01,0,1,0,0,1,0,0,0,0,"- ","- ",,,"SAN BERNARDINO",ONTARIO,-117.64531707763672,34.063377380371094
90495029,2017,2018-03-15,9860,2017-04-26,0520,012530,,3,3,9,3600,0,3,5,,2,002,"MACY STREET","MESA STREET",42.00,S,N,A,-,N,,,,,,,,,,N,1,1,0,2,A,-,08,22107,,N,G,B,E,A,H,-,B,D,0,Y,,,,Y,,D,22,0,0,0,1,0,0,0,0,0,"- ","- ",34.13946,-117.33982,"SAN BERNARDINO",UNINCORPORATED,-117.33985,34.139564929999999
90766022,2018,2018-07-10,9835,2018-07-02,1201,016787,,1,1,9,3600,0,1,1,,2,045,"I-40 W/B","CRUCERO RD",10032.00,W,N,A,-,Y,,,40,,,,,,W,Y,3,0,1,2,A,-,07,21658,A,F,G,B,E,A,H,-,A,D,0,Y,,,,Y,,-,99,0,1,0,0,1,0,0,0,0,"- ","- ",34.724208831787109,-116.19513702392578,"SAN BERNARDINO",UNINCORPORATED,-116.19513702392578,34.724185943603516
9375846,2021,2022-01-07,3600,2021-08-06,0719,F6913,RC053,5,5,6,3616,0,0,0,,0,001,"SAPPHIRE ST","19TH ST",13.00,N,N,A,-,N,,,,,,,,,,N,4,0,1,2,A,-,11,21456,C,N,G,B,B,A,H,-,A,A,0,Y,,,,Y,,N,60,0,0,1,0,1,0,0,0,0,"- ","- ",,,"SAN BERNARDINO","RANCHO CUCAMONGA",-117.62522125244141,34.132606506347656
9458610,2022,2022-06-14,3608,2022-05-04,1541,2916,,3,5,5,3608,0,0,0,,0,,"REDLANDS BL","TEXAS ST",119.00,E,N,A,-,N,,,,,,,,,,N,3,0,1,2,A,-,05,21650,1,N,D,G,A,A,H,-,A,D,0,,Y,,,Y,Y,L,04,0,1,0,0,0,0,1,0,0,"- ","- ",,,"SAN BERNARDINO",REDLANDS,-117.19096374511719,34.057571411132812
9499500,2022,2023-01-03,3610,2022-09-15,2244,51403,,4,5,6,3610,0,0,0,,0,POLICE,"S AUTO CENTER RD","RT 215",177.00,E,N,A,-,Y,SBD,8,215,-,-,5.061,R,4,S,Y,3,0,3,4,A,-,03,22350,,N,G,B,E,A,H,-,C,D,0,Y,,,,Y,,A,01,0,1,2,0,2,0,0,0,0,"- ",SF,34.079551696777344,-117.29422760009766,"SAN BERNARDINO","SAN BERNARDINO",-117.29680633544922,34.078502655029297
9560157,2023,2023-03-21,3600,2023-02-11,1842,G9502,RC201,6,5,6,3616,0,0,0,,0,RC06,"NORTH MAIN ST","VICTORIA PARK LN",0.00,,Y,A,-,N,,,,,,,,,,N,3,0,1,2,A,-,11,21453,D,N,A,B,B,A,H,-,C,A,0,Y,,,,Y,,N,60,0,1,0,0,1,0,0,0,0,"- ","- ",,,"SAN BERNARDINO","RANCHO CUCAMONGA",,