CASE_ID,ACCIDENT_YEAR,PROC_DATE,JURIS,COLLISION_DATE,COLLISION_TIME,OFFICER_ID,REPORTING_DISTRICT,DAY_OF_WEEK,CHP_SHIFT,POPULATION,CNTY_CITY_LOC,SPECIAL_COND,BEAT_TYPE,CHP_BEAT_TYPE,CITY_DIVISION_LAPD,CHP_BEAT_CLASS,BEAT_NUMBER,PRIMARY_RD,SECONDARY_RD,DISTANCE,DIRECTION,INTERSECTION,WEATHER_1,WEATHER_2,STATE_HWY_IND,CALTRANS_COUNTY,CALTRANS_DISTRICT,STATE_ROUTE,ROUTE_SUFFIX,POSTMILE_PREFIX,POSTMILE,LOCATION_TYPE,RAMP_INTERSECTION,SIDE_OF_HWY,TOW_AWAY,COLLISION_SEVERITY,NUMBER_KILLED,NUMBER_INJURED,PARTY_COUNT,PRIMARY_COLL_FACTOR,PCF_CODE_OF_VIOL,PCF_VIOL_CATEGORY,PCF_VIOLATION,PCF_VIOL_SUBSECTION,HIT_AND_RUN,TYPE_OF_COLLISION,MVIW,PED_ACTION,ROAD_SURFACE,ROAD_COND_1,ROAD_COND_2,LIGHTING,CONTROL_DEVICE,CHP_ROAD_TYPE,PEDESTRIAN_ACCIDENT,BICYCLE_ACCIDENT,MOTORCYCLE_ACCIDENT,TRUCK_ACCIDENT,NOT_PRIVATE_PROPERTY,ALCOHOL_INVOLVED,STWD_VEHTYPE_AT_FAULT,CHP_VEHTYPE_AT_FAULT,COUNT_SEVERE_INJ,COUNT_VISIBLE_INJ,COUNT_COMPLAINT_PAIN,COUNT_PED_KILLED,COUNT_PED_INJURED,COUNT_BICYCLIST_KILLED,COUNT_BICYCLIST_INJURED,COUNT_MC_KILLED,COUNT_MC_INJURED,PRIMARY_RAMP,SECONDARY_RAMP,LATITUDE,LONGITUDE,COUNTY,CITY,POINT_X,POINT_Y
9644284,2023,2023-12-08,3600,2023-10-19,"806 ",F6913,RC013,4,5,6,3616,0,0,0,,0,003,"ROCHESTER AV","VICTORIA PARK LN",0.00,,Y,A,-,N,,,,,,,,,,N,3,0,1,2,A,-,11,21456,A,N,D,G,A,A,H,-,A,A,0,,Y,,,Y,,L,04,0,1,0,0,0,0,1,0,0,"- ","- ",,,"SAN BERNARDINO","RANCHO CUCAMONGA",-117.54541778564453,34.128604888916016
9671739,2024,2024-05-03,3600,2024-02-13,2104,I6876,HE102,2,5,5,3619,0,0,0,,0,HE1,"OAKWOOD AV","SEQUOIA ST",438.00,S,N,A,-,N,,,,,,,,,,N,3,0,1,2,A,-,11,21954,A,N,G,B,E,A,H,-,D,D,0,Y,,,,Y,,N,60,0,1,0,0,1,0,0,0,0,"- ","- ",,,"SAN BERNARDINO",HESPERIA,-117.34288024902344,34.46746826171875
8993396,2019,2019-12-11,3609,2019-10-10,0100,3198,RI138,4,5,5,3609,0,0,0,,0,004,"RIVERSIDE AV","1ST ST",304.00,S,N,A,-,N,,,,,,,,,,Y,2,0,2,3,A,-,11,21950,B,N,G,B,C,A,H,-,C,D,0,Y,,,,Y,,N,60,2,0,0,0,2,0,0,0,0,"- ","- ",34.099609375,-117.37050628662109,"SAN BERNARDINO",RIALTO,-117.37046813964844,34.100570678710938
9089938,2020,2020-07-24,3600,2020-03-24,1452,G6918,VC021,2,5,5,3612,0,0,0,,0,VC3,"SPRING VALLEY PKWY","HUERTA RD",363.00,S,N,A,-,N,,,,,,,,,,N,3,0,1,2,A,-,09,21804,A,N,D,G,A,A,H,-,A,D,0,,Y,,,Y,,L,04,0,1,0,0,0,0,1,0,0,"- ","- ",,,"SAN BERNARDINO",VICTORVILLE,-117.2677001953125,34.475353240966797
9148543,2020,2020-10-22,3604,2020-08-20,0903,473,,4,5,6,3604,0,0,0,,0,,"CYPRESS AV","HAWTHORNE AV",274.00,,N,A,-,N,,,,,,,,,,Y,2,0,1,2,A,-,11,21954,A,N,G,B,D,A,H,-,A,A,0,Y,,,,Y,,N,60,1,0,0,0,1,0,0,0,0,"- ","- ",,,"SAN BERNARDINO",FONTANA,-117.44441223144531,34.081798553466797
9189782,2020,2021-01-06,3610,2020-10-10,2150,51195,,6,5,6,3610,0,0,0,,0,DAVID,"NORTH WATERMAN AV","E 3RD ST",229.00,S,N,A,-,N,,,,,,,,,,N,3,0,1,2,A,-,11,21955,,N,A,B,D,A,H,-,C,A,0,Y,,,,Y,,N,60,0,1,0,0,1,0,0,0,0,"- ","- ",34.104591369628906,-117.27876281738281,"SAN BERNARDINO","SAN BERNARDINO",-117.27876281738281,34.103961944580078
9189897,2020,2020-12-19,3602,2020-10-25,1900,4084,,7,5,5,3602,0,0,0,,0,003,"PURDUE ST","AVIGNON DR",0.00,,Y,B,-,N,,,,,,,,,,N,3,0,1,2,D,-,00,,,F,G,B,B,A,H,-,C,D,0,Y,,,,Y,,-,"- ",0,1,0,0,1,0,0,0,0,"- ","- ",33.990859985351562,-117.65287017822266,"SAN BERNARDINO",CHINO,-117.652843,33.990977999999998
9348618,2020,2022-06-20,3603,2020-11-18,2132,4726,CPD,3,5,4,3603,0,0,0,,0,003,"LA CADENA DR","L ST",0.00,,Y,A,-,N,,,,,,,,,,Y,4,0,1,2,A,-,07,21658,A,N,B,-,A,A,H,-,C,D,0,,Y,,,Y,,A,01,0,0,1,0,0,0,1,0,0,"- ","- ",,,"SAN BERNARDINO",COLTON,-117.32510375976562,34.063209533691406
6726966,2014,2015-01-20,3600,2014-11-18,1509,D3311,RC061,2,5,6,3616,0,0,0,,0,RC05,"ROCHESTER AV","LARK DR",597.00,S,N,A,-,N,,,,,,,,,,N,3,0,1,2,A,-,03,22350,,N,C,G,A,A,H,-,A,A,0,,Y,,,Y,,L,04,0,1,0,0,0,0,1,0,0,"- ","- ",,,"SAN BERNARDINO","RANCHO CUCAMONGA",-117.54540154999999,34.130814039999997
6926243,2015,2015-05-27,9855,2015-01-09,1728,016051,,5,2,9,3600,0,3,5,,2,004,"GRAND AV","ROSWELL AV",115.00,W,N,A,-,N,,,,,,,,,,N,3,0,1,2,A,-,11,21954,A,N,G,B,D,A,H,-,D,D,0,Y,,,,Y,,N,60,0,1,0,0,1,0,0,0,0,"- ","- ",34.048609999999996,-117.72118,"SAN BERNARDINO",UNINCORPORATED,-117.72210714000001,34.000476489999997
7055207,2015,2015-11-03,3603,2015-08-24,1553,CI4104,COLTO,1,5,4,3603,0,0,0,,0,001,"RANCHO AV","C ST",0.00,,Y,A,-,N,,,,,,,,,,N,4,0,1,2,A,-,10,21950,A,N,G,B,B,A,H,-,A,D,0,Y,,,,Y,,A,01,0,0,1,0,1,0,0,0,0,"- ","- ",,,"SAN BERNARDINO",COLTON,-117.33523001,34.073960030000002
7138581,2015,2015-12-23,3610,2015-11-16,0758,50789,,1,5,6,3610,0,0,0,,0,POLICE,"W MILL ST","MERIDIAN AV",15.00,E,N,A,-,N,,,,,,,,,,N,4,0,1,2,A,-,10,21950,A,N,G,B,B,A,H,-,A,A,0,Y,,,,Y,,A,01,0,0,1,0,1,0,0,0,0,"- ","- ",34.092280000000002,-117.34844,"SAN BERNARDINO","SAN BERNARDINO",-117.34846062,34.09230101
7139045,2015,2016-01-13,3600,2015-12-02,1438,D2004,YV05,3,5,3,3631,0,0,0,,0,023,"NAVAJO TRL","KICKAPOO TRL",240.00,E,N,A,-,N,,,,,,,,,,Y,4,0,1,3,C,-,18,,,N,C,E,-,A,H,-,A,A,0,Y,,,,Y,,-,"- ",0,0,1,0,1,0,0,0,0,"- ","- ",,,"SAN BERNARDINO","YUCCA VALLEY",-116.45703039,34.110210000000002
8059913,2016,2016-06-17,3602,2016-03-26,1901,3527,,6,5,5,3602,0,0,0,,0,003,"RAMONA AV","EUCALYPTUS AV",1832.00,S,N,A,-,N,,,,,,,,,,N,4,0,1,3,B,-,22,,,N,G,B,E,A,H,-,A,D,0,Y,,,,Y,,A,01,0,0,1,0,1,0,0,0,0,"- ","- ",,,"SAN BERNARDINO",CHINO,-117.70643592,33.984889080000002
91718566,2022,2022-03-09,9850,2022-02-23,1145,017730,,3,1,9,3600,0,3,5,,2,006,"FINCH ROAD","ACORN ROAD",200.00,W,N,B,-,N,,,,,,,,,,N,4,0,1,2,D,-,00,,,N,G,B,E,C,H,-,A,A,0,Y,,,,Y,,-,"- ",0,0,1,0,1,0,0,0,0,"- ","- ",34.354480743408203,-117.64106750488281,"SAN BERNARDINO",UNINCORPORATED,-117.64167022705078,34.354541778564453
91733993,2022,2022-03-25,9835,2022-03-12,2000,021824,,6,2,9,3600,0,1,1,,2,077,"I-15 SB","NIPTON ROAD",2851.00,S,N,A,-,Y,SBD,,15,,,175.831,H,,L,Y,3,0,3,3,A,-,03,22350,,N,A,E,E,A,H,-,D,D,0,Y,,,,Y,,A,01,0,1,2,0,1,0,0,0,0,"- ","- ",35.467208862304688,-115.45675659179688,"SAN BERNARDINO",UNINCORPORATED,-115.45680999755859,35.467269897460938
91898659,2022,2022-10-25,9850,2022-10-14,1935,022734,,5,2,9,3600,0,1,3,,2,040,"TRADE POST RD",SR-18,6864.00,S,N,A,-,N,,,,,,,,,,N,3,0,1,2,A,-,11,21954,A,N,G,B,E,A,H,-,D,D,0,Y,,,,Y,,N,60,0,1,0,0,1,0,0,0,0,"- ","- ",34.441829681396484,-116.96324920654297,"SAN BERNARDINO",UNINCORPORATED,-116.96337127685547,34.425029754638672
92258144,2023,2023-12-11,9860,2023-11-21,2138,022723,,2,2,9,3600,0,2,4,,2,411,"CEDAR AVE","SAN BERNARDINO AVE",248.00,S,N,A,-,N,,,,,,,,,,N,3,0,1,2,A,-,11,21954,A,N,G,B,C,A,H,-,D,D,0,Y,,,,Y,,N,60,0,1,0,0,1,0,0,0,0,"- ","- ",34.076938629150391,-117.39652252197266,"SAN BERNARDINO",UNINCORPORATED,-117.39647674560547,34.076999664306641
92301688,2024,2024-01-31,9865,2024-01-22,"745 ",016913,,1,1,9,3600,0,1,3,,1,022,"SR18 S/B","LAKEVIEW POINT",528.00,S,N,D,-,Y,SBD,,18," "," ",38.915,H,,L,N,3,0,1,3,A,-,08,22107,,N,B,C,E,C,H,-,A,D,0,Y,,,,Y,,A,07,0,1,0,0,1,0,0,0,0,"- ","- ",34.231590270996094,-117.02691650390625,"SAN BERNARDINO",UNINCORPORATED,-117.02676391601562,34.231624603271484
92392465,2024,2024-05-17,9860,2024-05-12,"120 ",022931,,7,3,5,3608,0,1,1,,2,104,"I-10 E/B TO CALIFORNIA STREET","CALIFORNIA ST",2218.00,W,N,A,-,Y,SBD,,10," "," ",27.876,H,,R,Y,4,0,1,3,A,-,03,22350,,N,B,4,E,A,H,-,C,D,0,Y,,,,Y,,D,22,0,0,1,0,1,0,0,0,0,"- ","- ",34.066429138183594,-117.23370361328125,"SAN BERNARDINO",REDLANDS,-117.23370361328125,34.066505432128906
81805547,2022,2022-06-29,3607,2022-06-12,2235,20851,49,7,5,6,3607,0,0,0,,0,032,"GROVE AV","PRINCETON ST",0.00,,Y,A,-,N,,,,,,,,,,N,3,0,1,2,A,-,11,21954,A,N,G,B,D,A,H,-,C,A,0,Y,,,,Y,,N,60,0,1,0,0,1,0,0,0,0,"- ","- ",,,"SAN BERNARDINO",ONTARIO,-117.62857055664062,34.079769134521484
82067293,2023,2023-05-12,3609,2023-04-09,1205,02306,96,7,5,5,3609,0,0,0,,0,001,"BASELINE RD","CACTUS AVE",0.00,,Y,A,-,N,,,,,,,,,,N,4,0,1,2,A,-,10,21950,A,N,G,B,B,A,H,-,A,A,0,Y,,,,Y,,A,01,0,0,1,0,1,0,0,0,0,"- ","- ",,,"SAN BERNARDINO",RIALTO,-117.38353729248047,34.121349334716797
84451587,2024,2024-10-30,3607,2024-09-24,"912 ",21322,,2,5,6,3607,0,0,0,,0,052,"EUCLID AV","MERION ST",0.00,,Y,A,-,N,,,,,,,,,,Y,3,0,1,2,A,-,10,21950,A,N,G,B,B,A,H,-,A,A,0,Y,,,,Y,,A,01,0,1,0,0,1,0,0,0,0,"- ","- ",,,"SAN BERNARDINO",ONTARIO,-117.65064239501953,34.021736145019531
90290212,2016,2016-10-12,9855,2016-10-04,0530,014366,,2,3,9,3600,0,3,5,,2,004,"RAMONA AVE.","FRANCIS AVE",1056.00,S,N,A,-,N,,,,,,,,,,N,3,0,1,2,A,-,11,21954,A,N,G,B,E,A,D,E,D,D,0,Y,,,,Y,,N,60,0,1,0,0,1,0,0,0,0,"- ","- ",,,"SAN BERNARDINO",UNINCORPORATED,-117.70691868,34.037825830000003
90460201,2017,2017-05-22,9860,2017-05-14,2250,020626,,7,3,9,3600,0,2,4,,2,411,"CEDAR AVE.","OTILLA ST",40.00,N,N,A,-,N,,,,,,,,,,N,3,0,1,2,A,-,08,22107,,F,H,G,A,A,H,-,C,D,0,,Y,,,Y,,D,22,0,1,0,0,0,0,1,0,0,"- ","- ",34.060560000000002,-117.39652,"SAN BERNARDINO",UNINCORPORATED,-117.39643192,34.060499579999998
91267866,2020,2020-07-13,9865,2020-07-12,1932,021502,,7,2,9,3600,0,2,4,,2,013,"LAKE DRIVE","CEDAR LN",154.00,N,N,A,-,Y,,,,,,,,,,Y,2,0,1,2,A,-,01,23152,A,N,B,B,E,A,H,-,A,D,0,Y,,,,Y,Y,A,01,1,0,0,0,1,0,0,0,0,"- ","- ",34.240089416503906,-117.29022216796875,"SAN BERNARDINO",UNINCORPORATED,-117.29031372070312,34.240024566650391
9256542,2021,2023-07-18,3600,2021-05-24,2301,F8945,VC017,1,5,5,3612,0,0,0,,0,VC2,"7TH ST","EDISON POLE #4414744E",83.00,N,N,A,-,N,,,,,,,,,,N,1,1,0,2,A,-,11,21954,A,N,G,B,E,A,H,-,C,D,0,Y,,,,Y,Y,N,60,0,0,0,1,0,0,0,0,0,"- ","- ",,,"SAN BERNARDINO",VICTORVILLE,,
9267970,2021,2021-05-26,3610,2021-03-20,2203,51036,,6,5,6,3610,0,0,0,,0,POLICE,"E PUMALO ST","N DEL ROSA AV",0.00,,Y,A,-,N,,,,,,,,,,N,3,0,1,2,A,-,11,21950,B,N,G,B,B,A,H,-,C,A,0,Y,,,,Y,,N,60,0,1,0,0,1,0,0,0,0,"- ","- ",34.138580322265625,-117.25238800048828,"SAN BERNARDINO","SAN BERNARDINO",-117.25241088867188,34.138557434082031
9513984,2022,2022-11-28,3600,2022-09-08,2249,G7900,HI010,4,5,4,3618,0,0,0,,0,HI2,"HIGHLAND AV","VICTORIA AVE",0.00,,N,A,-,N,,,,,,,,,,N,3,0,1,2,A,-,10,21950,,N,G,B,D,A,H,-,C,C,0,Y,,,,Y,,-,"- ",0,1,0,0,0,0,0,0,0,"- ","- ",34.135810852050781,-117.22506713867188,"SAN BERNARDINO",HIGHLAND,-117.22620391845703,34.135829925537109
9550499,2022,2023-03-14,3602,2022-10-05,1211,4322,,3,5,5,3602,0,0,0,,0,001,"SIERRA BONITA LN","LAS FLORES DR",50.00,S,N,A,-,N,,,,,,,,,,N,3,0,1,2,A,-,09,21804,A,N,D,G,A,A,H,-,A,A,0,,Y,,,Y,,A,01,0,1,0,0,0,0,1,0,0,"- ","- ",33.981269836425781,-117.68985748291016,"SAN BERNARDINO",CHINO,-117.68990325927734,33.981903076171875
9558655,2023,2023-03-20,3604,2023-03-01,1934,680,,3,5,6,3604,0,0,0,,0,,"VALLEY BL","VINEYARD VALLEY",301.00,E,N,A,-,N,,,,,,,,,,N,3,0,1,2,A,-,09,21804,A,N,D,G,A,A,H,-,C,D,0,,Y,,,Y,,A,07,0,1,0,0,0,0,1,0,0,"- ","- ",,,"SAN BERNARDINO",FONTANA,-117.43197631835938,34.070388793945312
9782070,2024,2025-02-21,3610,2024-12-10,1732,51521,,2,5,6,3610,0,0,0,,0,CHARLI,"EAST HIGHLAND AV","N DEL ROSA AV N",0.00,,Y,A,-,N,,,,,,,,,,N,3,0,1,2,A,-,05,21650,1,N,D,G,A,A,H,-,C,A,0,,Y,,,Y,,L,04,0,1,0,0,0,0,1,0,0,"- ","- ",34.135860443115234,-117.25238037109375,"SAN BERNARDINO","SAN BERNARDINO",-117.25240325927734,34.135856628417969
8648412,2017,2018-12-06,3600,2017-03-08,1732,B9547,AD315,3,5,3,3613,0,0,0,,0,AD2,"ASTER RD","CELESTA ST",256.00,N,N,A,-,N,,,,,,,,,,Y,1,1,0,2,A,-,08,22107,,N,G,B,F,A,H,-,A,D,0,Y,,,,Y,,A,01,0,0,0,1,0,0,0,0,0,"- ","- ",,,"SAN BERNARDINO",ADELANTO,-117.43479341,34.511866339999997
8697715,2018,2018-10-15,3610,2018-09-08,1218,50789,,6,5,6,3610,0,0,0,,0,POLICE,"W 2ND ST","K ST",0.00,,N,A,-,N,,,,,,,,,,N,2,0,1,2,D,-,00,,,N,G,B,F,A,H,-,A,D,0,Y,,,,Y,,-,"- ",1,0,0,0,1,0,0,0,0,"- ","- ",34.102760314941406,-117.30785369873047,"SAN BERNARDINO","SAN BERNARDINO",-117.30787658691406,34.102718353271484
8808057,2019,2021-05-25,3601,2019-01-15,0605,P82,BARST,2,5,3,3601,0,0,0,,0,PATROL,"W MAIN ST","W MAIN ST 1200 BLK",0.00,,N,A,B,N,,,,,,,,,,Y,1,1,0,2,A,-,11,21954,A,N,G,B,D,B,H,-,C,D,0,Y,,,,Y,,N,60,0,0,0,1,0,0,0,0,0,"- ","- ",,,"SAN BERNARDINO",BARSTOW,-117.041192,34.895685999999998
8956898,2019,2019-10-16,3600,2019-08-05,0645,H6868,VC001,1,5,5,3612,0,0,0,,0,001,"MOJAVE DR","6TH ST",0.00,,Y,A,-,N,,,,,,,,,,N,4,0,1,2,A,-,10,21950,A,N,A,B,B,A,H,-,A,D,0,Y,,,,Y,,A,01,0,0,1,0,1,0,0,0,0,"- ","- ",,,"SAN BERNARDINO",VICTORVILLE,-117.30264282226562,34.528980255126953
8985030,2019,2020-01-09,3607,2019-08-20,2045,80548,21,2,5,6,3607,0,0,0,,0,062,"4TH ST","SULTANA AV",0.00,,Y,A,-,N,,,,,,,,,,N,4,0,1,2,A,-,10,21950,A,M,G,B,B,A,H,-,B,D,0,Y,,,,Y,Y,A,01,0,0,1,0,1,0,0,0,0,"- ","- ",,,"SAN BERNARDINO",ONTARIO,-117.64611053466797,34.07794189453125
8992857,2019,2019-12-03,3600,2019-09-16,1955,G7659,VC059,1,5,5,3612,0,0,0,,0,VC4,"BEAR VALLEY RD","AMETHYST RD",10.00,W,N,A,-,N,,,,,,,,,,N,3,0,1,2,A,-,11,21456,C,N,G,B,B,A,H,-,C,A,0,Y,,,,Y,,N,60,0,1,0,0,1,0,0,0,0,"- ","- ",,,"SAN BERNARDINO",VICTORVILLE,-117.36434936523438,34.470409393310547
8341152,2017,2017-04-13,3600,2017-03-21,2152,A9939,RC029,2,5,6,3616,0,0,0,,0,,"HERMOSA AV","CHURCH ST",0.00,,Y,A,-,N,,,,,,,,,,N,4,0,1,2,D,-,00,,,F,G,B,B,A,H,-,C,A,0,Y,,,,Y,,-,"- ",0,0,1,0,1,0,0,0,0,"- ","- ",,,"SAN BERNARDINO","RANCHO CUCAMONGA",-117.58470004,34.114050030000001
8385149,2017,2017-07-13,3604,2017-05-24,0330,473,,3,5,6,3604,0,0,0,,0,,"MERRILL AV","SEWELL AV",0.00,,Y,A,-,N,,,,,,,,,,N,4,0,1,2,A,-,12,22450,A,F,D,G,A,A,H,-,C,A,0,,Y,,,Y,,D,22,0,0,1,0,0,0,1,0,0,"- ","- ",,,"SAN BERNARDINO",FONTANA,-117.44126000999999,34.092120090000002
8487858,2017,2017-11-16,3611,2017-09-28,1452,2488,3611,4,5,5,3611,0,0,0,,0,002,"9TH ST","MOUNTAIN AV",1.00,W,N,A,-,N,,,,,,,,,,N,3,0,1,2,A,-,17,21451,A,N,D,G,A,A,H,-,A,A,0,,Y,,,Y,,-,,0,1,0,0,0,0,1,0,0,"- ","- ",,,"SAN BERNARDINO",UPLAND,-117.67025329000001,34.096009989999999
8503411,2017,2018-06-15,3600,2017-11-05,2154,F9856,BL202,7,5,2,3680,0,0,0,,0,BL2,"BIG BEAR BL","JEFFRIES RD",76.00,W,N,A,-,Y,SBD,8,18,-,-,49.660,H,-,N,N,2,0,1,2,A,-,11,21954,A,N,G,B,D,A,H,-,C,A,0,Y,,,,Y,Y,N,60,1,0,0,0,1,0,0,0,0,"- ","- ",,,"SAN BERNARDINO","BIG BEAR LAKE",-116.90183842,34.243557959999997
8534998,2017,2018-01-22,3602,2017-11-19,1529,3813,70,7,5,5,3602,0,0,0,,0,004,RIVERSIDE,"OAKS AV",279.00,E,N,A,-,N,,,,,,,,,,N,4,0,1,2,A,-,11,21954,A,N,G,B,D,A,H,-,A,D,0,Y,,,,Y,,N,60,0,0,1,0,1,0,0,0,0,"- ","- ",,,"SAN BERNARDINO",CHINO,-117.6753217,34.01916731
8613633,2018,2018-04-24,3610,2018-03-26,1105,50569,,1,5,6,3610,0,0,0,,0,,"S TIPPECANOE AV","E CENTRAL AV",0.00,,Y,A,-,N,,,,,,,,,,N,4,0,1,2,A,-,06,21750,,N,B,G,A,A,H,-,A,A,0,,Y,,,Y,,L,04,0,0,1,0,0,0,1,0,0,"- ","- ",,,"SAN BERNARDINO","SAN BERNARDINO",-117.25975799560547,34.085910797119141
8063279,2017,2017-04-11,3600,2017-02-01,1922,F8538,AD207,3,5,3,3613,0,0,0,,0,AD1,"BELLFLOWER ST","SAGE RD",48.00,S,N,A,-,N,,,,,,,,,,N,4,0,1,2,A,-,03,22350,,F,G,B,E,A,H,-,C,D,0,Y,,,,Y,Y,-,,0,0,1,0,1,0,0,0,0,"- ","- ",,,"SAN BERNARDINO",ADELANTO,-117.41847704,34.581718510000002
8166782,2016,2017-03-16,3600,2016-03-16,0628,B5753,AP018,3,5,5,3621,0,0,0,,0,AP4,"BEAR VALLEY RD","NAVAJO RD",7.00,E,N,A,-,N,,,,,,,,,,N,1,1,0,2,A,-,11,21950,B,N,G,B,B,A,H,-,B,A,0,Y,,,,Y,,N,60,0,0,0,1,0,0,0,0,0,"- ","- ",,,"SAN BERNARDINO","APPLE VALLEY",-117.19014685,34.471499999999999
8193630,2016,2016-12-28,3604,2016-12-14,1749,678,,3,5,6,3604,0,0,0,,0,,"POPLAR AV","DILL LN",52.00,S,N,A,-,N,,,,,,,,,,Y,2,0,1,2,A,-,11,21956,A,N,G,B,E,A,H,-,D,D,0,Y,,,,Y,,N,60,1,0,0,0,1,0,0,0,0,"- ","- ",,,"SAN BERNARDINO",FONTANA,-117.46241301000001,34.084103929999998
8287532,2016,2017-01-31,3600,2016-11-11,1709,C7146,H010,5,5,4,3618,0,0,0,,0,H12,"HIGHLAND AV","VICTORIA AV",0.00,,Y,A,-,N,,,,,,,,,,N,4,0,1,2,A,-,10,21950,A,N,G,B,B,A,H,-,A,A,0,Y,,,,Y,,A,07,0,0,1,0,1,0,0,0,0,"- ","- ",,,"SAN BERNARDINO",HIGHLAND,-117.22620007,34.135830040000002
8302462,2017,2017-02-16,3610,2017-01-21,1520,,,6,5,6,3610,0,0,0,,0,CHARLI,"EAST PARKDALE ST","NORTH PARKSIDE DR",0.00,,Y,B,-,N,,,,,,,,,,N,4,0,1,2,B,-,22,,,N,D,G,A,A,H,-,A,D,0,,Y,,Y,Y,,L,04,0,0,1,0,0,0,1,0,0,"- ","- ",34.158720000000002,-117.27673,"SAN BERNARDINO","SAN BERNARDINO",-117.27672004999999,34.158740020000003
8313331,2017,2017-02-28,3608,2017-01-31,1450,4358,,2,5,5,3608,0,0,0,,0,,"HIGHLAND AV","CENTER ST",0.00,,Y,A,-,N,,,,,,,,,,N,3,0,1,2,A,-,09,21800,,N,D,G,A,A,H,-,A,A,0,,Y,,,Y,,A,01,0,1,0,0,0,0,1,0,0,"- ","- ",,,"SAN BERNARDINO",REDLANDS,-117.17894,34.037330109999999
6723339,2014,2015-01-06,3610,2014-10-29,1419,50789,,3,5,6,3610,0,0,0,,0,,"EAST HIGHLAND AV","N GOLDEN AV",6.00,E,N,A,-,N,,,,,,,,,,N,4,0,1,2,A,-,10,21950,A,F,G,B,B,A,H,-,A,A,0,Y,,,,Y,,A,01,0,0,1,0,1,0,0,0,0,"- ","- ",,,"SAN BERNARDINO","SAN BERNARDINO",-117.26110023,34.135869999999997
7078998,2015,2017-01-18,3607,2015-08-27,1518,80317,7,4,5,6,3607,0,0,0,,0,011,"MOUNTAIN AV","RT 10",0.00,,Y,A,-,Y,SBD,8,10,-,-,2.227,R,1,E,N,3,0,1,2,A,-,05,21650,1,N,E,G,A,A,H,-,A,A,0,,Y,,,Y,,L,04,0,1,0,0,0,0,1,0,0,"- ",EF,,,"SAN BERNARDINO",ONTARIO,-117.67290718,34.087171910000002
7095033,2015,2015-10-13,3607,2015-09-04,2047,80349,123,5,5,6,3607,0,0,0,,0,012,"HOLT BL","SAN ANTONIO AV",0.00,,Y,A,-,N,,,,,,,,,,N,4,0,1,2,A,-,05,21650,1,F,D,G,A,A,H,-,C,A,0,,Y,,,Y,Y,L,04,0,0,1,0,0,0,1,0,0,"- ","- ",,,"SAN BERNARDINO",ONTARIO,-117.66060004000001,34.06333008
8021212,2016,2016-04-19,3610,2016-03-15,1030,50866,,2,5,6,3610,0,0,0,,0,CHARLI,"EAST BASELINE ST","NORTH WALL ST",0.00,,Y,A,-,N,,,,,,,,,,N,4,0,1,2,A,-,08,22107,,F,G,B,B,-,H,-,A,A,0,Y,,,,Y,Y,A,01,0,0,1,0,1,0,0,0,0,"- ","- ",34.131250000000001,-117.32250000000001,"SAN BERNARDINO","SAN BERNARDINO",-117.28136007000001,34.12133008
8054636,2016,2016-07-12,3610,2016-05-18,2018,50360,,3,5,6,3610,0,0,0,,0,POLICE,"N MOUNTAIN VIEW AV","40TH ST",6.00,N,N,A,-,N,,,,,,,,,,N,3,0,1,2,D,-,00,,,N,G,B,B,A,H,-,-,A,0,Y,,,,Y,,-,"- ",0,1,0,0,1,0,0,0,0,"- ","- ",34.165280000000003,-117.28729,"SAN BERNARDINO","SAN BERNARDINO",-117.28729044000001,34.164926430000001
8171024,2016,2016-11-22,3609,2016-11-09,1850,9222,112,3,5,5,3609,0,0,0,,0,002,"RIVERSIDE AV","STREET LIGHT 1931460E",1.00,S,N,A,-,N,,,,,,,,,,N,3,0,1,2,A,-,11,21954,A,N,G,B,E,A,H,-,C,D,0,Y,,,,Y,,N,60,0,1,0,0,1,0,0,0,0,"- ","- ",,,"SAN BERNARDINO",RIALTO,,
90910481,2019,2019-02-13,9860,2019-01-15,2304,019674,,2,3,4,3603,0,1,1,,2,103,"INTERSTATE 10 WESTBOUND","HUNTS LANE",335.00,W,N,B,C,Y,,,10,,,,,,W,Y,3,0,1,5,A,-,03,22350,,F,C,C,E,B,H,-,D,D,0,Y,,,Y,Y,Y,A,01,0,1,0,0,1,0,0,0,0,"- ","- ",34.063758850097656,-117.28877258300781,"SAN BERNARDINO",COLTON,-117.28876495361328,34.063674926757812
91179611,2019,2020-02-04,9860,2019-12-05,0530,015495,,4,3,6,3610,0,1,1,,2,202,"STATE ROUTE 210 WESTBOUND","VALENCIA AVENUE",426.00,E,N,B,-,Y,,,210,,,,,,W,Y,1,1,0,2,A,-,11,21954,A,N,G,B,E,A,H,-,D,D,0,Y,,,,Y,,N,60,0,0,0,1,0,0,0,0,0,"- ","- ",34.144981384277344,-117.27107238769531,"SAN BERNARDINO","SAN BERNARDINO",-117.27107238769531,34.144920349121094
91350733,2020,2020-11-20,9855,2020-07-01,0435,020367,,3,3,6,3607,0,1,1,,2,152,"I-15 N/B (ONTARIO FWY)","JURUPA ST.",2083.00,S,N,B,-,Y,,,15,,,,,,N,Y,1,1,0,2,A,-,11,21954,A,N,G,B,E,A,H,-,C,D,0,Y,,,,Y,,N,60,0,0,0,1,0,0,0,0,0,"- ","- ",34.042301177978516,-117.55020141601562,"SAN BERNARDINO",ONTARIO,-117.55002593994141,34.042301177978516