CASE_ID,ACCIDENT_YEAR,PROC_DATE,JURIS,COLLISION_DATE,COLLISION_TIME,OFFICER_ID,REPORTING_DISTRICT,DAY_OF_WEEK,CHP_SHIFT,POPULATION,CNTY_CITY_LOC,SPECIAL_COND,BEAT_TYPE,CHP_BEAT_TYPE,CITY_DIVISION_LAPD,CHP_BEAT_CLASS,BEAT_NUMBER,PRIMARY_RD,SECONDARY_RD,DISTANCE,DIRECTION,INTERSECTION,WEATHER_1,WEATHER_2,STATE_HWY_IND,CALTRANS_COUNTY,CALTRANS_DISTRICT,STATE_ROUTE,ROUTE_SUFFIX,POSTMILE_PREFIX,POSTMILE,LOCATION_TYPE,RAMP_INTERSECTION,SIDE_OF_HWY,TOW_AWAY,COLLISION_SEVERITY,NUMBER_KILLED,NUMBER_INJURED,PARTY_COUNT,PRIMARY_COLL_FACTOR,PCF_CODE_OF_VIOL,PCF_VIOL_CATEGORY,PCF_VIOLATION,PCF_VIOL_SUBSECTION,HIT_AND_RUN,TYPE_OF_COLLISION,MVIW,PED_ACTION,ROAD_SURFACE,ROAD_COND_1,ROAD_COND_2,LIGHTING,CONTROL_DEVICE,CHP_ROAD_TYPE,PEDESTRIAN_ACCIDENT,BICYCLE_ACCIDENT,MOTORCYCLE_ACCIDENT,TRUCK_ACCIDENT,NOT_PRIVATE_PROPERTY,ALCOHOL_INVOLVED,STWD_VEHTYPE_AT_FAULT,CHP_VEHTYPE_AT_FAULT,COUNT_SEVERE_INJ,COUNT_VISIBLE_INJ,COUNT_COMPLAINT_PAIN,COUNT_PED_KILLED,COUNT_PED_INJURED,COUNT_BICYCLIST_KILLED,COUNT_BICYCLIST_INJURED,COUNT_MC_KILLED,COUNT_MC_INJURED,PRIMARY_RAMP,SECONDARY_RAMP,LATITUDE,LONGITUDE,COUNTY,CITY,POINT_X,POINT_Y
84401877,2024,2024-09-20,3607,2024-07-09,1215,21370,,2,5,6,3607,0,0,0,,0,022,"D ST","ALLYN AV",0.00,,Y,A,-,N,,,,,,,,,,N,4,0,1,2,A,-,12,22450,A,N,D,G,A,A,H,-,A,A,0,,Y,,,Y,,A,07,0,0,1,0,0,0,1,0,0,"- ","- ",,,"SAN BERNARDINO",ONTARIO,-117.63721466064453,34.067035675048828
8444268,2017,2017-10-02,3600,2017-08-29,1436,B7127,HE218,2,5,5,3619,0,0,0,,0,,"I AV","LAUREL ST",53.00,N,N,A,-,N,,,,,,,,,,N,3,0,1,2,A,-,09,21801,A,N,G,B,F,A,H,-,A,D,0,Y,,,,Y,,D,22,0,1,0,0,1,0,0,0,0,"- ","- ",,,"SAN BERNARDINO",HESPERIA,-117.28407826999999,34.414152790000003
84464372,2024,2024-11-19,3609,2024-10-27,1826,02306,,7,5,5,3609,0,0,0,,0,002,"RIVERSIDE AVE","ETIWANDA AVE",0.00,,Y,A,-,N,,,,,,,,,,Y,1,1,4,4,A,-,01,23152,A,N,D,C,F,A,H,-,C,A,0,Y,,,,Y,Y,A,08,0,3,1,1,1,0,0,0,0,"- ","- ",34.114208221435547,-117.37027740478516,"SAN BERNARDINO",RIALTO,-117.37038421630859,34.114059448242188
8459727,2017,2017-10-03,3600,2017-09-06,2017,E2055,HE128,3,5,5,3619,0,0,0,,0,HE1,"MAPLE AV","WILLOW ST",0.00,,Y,A,-,N,,,,,,,,,,N,3,0,1,2,A,-,12,22450,,F,D,G,A,A,H,-,C,A,0,,Y,,,Y,,L,04,0,1,0,0,0,0,1,0,0,"- ","- ",,,"SAN BERNARDINO",HESPERIA,-117.34654008,34.434720040000002
8463097,2017,2017-10-23,3600,2017-09-30,1006,F1596,RC073,6,5,6,3616,0,0,0,,0,006,"MILLIKEN AV","7TH ST",0.00,,Y,A,-,N,,,,,,,,,,N,3,0,1,2,A,-,09,21453,C,N,A,G,A,A,H,-,A,A,0,,Y,,,Y,,L,04,0,1,0,0,0,0,1,0,0,"- ","- ",,,"SAN BERNARDINO","RANCHO CUCAMONGA",-117.55845005,34.088180020000003
8465407,2017,2018-10-08,3600,2017-06-16,2258,D2561,VC023,5,5,5,3612,0,0,0,,0,VC3,"HESPERIA RD","COMANCHE ST",0.00,,Y,A,-,N,,,,,,,,,,Y,1,1,0,2,A,-,11,21950,B,N,G,B,D,A,H,-,C,A,0,Y,,,,Y,,N,60,0,0,0,1,0,0,0,0,0,"- ","- ",,,"SAN BERNARDINO",VICTORVILLE,-117.29060006,34.481830100000003
8465534,2017,2019-04-10,3610,2017-07-13,2304,51036,,4,5,6,3610,0,0,0,,0,BAKER,"NORTH ARROWHEAD AV","E 13TH ST",0.00,,Y,A,-,N,,,,,,,,,,N,1,1,0,2,A,-,03,22350,,N,G,B,E,A,H,-,C,A,0,Y,,,,Y,,A,01,0,0,0,1,0,0,0,0,0,"- ","- ",34.123640000000002,-117.2891,"SAN BERNARDINO","SAN BERNARDINO",-117.28968,34.123300049999997
8469400,2017,2018-06-07,3600,2017-07-22,2121,D4308,TW006,6,5,3,3617,0,0,0,,0,0TW,"TWENTYNINE PALMS HWY","UTAH TRL",0.00,,N,A,-,Y,SBD,8,62,-,-,33.950,H,-,E,N,4,0,1,2,A,-,07,21658,A,N,G,B,E,A,H,-,D,D,0,Y,,,,Y,,A,01,0,0,1,0,1,0,0,0,0,"- ","- ",34.135739999999998,-116.0415,"SAN BERNARDINO","TWENTYNINE PALMS",-116.04148502,34.135781819999998
8471335,2017,2017-10-19,3610,2017-09-04,1946,F6921,HI010,1,5,6,3610,0,0,0,,0,HI2,"HIGHLAND AV","VICTORIA AV",0.00,,Y,A,-,N,,,,,,,,,,N,3,0,1,2,A,-,11,21456,B,N,G,B,B,A,H,-,C,A,0,Y,,,,Y,,N,60,0,1,0,0,1,0,0,0,0,"- ","- ",,,"SAN BERNARDINO","SAN BERNARDINO",-117.22620007,34.135830040000002
8474250,2017,2017-11-03,3610,2017-09-29,2135,,,5,5,6,3610,0,0,0,,0,,"N PALM AV","HIGHLAND AV",0.00,,N,A,-,N,,,,,,,,,,Y,2,0,1,2,A,-,11,21954,A,F,G,B,D,A,H,-,C,D,0,Y,,,,Y,,N,60,1,0,0,0,1,0,0,0,0,"- ","- ",34.135779999999997,-117.20869999999999,"SAN BERNARDINO","SAN BERNARDINO",-117.20876001000001,34.135770110000003
8493224,2017,2018-06-08,3609,2017-11-01,1447,4247,129,3,5,5,3609,0,0,0,,0,004,"FOOTHILL BL","ACACIA AV",0.00,,Y,A,-,N,,,,,,,,,,N,4,0,1,2,A,-,09,21800,B,N,D,G,A,A,H,-,A,A,0,,Y,,,Y,,A,01,0,0,1,0,0,0,1,0,0,"- ","- ",34.106619999999999,-117.36159000000001,"SAN BERNARDINO",RIALTO,-117.36164003,34.106760029999997
8521199,2017,2018-01-03,3610,2017-11-05,2205,51065,,7,5,6,3610,0,0,0,,0,DAVID,"W ORANGE SHOW RD","S E ST",0.00,,Y,A,-,N,,,,,,,,,,N,4,0,1,2,A,-,11,21461,5,M,G,B,D,A,H,-,C,A,0,Y,,Y,,Y,,N,60,0,0,1,0,0,0,0,0,1,"- ","- ",34.079610000000002,-117.29416000000001,"SAN BERNARDINO","SAN BERNARDINO",-117.29414008000001,34.079560100000002
8521549,2017,2017-12-29,3610,2017-11-23,0907,51091,,4,5,6,3610,0,0,0,,0,DAVID,"W BASELINE ST","NORTH ARROWHEAD AV",9.00,E,N,A,-,N,,,,,,,,,,N,3,0,1,2,A,-,10,21950,A,F,G,B,B,A,-,-,A,A,0,Y,,,,Y,,A,01,0,1,0,0,1,0,0,0,0,"- ","- ",34.12133,-117.28959999999999,"SAN BERNARDINO","SAN BERNARDINO",-117.28964035,34.121340000000004
8528848,2017,2018-01-11,3609,2017-12-26,0907,8510,171,2,5,5,3609,0,0,0,,0,004,"WILLOW AV","MIRAMONT AV",166.00,N,N,A,-,N,,,,,,,,,,N,3,0,1,2,A,-,08,22107,,N,D,G,A,A,H,-,A,D,0,,Y,,,Y,,L,04,0,1,0,0,0,0,1,0,0,"- ","- ",34.079900000000002,-117.3747,"SAN BERNARDINO",RIALTO,-117.37466000000001,34.079804809999999
8533603,2017,2018-03-19,3600,2017-01-09,0630,B9547,AD108,1,5,3,3613,0,0,0,,0,,"AIR EXPRESS WY","ADELANTO RD",758.00,W,N,C,-,N,,,,,,,,,,N,4,0,1,2,D,-,00,,,F,G,B,E,B,H,-,D,A,0,Y,,,,Y,,-,"- ",0,0,1,0,1,0,0,0,0,"- ","- ",,,"SAN BERNARDINO",ADELANTO,-117.40321061,34.57201946
8535664,2017,2018-01-29,3604,2017-12-03,0910,1127,,7,5,6,3604,0,0,0,,0,,"100TH AV","PALMETTO AV",264.00,N,N,A,-,N,,,,,,,,,,N,4,0,1,2,A,-,07,21658,A,F,B,G,A,A,H,-,A,A,0,,Y,,,Y,,A,01,0,0,1,0,0,0,1,0,0,"- ","- ",,,"SAN BERNARDINO",FONTANA,,
8538793,2018,2018-01-31,3608,2018-01-02,1759,4342,,2,5,5,3608,0,0,0,,0,,"BROOKSIDE AV","LAKESIDE AV",115.00,E,N,A,-,N,,,,,,,,,,Y,4,0,1,3,A,-,03,22350,,N,C,B,D,A,H,-,C,D,0,Y,,,,Y,,A,07,0,0,1,0,1,0,0,0,0,"- ","- ",,,"SAN BERNARDINO",REDLANDS,-117.20165252685547,34.046855926513672
8543434,2017,2018-07-06,3600,2017-12-04,2054,D6904,AP003,1,5,5,3621,0,0,0,,0,AP1,"RT 18","MONDAMON RD",0.00,,-,A,-,Y,SBD,8,18,-,-,93.640,H,-,S,N,3,0,1,3,A,-,11,21954,A,N,B,B,D,A,H,-,D,D,0,Y,,,,Y,Y,-,"- ",0,1,0,0,1,0,0,0,0,"- ","- ",,,"SAN BERNARDINO","APPLE VALLEY",-117.25944472,34.539095660000001
8549071,2018,2018-02-20,3600,2018-01-13,1925,F5280,HI009,6,5,4,3618,0,0,0,,0,HI2,"BASELINE ST","VICTORIA AV",167.00,W,N,A,-,N,,,,,,,,,,N,4,0,1,2,A,-,11,21956,A,N,G,B,D,A,H,-,C,A,0,Y,,,,Y,,N,60,0,0,1,0,1,0,0,0,0,"- ","- ",,,"SAN BERNARDINO",HIGHLAND,-117.22678375244141,34.121280670166016
8570806,2018,2018-03-12,3608,2018-02-23,1239,4707,3608,5,5,5,3608,0,0,0,,0,,"NEW YORK ST","LUGONIA AV",38.00,S,N,A,-,N,,,,,,,,,,N,4,0,1,2,A,-,11,21806,C,N,G,B,D,A,H,-,A,A,0,Y,,,,Y,,N,60,0,0,1,0,1,0,0,0,0,"- ","- ",,,"SAN BERNARDINO",REDLANDS,-117.1954345703125,34.070034027099609
8602339,2018,2018-05-18,3600,2018-03-23,1936,F6907,VC019,5,5,5,3612,0,0,0,,0,VC2,"7TH ST","CIRCLE DR",0.00,,Y,A,-,N,,,,,,,,,,Y,3,0,1,2,A,-,11,21954,A,N,G,B,D,A,H,-,C,D,0,Y,,,,Y,,N,60,0,1,0,0,1,0,0,0,0,"- ","- ",,,"SAN BERNARDINO",VICTORVILLE,-117.30442810058594,34.524539947509766
8615276,2018,2018-05-08,3603,2018-01-15,2301,4012,CPD,1,5,4,3603,0,0,0,,0,003,"VALLEY BL","7TH ST",0.00,,Y,A,-,N,,,,,,,,,,Y,3,0,1,2,A,-,10,21950,A,N,G,B,B,A,H,-,C,A,0,Y,,,,Y,,A,01,0,1,0,0,1,0,0,0,0,"- ","- ",,,"SAN BERNARDINO",COLTON,-117.32589721679688,34.067100524902344
8619406,2018,2018-07-09,3611,2018-02-05,1820,3153,3611,1,5,5,3611,0,0,0,,0,002,"ARROW HWY","BENSON AV",336.00,W,N,A,-,N,,,,,,,,,,N,3,0,2,3,A,-,11,21954,A,N,G,B,D,A,G,-,C,D,0,Y,,,,Y,,N,60,0,2,0,0,2,0,0,0,0,"- ","- ",,,"SAN BERNARDINO",UPLAND,-117.68202972412109,34.099613189697266
8626533,2018,2018-06-04,3600,2018-04-05,1757,F5499,RC040,4,5,6,3616,0,0,0,,0,001,"AMETHYST AV","LOMITA DR",0.00,,Y,A,-,N,,,,,,,,,,N,4,0,1,2,A,-,17,22517,,N,D,G,A,A,H,-,A,A,0,,Y,,,Y,,L,04,0,0,1,0,0,0,1,0,0,"- ","- ",,,"SAN BERNARDINO","RANCHO CUCAMONGA",-117.59821319580078,34.124290466308594
8640690,2018,2018-07-10,3604,2018-06-08,0829,497,,5,5,6,3604,0,0,0,,0,,"SIERRA AV","MERRILL AV",0.00,,Y,A,-,N,,,,,,,,,,N,3,0,1,2,A,-,09,21453,B,N,D,G,A,A,H,-,A,A,0,,Y,,,Y,,D,22,0,1,0,0,0,0,1,0,0,"- ","- ",,,"SAN BERNARDINO",FONTANA,-117.43572235107422,34.092128753662109
8650050,2018,2018-08-31,3600,2018-07-20,2330,F6907,AP008,5,5,5,3621,0,0,0,,0,AP3,"SNAPPING TURTLE RD","PAHUTE AV",1064.00,S,N,A,-,N,,,,,,,,,,N,3,0,1,2,A,-,11,21954,A,N,G,B,E,A,H,-,D,D,0,Y,,,,Y,,N,60,0,1,0,0,1,0,0,0,0,"- ","- ",,,"SAN BERNARDINO","APPLE VALLEY",-117.21150207519531,34.475234985351562
8656694,2018,2018-08-10,3602,2018-07-08,1111,3805,,7,5,5,3602,0,0,0,,0,002,"RIVERSIDE DR","BENSON AV",788.00,E,N,A,-,N,,,,,,,,,,Y,4,0,1,2,A,-,05,21650,1,F,G,G,A,A,H,-,A,D,0,,Y,,,Y,,L,04,0,0,1,0,0,0,1,0,0,"- ","- ",,,"SAN BERNARDINO",CHINO,-117.67800903320312,34.019149780273438
8673280,2018,2018-08-14,3600,2018-06-28,2316,F6292,RC071,4,5,6,3616,0,0,0,,0,003,"DAY CREEK BL","RT 210",0.00,,Y,A,-,Y,SBD,8,210,-,-,8.887,R,4,E,N,3,0,1,2,D,-,00,,,F,G,B,B,A,H,-,C,A,0,Y,,,,Y,,-,"- ",0,1,0,0,1,0,0,0,0,"- ",EF,,,"SAN BERNARDINO","RANCHO CUCAMONGA",-117.54160308837891,34.136451721191406
8688903,2018,2018-10-18,3608,2018-08-08,0955,4759,3608,3,5,5,3608,0,0,0,,0,901,"NEW YORK ST","COLTON AV",24.00,S,N,A,-,N,,,,,,,,,,N,3,0,1,2,A,-,12,21453,A,N,H,G,A,A,H,-,A,A,0,,Y,,,Y,,A,01,0,1,0,0,0,0,1,0,0,"- ","- ",,,"SAN BERNARDINO",REDLANDS,-117.19579315185547,34.062793731689453
8690327,2018,2018-09-04,3602,2018-07-29,1120,3343,18,7,5,5,3602,0,0,0,,0,001,"MONTE VISTA AV","HANCOCK ST",0.00,,Y,A,-,N,,,,,,,,,,N,3,0,1,2,A,-,08,22107,,N,E,G,A,A,H,-,A,D,0,,Y,,,Y,,L,04,0,1,0,0,0,0,1,0,0,"- ","- ",,,"SAN BERNARDINO",CHINO,-117.69818115234375,34.034938812255859
8697565,2018,2018-09-27,3604,2018-09-12,0725,497,3604,3,5,6,3604,0,0,0,,0,002,"WALNUT AV","SAN SEVAINE AV",0.00,,Y,A,-,N,,,,,,,,,,N,4,0,1,2,A,-,03,22350,,N,D,G,A,A,H,-,A,A,0,,Y,,,Y,,A,07,0,0,1,0,0,0,1,0,0,"- ","- ",,,"SAN BERNARDINO",FONTANA,-117.47978210449219,34.126861572265625
8703797,2018,2018-09-28,3604,2018-09-19,1643,1156,,3,5,6,3604,0,0,0,,0,,"JUNIPER AV","MERRILL AV",200.00,S,N,A,-,N,,,,,,,,,,N,3,0,1,2,A,-,09,21804,A,N,D,G,A,A,H,-,A,D,0,,Y,,,Y,,A,01,0,1,0,0,0,0,1,0,0,"- ","- ",,,"SAN BERNARDINO",FONTANA,-117.44011688232422,34.091571807861328
8709177,2018,2018-10-11,3610,2018-08-24,0538,F6910,HI001,5,5,6,3610,0,0,0,,0,HI1,"6TH ST","TIPPECANOE AV",403.00,E,N,A,-,N,,,,,,,,,,N,3,0,1,2,A,-,11,21954,A,N,A,B,E,A,H,-,B,D,0,Y,,,,Y,,N,60,0,1,0,0,1,0,0,0,0,"- ","- ",,,"SAN BERNARDINO","SAN BERNARDINO",-117.25968933105469,34.110191345214844
8711129,2018,2018-10-24,3603,2018-09-04,1555,4807,CPD,2,5,4,3603,0,0,0,,0,001,"PEPPER AV","RANDALL AV",0.00,,Y,A,-,N,,,,,,,,,,N,3,0,1,2,A,-,10,21950,A,N,G,B,B,A,H,-,A,A,0,Y,,,,Y,,A,01,0,1,0,0,1,0,0,0,0,"- ","- ",,,"SAN BERNARDINO",COLTON,-117.35292053222656,34.084999084472656
8721649,2018,2018-11-05,3608,2018-10-02,0612,4202,3608,2,5,5,3608,0,0,0,,0,,"TERRACINA BL","HEATHER LN",69.00,N,N,A,-,N,,,,,,,,,,N,3,0,1,2,A,-,03,22350,,N,C,E,A,A,H,-,C,D,0,,Y,,,Y,,L,04,0,1,0,0,0,0,1,0,0,"- ","- ",,,"SAN BERNARDINO",REDLANDS,-117.20298004150391,34.035251617431641
8736439,2018,2018-11-21,3600,2018-10-24,0640,G3813,LL014,3,5,3,3615,0,0,0,,0,LL01,"BARTON RD","BENTON ST",0.00,,Y,A,-,N,,,,,,,,,,N,3,0,1,2,A,-,10,21950,C,N,G,B,B,A,H,-,A,A,0,Y,,,,Y,,A,01,0,1,0,0,1,0,0,0,0,"- ","- ",,,"SAN BERNARDINO","LOMA LINDA",-117.25240325927734,34.048439025878906
8739891,2018,2018-12-04,3600,2018-11-06,1820,D8554,AP018,2,5,5,3621,0,0,0,,0,AP4,"NAVAJO RD","POWHATAN RD",0.00,,Y,A,-,N,,,,,,,,,,N,4,0,1,2,A,-,11,21956,,N,G,B,E,A,H,-,C,D,0,Y,,,,Y,,N,60,0,0,1,0,1,0,0,0,0,"- ","- ",,,"SAN BERNARDINO","APPLE VALLEY",-117.19029235839844,34.498039245605469
8746104,2018,2018-12-03,3608,2018-10-25,2030,4707,3608,4,5,5,3608,0,0,0,,0,,"ORANGE ST","SUN AV",129.00,S,N,A,-,N,,,,,,,,,,N,3,0,1,2,A,-,05,21651,,N,D,G,A,A,H,-,C,D,0,,Y,,,Y,,L,04,0,1,0,0,0,0,1,0,0,"- ","- ",,,"SAN BERNARDINO",REDLANDS,-117.18251037597656,34.063697814941406
8752760,2018,2019-01-08,3600,2018-11-30,0712,F4772,VC025,5,5,5,3612,0,0,0,,0,VC3,"NISQUALLI RD","11TH AV",146.00,W,N,B,-,N,,,,,,,,,,N,4,0,1,2,A,-,11,21950,B,N,G,B,D,A,H,-,A,D,0,Y,,,,Y,,N,60,0,0,1,0,1,0,0,0,0,"- ","- ",,,"SAN BERNARDINO",VICTORVILLE,-117.32611083984375,34.485198974609375
8769456,2018,2019-01-30,3610,2018-12-01,1609,50790,,6,5,6,3610,0,0,0,,0,POLICE,"N MEDICAL CENTER DR","W HOME AV",290.00,S,N,B,-,N,,,,,,,,,,Y,3,0,1,2,A,-,03,22350,1,F,D,G,A,A,H,-,A,D,0,,Y,,,Y,Y,A,01,0,1,0,0,0,0,1,0,0,"- ","- ",34.121318817138672,-117.32250213623047,"SAN BERNARDINO","SAN BERNARDINO",-117.32256317138672,34.123207092285156
8771567,2018,2019-01-07,3604,2018-12-10,1016,641,,1,5,6,3604,0,0,0,,0,,"SANTA LUCIA ST","EAST LIBERTY PKWY",9.00,E,N,B,-,N,,,,,,,,,,N,3,0,1,2,A,-,12,22450,A,F,G,B,D,A,H,-,A,A,0,Y,,,,Y,,-,,0,1,0,0,1,0,0,0,0,"- ","- ",,,"SAN BERNARDINO",FONTANA,-117.49085998535156,34.115318298339844
8801825,2019,2019-03-04,3610,2019-01-21,2500,51055,,1,5,6,3610,0,0,0,,0,DAVID,"S  E ST","W VALLEY ST",0.00,,Y,A,-,N,,,,,,,,,,N,4,0,1,2,A,-,10,21950,A,N,G,B,B,-,H,-,A,D,0,Y,,,,Y,,A,01,0,0,1,0,1,0,0,0,0,"- ","- ",34.096111297607422,-117.29367828369141,"SAN BERNARDINO","SAN BERNARDINO",-117.29416656494141,34.095970153808594
8810114,2019,2019-03-12,3610,2019-01-30,1937,51048,,3,5,6,3610,0,0,0,,0,CHARLI,"EAST HIGHLAND AV","BOULDER AV",530.00,E,N,A,-,N,,,,,,,,,,N,3,0,1,2,B,-,22,,,N,G,B,F,A,H,-,C,D,0,Y,,,,Y,,A,01,0,1,0,0,1,0,0,0,0,"- ","- ",34.135799407958984,-117.19519805908203,"SAN BERNARDINO","SAN BERNARDINO",-117.19386291503906,34.135700225830078
8820632,2019,2019-03-18,3608,2019-02-07,1532,3675,,4,5,5,3608,0,0,0,,0,,"OLIVE AV","CENTER ST",0.00,,Y,A,-,N,,,,,,,,,,N,2,0,3,4,A,-,10,21950,A,N,G,B,B,A,H,-,A,A,0,Y,,,,Y,,A,08,3,0,0,0,3,0,0,0,0,"- ","- ",,,"SAN BERNARDINO",REDLANDS,-117.18855285644531,34.049400329589844
8821037,2019,2019-04-16,3609,2019-02-15,2257,2312,RI139,5,5,5,3609,0,0,0,,0,004,"FOOTHILL BL","SYCAMORE AV",0.00,,Y,A,-,N,,,,,,,,,,N,4,0,1,2,A,-,11,21456,B,N,G,B,B,A,H,-,C,A,0,Y,,,,Y,,N,60,0,0,1,0,1,0,0,0,0,"- ","- ",34.105998992919922,-117.36000061035156,"SAN BERNARDINO",RIALTO,-117.36598968505859,34.106761932373047
8841749,2018,2019-04-16,3600,2018-12-10,1158,B3501,,1,5,6,3616,0,0,0,,0,,"BASE LINE RD","CARNELIAN ST",0.00,,N,A,-,N,,,,,,,,,,N,3,0,1,2,A,-,09,21804,A,N,D,G,A,A,H,-,A,D,0,,Y,,,Y,,A,07,0,1,0,0,0,0,1,0,0,"- ","- ",,,"SAN BERNARDINO","RANCHO CUCAMONGA",-117.61611175537109,34.121551513671875
8859863,2019,2019-05-24,3610,2019-04-10,2131,51003,,3,5,6,3610,0,0,0,,0,,"N DEL ROSA AV","E CARPENTER AV",0.00,,Y,A,-,N,,,,,,,,,,N,2,0,1,2,A,-,11,21954,A,N,A,B,D,A,H,-,C,A,0,Y,,,,Y,Y,N,60,1,0,0,0,1,0,0,0,0,"- ","- ",34.143650054931641,-117.25240325927734,"SAN BERNARDINO","SAN BERNARDINO",-117.25241851806641,34.144611358642578
8872536,2019,2019-06-07,3608,2019-05-21,1948,4759,,2,5,5,3608,0,0,0,,0,,"ORANGE ST","WESTERN AV",0.00,,Y,C,-,N,,,,,,,,,,N,3,0,1,2,A,-,10,21950,A,N,G,B,B,B,H,-,C,D,0,Y,,,,Y,Y,A,08,0,1,0,0,1,0,0,0,0,"- ","- ",,,"SAN BERNARDINO",REDLANDS,-117.18247985839844,34.068199157714844
8890775,2019,2020-01-30,3600,2019-06-08,2204,G3225,AP003,6,5,5,3621,0,0,0,,0,AP1,"RT 18","TAO RD",743.00,W,N,A,-,Y,SBD,8,18,-,-,93.040,H,-,S,N,2,0,2,2,A,-,11,21954,A,N,G,-,D,A,H,-,D,A,0,Y,,,,Y,,N,60,1,1,0,0,1,0,0,0,0,"- ","- ",,,"SAN BERNARDINO","APPLE VALLEY",-117.249267578125,34.537033081054688
8910873,2019,2020-03-24,3600,2019-11-16,0147,F8172,HE131,6,5,5,3619,0,0,0,,0,HE1,"MAIN ST","7TH AV",43.00,E,N,A,-,N,,,,,,,,,,N,1,1,0,2,A,-,11,21954,A,N,G,B,D,A,H,-,C,A,0,Y,,,,Y,,N,60,0,0,0,1,0,0,0,0,0,"- ","- ",,,"SAN BERNARDINO",HESPERIA,-117.31551361083984,34.423599243164062
8911478,2020,2022-06-14,3610,2020-01-10,1752,50994,,5,5,6,3610,0,0,0,,0,DAVID,"S E ST","MACKAY ST",35.00,N,N,A,-,N,,,,,,,,,,N,1,1,0,2,A,-,11,21956,A,N,G,B,D,A,H,-,C,D,0,Y,,,,Y,,N,60,0,0,0,1,0,0,0,0,0,"- ","- ",34.070869445800781,-117.29415893554688,"SAN BERNARDINO","SAN BERNARDINO",-117.29415893554688,34.070945739746094
8912800,2019,2019-08-21,3609,2019-07-11,0300,9091,RI151,4,5,5,3609,0,0,0,,0,004,"RIVERSIDE AV","WILSON ST",0.00,,Y,A,-,N,,,,,,,,,,N,3,0,1,2,A,-,11,21954,A,F,G,B,D,A,H,-,C,D,0,Y,,,,Y,,N,60,0,1,0,0,1,0,0,0,0,"- ","- ",,,"SAN BERNARDINO",RIALTO,-117.370361328125,34.09503173828125
8914611,2019,2019-08-16,3610,2019-07-25,2104,51159,,4,5,6,3610,0,0,0,,0,POLICE,"W ORANGE SHOW RD","S E ST",0.00,,Y,A,-,N,,,,,,,,,,N,3,0,1,2,A,-,11,21955,,N,G,B,D,A,H,-,C,A,0,Y,,,,Y,,N,60,0,1,0,0,0,0,0,0,0,"- ","- ",34.079608917236328,-117.29415893554688,"SAN BERNARDINO","SAN BERNARDINO",-117.29414367675781,34.079559326171875
8933627,2019,2019-09-13,3610,2019-08-14,2242,50731,,3,5,6,3610,0,0,0,,0,CHARLI,"NORTH WATERMAN AV","EAST HIGHLAND AV",0.00,,Y,A,-,N,,,,,,,,,,N,3,0,1,2,A,-,11,21456,B,F,G,B,B,A,H,-,C,A,0,Y,,,,Y,Y,N,60,0,1,0,0,1,0,0,0,0,"- ","- ",34.135898590087891,-117.27876281738281,"SAN BERNARDINO","SAN BERNARDINO",-117.27876281738281,34.135929107666016
8969855,2019,2019-11-21,3600,2019-10-09,0424,C9453,CH068,3,5,5,3630,0,0,0,,0,CH1,"PEYTON DR","ROCK SPRINGS",424.00,N,N,A,-,N,,,,,,,,,,Y,3,0,1,2,A,-,11,21956,A,N,D,B,E,A,H,-,C,A,0,Y,,,,Y,,N,60,0,1,0,0,1,0,0,0,0,"- ","- ",,,"SAN BERNARDINO","CHINO HILLS",-117.74519348144531,34.017841339111328
8975566,2019,2019-11-25,3602,2019-10-17,0607,3628,,4,5,5,3602,0,0,0,,0,001,"CENTRAL AV","RIVERSIDE DR",48.00,N,N,A,-,N,,,,,,,,,,N,4,0,1,2,B,-,22,,,N,G,B,F,A,H,-,C,D,0,Y,,,,Y,,A,01,0,0,1,0,1,0,0,0,0,"- ","- ",,,"SAN BERNARDINO",CHINO,-117.68939971923828,34.019210815429688
8982322,2019,2019-12-12,3610,2019-10-28,1525,51174,,1,5,6,3610,0,0,0,,0,POLICE,"W 13TH ST","N ARROWHEAD ST",0.00,,Y,A,-,N,,,,,,,,,,N,3,0,1,2,A,-,10,21950,A,F,A,B,B,A,H,-,A,A,0,Y,,,,Y,,A,01,0,1,0,0,1,0,0,0,0,"- ","- ",34.121021270751953,-117.28694915771484,"SAN BERNARDINO","SAN BERNARDINO",-117.28968048095703,34.123298645019531
8986653,2019,2020-02-19,3608,2019-10-25,1143,4904,,5,5,5,3608,0,0,0,,0,,"W SUNSET DR","RIDGE ST",32.00,W,N,A,-,N,,,,,,,,,,N,4,0,1,1,A,-,03,22350,,N,E,I,A,A,H,-,A,D,0,,Y,,,Y,Y,L,04,0,0,1,0,0,0,1,0,0,"- ","- ",34.026481628417969,-117.16636657714844,"SAN BERNARDINO",REDLANDS,-117.16628265380859,34.026412963867188
90040762,2015,2015-10-29,9865,2015-10-15,1330,020438,,4,1,9,3600,0,1,3,,2,045,SR-38,"SUGAR PINES CIR",10560.00,W,N,B,-,Y,,,38,,,,,,,N,3,0,1,2,A,-,06,21750,,N,B,G,A,A,H,-,A,D,0,,Y,,,Y,,A,01,0,1,0,0,0,0,1,0,0,"- ","- ",34.131480000000003,-116.98295,"SAN BERNARDINO",UNINCORPORATED,-116.98298154,34.131425040000003