CASE_ID,ACCIDENT_YEAR,PROC_DATE,JURIS,COLLISION_DATE,COLLISION_TIME,OFFICER_ID,REPORTING_DISTRICT,DAY_OF_WEEK,CHP_SHIFT,POPULATION,CNTY_CITY_LOC,SPECIAL_COND,BEAT_TYPE,CHP_BEAT_TYPE,CITY_DIVISION_LAPD,CHP_BEAT_CLASS,BEAT_NUMBER,PRIMARY_RD,SECONDARY_RD,DISTANCE,DIRECTION,INTERSECTION,WEATHER_1,WEATHER_2,STATE_HWY_IND,CALTRANS_COUNTY,CALTRANS_DISTRICT,STATE_ROUTE,ROUTE_SUFFIX,POSTMILE_PREFIX,POSTMILE,LOCATION_TYPE,RAMP_INTERSECTION,SIDE_OF_HWY,TOW_AWAY,COLLISION_SEVERITY,NUMBER_KILLED,NUMBER_INJURED,PARTY_COUNT,PRIMARY_COLL_FACTOR,PCF_CODE_OF_VIOL,PCF_VIOL_CATEGORY,PCF_VIOLATION,PCF_VIOL_SUBSECTION,HIT_AND_RUN,TYPE_OF_COLLISION,MVIW,PED_ACTION,ROAD_SURFACE,ROAD_COND_1,ROAD_COND_2,LIGHTING,CONTROL_DEVICE,CHP_ROAD_TYPE,PEDESTRIAN_ACCIDENT,BICYCLE_ACCIDENT,MOTORCYCLE_ACCIDENT,TRUCK_ACCIDENT,NOT_PRIVATE_PROPERTY,ALCOHOL_INVOLVED,STWD_VEHTYPE_AT_FAULT,CHP_VEHTYPE_AT_FAULT,COUNT_SEVERE_INJ,COUNT_VISIBLE_INJ,COUNT_COMPLAINT_PAIN,COUNT_PED_KILLED,COUNT_PED_INJURED,COUNT_BICYCLIST_KILLED,COUNT_BICYCLIST_INJURED,COUNT_MC_KILLED,COUNT_MC_INJURED,PRIMARY_RAMP,SECONDARY_RAMP,LATITUDE,LONGITUDE,COUNTY,CITY,POINT_X,POINT_Y
7088833,2015,2015-10-20,3607,2015-08-21,2107,80284,127,5,5,6,3607,0,0,0,,0,022,"D ST","LEMON AV",0.00,,Y,A,-,N,,,,,,,,,,N,4,0,1,2,A,-,12,22450,A,M,G,B,B,A,H,-,C,A,0,Y,,,,Y,,-,,0,0,1,0,1,0,0,0,0,"- ","- ",,,"SAN BERNARDINO",ONTARIO,-117.64958008000001,34.066990060000002
7096556,2015,2015-10-16,3607,2015-09-18,0832,14897,281,5,5,6,3607,0,0,0,,0,072,"HAVEN AV","CREEKSIDE DR",0.00,,Y,A,-,N,,,,,,,,,,N,4,0,1,2,A,-,05,21202,A,N,D,G,A,A,H,-,A,A,0,,Y,,,Y,,L,04,0,0,1,0,0,0,1,0,0,"- ","- ",,,"SAN BERNARDINO",ONTARIO,-117.57538013,34.022550109999997
7096583,2015,2015-10-16,3608,2015-09-21,0736,4345,,1,5,5,3608,0,0,0,,0,901,"HERALD ST","COLTON AV",0.00,,Y,A,-,N,,,,,,,,,,N,3,0,1,2,A,-,09,21804,A,N,D,G,A,A,H,-,A,A,0,,Y,,,Y,,L,04,0,1,0,0,0,0,1,0,0,"- ","- ",,,"SAN BERNARDINO",REDLANDS,-117.17927012,34.06281001
7096587,2015,2015-10-16,3608,2015-09-22,1925,3219,,2,5,5,3608,0,0,0,,0,,"COLTON AV","CHURCH ST",0.00,,Y,A,-,N,,,,,,,,,,N,3,0,1,2,A,-,08,22107,,N,D,G,A,A,H,-,C,A,0,,Y,,,Y,,A,01,0,1,0,0,0,0,1,0,0,"- ","- ",,,"SAN BERNARDINO",REDLANDS,-117.17380002,34.062820090000002
7097691,2015,2015-10-17,3607,2015-07-10,1509,80171,16,5,5,6,3607,0,0,0,,0,031,"CORONA AV","6TH ST",10.00,N,N,A,-,N,,,,,,,,,,N,4,0,1,2,A,-,05,21650,1,N,D,G,A,A,H,-,C,A,0,,Y,,,Y,,L,04,0,0,1,0,0,0,1,0,0,"- ","- ",,,"SAN BERNARDINO",ONTARIO,-117.6159698,34.084927409999999
7100159,2015,2015-10-26,3610,2015-08-27,1111,50266,,4,5,6,3610,0,0,0,,0,,"4TH ST","E G ST",0.00,,Y,A,-,N,,,,,,,,,,N,4,0,1,2,A,-,11,21954,A,N,E,B,D,A,H,-,A,A,0,Y,,,,Y,,N,60,0,0,1,0,1,0,0,0,0,"- ","- ",,,"SAN BERNARDINO","SAN BERNARDINO",-117.29865011,34.106390079999997
7113555,2015,2015-11-25,3600,2015-10-22,0918,S2986,LL011,4,5,3,3615,0,0,0,,0,0LL,"ANDERSON ST","PROSPECT AV",0.00,,Y,A,-,N,,,,,,,,,,N,4,0,1,2,A,-,12,22450,,N,-,B,B,-,-,-,-,A,0,Y,,,,Y,,D,22,0,0,1,0,1,0,0,0,0,"- ","- ",,,"SAN BERNARDINO","LOMA LINDA",-117.26113002,34.050220099999997
7123952,2015,2016-10-05,3610,2015-10-11,2000,50640,,7,5,6,3610,0,0,0,,0,POLICE,"EAST HIGHLAND AV","N BRADFORD AV",142.00,W,N,A,-,N,,,,,,,,,,N,1,1,0,2,A,-,11,21954,A,N,G,B,D,A,H,-,C,D,0,Y,,,,Y,,N,60,0,0,0,1,0,0,0,0,0,"- ","- ",,,"SAN BERNARDINO","SAN BERNARDINO",-117.20549778,34.13579
7123959,2015,2016-04-20,3610,2015-10-30,1250,50821,,5,5,6,3610,0,0,0,,0,POLICE,"N MT VERNON AV","W 7TH ST",48.00,S,N,A,-,N,,,,,,,,,,N,3,0,1,2,A,-,05,21650,1,N,G,B,A,A,H,-,A,A,0,,Y,,,Y,,L,04,0,1,0,0,0,0,1,0,0,"- ","- ",34.112780000000001,-117.31376,"SAN BERNARDINO","SAN BERNARDINO",-117.31384,34.111928499999998
7138116,2015,2015-12-24,3610,2015-11-03,2015,50625,,2,5,6,3610,0,0,0,,0,POLICE,"NORTH SIERRA WY","BASELINE ST",126.00,N,N,B,C,N,,,,,,,,,,N,3,0,1,2,A,-,05,21650,1,F,D,G,A,B,H,-,C,D,0,,Y,,,Y,,L,04,0,1,0,0,0,0,1,0,0,"- ","- ",34.124339999999997,-117.28554,"SAN BERNARDINO","SAN BERNARDINO",-117.28515173,34.12168518
7138593,2015,2015-12-23,3610,2015-11-01,0206,50866,,7,5,6,3610,0,0,0,,0,POLICE,"N PERRIS ST","W 16TH ST",85.00,N,N,A,-,N,,,,,,,,,,N,4,0,1,2,A,-,03,22350,,F,G,B,E,A,H,-,C,D,0,Y,,,,Y,Y,-,,0,0,1,0,1,0,0,0,0,"- ","- ",34.12914,-117.30676,"SAN BERNARDINO","SAN BERNARDINO",-117.30671,34.128639999999997
7148048,2015,2016-01-14,3600,2015-12-28,0900,7439,HE202,1,5,5,3619,0,0,0,,0,HE2,"DEODAR ST","PEACH AV",0.00,,Y,A,-,N,,,,,,,,,,N,4,0,1,2,A,-,05,21650,,M,G,-,E,A,H,-,A,D,0,Y,,,,Y,,-,,0,0,1,0,1,0,0,0,0,"- ","- ",,,"SAN BERNARDINO",HESPERIA,-117.27092003,34.457180039999997
7150836,2015,2016-01-19,3603,2015-11-25,2104,CL4710,COLTO,3,5,4,3603,0,0,0,,0,001,"VALLEY BL","WILD ROSE",42.00,W,N,C,-,N,,,,,,,,,,N,3,0,1,2,A,-,09,21802,A,N,D,G,A,B,H,-,C,D,0,,Y,,,Y,Y,L,04,0,1,0,0,0,0,1,0,0,"- ","- ",,,"SAN BERNARDINO",COLTON,-117.36373828000001,34.070520000000002
7158517,2016,2016-01-28,3600,2016-01-09,1824,E8195,VC069,6,5,5,3612,0,0,0,,0,VC4,"DOS PALMAS RD","FERN PINE ST",50.00,E,N,C,-,N,,,,,,,,,,N,4,0,1,2,A,-,00,21954,,N,G,B,D,B,H,-,B,D,0,Y,,,,Y,,N,60,0,0,1,0,1,0,0,0,0,"- ","- ",,,"SAN BERNARDINO",VICTORVILLE,-117.40151453,34.499490000000002
7160772,2015,2016-01-22,3607,2015-11-13,0734,15028,54,5,5,6,3607,0,0,0,,0,054,"I ST","MOUNTAIN AV",360.00,W,N,A,-,N,,,,,,,,,,N,2,0,2,3,A,-,11,21950,B,N,D,B,D,A,H,-,A,D,0,Y,,,,Y,,N,60,1,0,1,0,2,0,0,0,0,"- ","- ",,,"SAN BERNARDINO",ONTARIO,-117.67127567999999,34.074195019999998
7162922,2015,2016-01-21,3610,2015-12-12,1400,50937,"1 002",6,5,6,3610,0,0,0,,0,POLICE,"N D ST 5","D ST 1563",7.00,N,N,A,-,N,,,,,,,,,,N,3,0,1,2,A,-,21,22106,,F,G,B,E,A,H,-,A,D,0,Y,,,,Y,,A,01,0,1,0,0,1,0,0,0,0,"- ","- ",34.12811,-117.29123,"SAN BERNARDINO","SAN BERNARDINO",-117.29190588,34.12808235
7166838,2015,2016-01-28,3610,2015-12-30,1706,50675,,3,5,6,3610,0,0,0,,0,DAVID,"N  D ST","W 5TH ST",0.00,,Y,A,-,N,,,,,,,,,,N,4,0,1,2,A,-,10,21950,A,N,G,B,B,A,H,-,B,B,0,Y,,,,Y,,A,01,0,0,1,0,1,0,0,0,0,"- ","- ",,,"SAN BERNARDINO","SAN BERNARDINO",-117.29189005000001,34.108310090000003
7167807,2015,2016-09-16,3600,2015-12-16,0455,A8310,RC038,3,5,6,3616,0,0,0,,0,RC2,"RT 66","HELMS AV",0.00,,Y,A,-,N,,,,,,,,,,N,4,0,1,2,D,-,00,,,F,-,B,B,A,H,-,C,A,0,Y,,,,Y,,-,"- ",0,0,1,0,1,0,0,0,0,"- ","- ",,,"SAN BERNARDINO","RANCHO CUCAMONGA",-117.5999985,34.106516999999997
7168241,2015,2016-01-25,3610,2015-12-16,1812,50761,,3,5,6,3610,0,0,0,,0,,"N PALM AV","E 20TH ST",0.00,,Y,A,-,N,,,,,,,,,,N,3,0,2,3,A,-,11,21106,B,N,G,B,D,A,H,-,C,D,0,Y,,,,Y,,N,60,0,1,1,0,2,0,0,0,0,"- ","- ",,,"SAN BERNARDINO","SAN BERNARDINO",-117.20873001,34.133640020000001
7170841,2015,2016-02-02,3603,2015-12-18,1916,CL4147,COLTO,5,5,4,3603,0,0,0,,0,001,"VALLEY BL","PEPPER AV",1320.00,E,N,A,-,N,,,,,,,,,,N,2,0,1,2,A,-,11,21955,,N,D,B,D,A,H,-,E,D,0,Y,,,,Y,,N,60,1,0,0,0,1,0,0,0,0,"- ","- ",,,"SAN BERNARDINO",COLTON,-117.35312999999999,34.070399999999999
7171098,2015,2016-02-01,3603,2015-10-30,1835,CL4726,COLTO,5,5,4,3603,0,0,0,,0,001,"MILL ST","W MILL ST",0.00,,Y,A,-,N,,,,,,,,,,N,4,0,1,2,A,-,03,22350,,N,G,B,D,A,H,-,B,D,0,Y,,,,Y,Y,A,01,0,0,1,0,1,0,0,0,0,"- ","- ",,,"SAN BERNARDINO",COLTON,-117.33186013,34.092170119999999
7181097,2016,2016-02-18,3600,2016-01-25,2038,D6174,RC040,1,5,6,3616,0,0,0,,0,RC1,"ARCHIBALD AV","LOMITA CT",0.00,,Y,A,-,N,,,,,,,,,,N,4,0,1,2,A,-,05,21650,1,N,D,G,A,A,H,-,C,A,0,,Y,,,Y,,L,04,0,0,1,0,0,0,1,0,0,"- ","- ",,,"SAN BERNARDINO","RANCHO CUCAMONGA",-117.59356,34.124340019999998
7181876,2016,2016-02-18,3604,2016-01-20,0846,509,,3,5,6,3604,0,0,0,,0,,"KENWOOD DR","MOUNTAIN HIGH DR",1.00,S,N,A,-,N,,,,,,,,,,N,4,0,1,2,A,-,10,21950,A,M,G,B,B,A,H,-,A,A,0,Y,,,,Y,,A,07,0,0,1,0,1,0,0,0,0,"- ","- ",,,"SAN BERNARDINO",FONTANA,-117.49228101,34.035647390000001
7190036,2016,2016-05-24,3604,2016-02-17,0010,530,,3,5,6,3604,0,0,0,,0,,"RT 66","SULTANA AV",88.00,E,N,A,-,Y,,,,,,,,,,N,1,1,1,2,A,-,01,23153,,N,C,G,A,A,H,-,C,D,0,,Y,,,Y,Y,A,01,0,1,0,0,0,1,0,0,0,"- ","- ",,,"SAN BERNARDINO",FONTANA,,
7191160,2016,2016-02-24,3600,2016-02-07,2302,D6180,HE111,7,5,5,3619,0,0,0,,0,HE1,"MAPLE AV","MAUNA LOA ST",0.00,,Y,A,-,N,,,,,,,,,,N,4,0,1,2,A,-,09,21802,A,F,G,B,A,A,H,-,C,A,0,,Y,,,Y,,A,01,0,0,1,0,0,0,1,0,0,"- ","- ",,,"SAN BERNARDINO",HESPERIA,-117.34661011999999,34.442630110000003
7192155,2015,2016-03-02,3607,2015-12-10,1712,80350,338,4,5,6,3607,0,0,0,,0,041,"4TH ST","WINEVILLE AV",0.00,,Y,A,-,N,,,,,,,,,,Y,3,0,1,2,A,-,10,21950,,N,G,B,B,A,H,-,C,A,0,Y,,,,Y,,A,01,0,1,0,0,1,0,0,0,0,"- ","- ",,,"SAN BERNARDINO",ONTARIO,-117.5392901,34.07721007
7199315,2015,2016-03-09,3607,2015-12-24,1826,80473,12,4,5,6,3607,0,0,0,,0,021,"6TH ST","CAMPUS AV",0.00,,Y,B,-,N,,,,,,,,,,N,4,0,1,2,A,-,10,21950,A,N,G,B,B,A,H,-,D,D,0,Y,,,,Y,Y,-,,0,0,1,0,1,0,0,0,0,"- ","- ",,,"SAN BERNARDINO",ONTARIO,-117.64141011,34.085210080000003
7199519,2015,2016-03-28,3600,2015-04-02,1952,S3852,HI014,4,5,4,3618,0,0,0,,0,HI2,"PALM AV","CYPRESS ST",0.00,,Y,A,-,N,,,,,,,,,,N,1,1,0,2,A,-,03,22350,,N,G,B,D,A,H,-,E,D,0,Y,,,,Y,Y,A,01,0,0,0,1,0,0,0,0,0,"- ","- ",,,"SAN BERNARDINO",HIGHLAND,-117.20877,34.113270020000002
7199538,2015,2016-05-05,3600,2015-10-19,0739,T1686,AP008,1,5,5,3621,0,0,0,,0,AP3,"BEAR VALLEY RD","REATA RD",0.00,,Y,A,-,N,,,,,,,,,,N,1,1,0,2,A,-,10,21950,A,N,G,B,B,A,H,-,A,A,0,Y,,,,Y,,D,22,0,0,0,1,0,0,0,0,0,"- ","- ",,,"SAN BERNARDINO","APPLE VALLEY",-117.24525006,34.471140030000001
7199657,2016,2018-09-25,3610,2016-04-02,2500,50840,,6,5,6,3610,0,0,0,,0,,"E 9TH ST","PRESTON AV",291.00,W,N,A,-,N,,,,,,,,,,N,1,1,0,3,A,-,11,21950,B,N,G,C,D,A,H,-,D,D,0,Y,,,,Y,Y,N,60,0,0,0,1,0,0,0,0,0,"- ","- ",34.1158,-117.27347,"SAN BERNARDINO","SAN BERNARDINO",-117.27555834,34.11579304
7200005,2017,2019-04-08,3609,2017-01-10,1825,0456,144,2,5,5,3609,0,0,0,,0,003,"CEDAR AV","SECOND ST",363.00,N,N,B,-,N,,,,,,,,,,Y,1,1,0,2,A,-,11,21954,A,F,G,B,D,A,H,-,C,D,0,Y,,,,Y,,N,60,0,0,0,1,0,0,0,0,0,"- ","- ",34.100700000000003,-117.3927,"SAN BERNARDINO",RIALTO,-117.39655999999999,34.103374580000001
7200191,2017,2019-04-08,3610,2017-04-27,1752,50808,,4,5,6,3610,0,0,0,,0,,"W BASELINE AV","N DAVISDON AV",0.00,,Y,A,-,N,,,,,,,,,,Y,1,1,0,3,A,-,01,23152,A,N,G,B,B,A,H,-,A,A,0,Y,,,,Y,Y,D,22,0,0,0,1,0,0,0,0,0,"- ","- ",,,"SAN BERNARDINO","SAN BERNARDINO",-117.30978002000001,34.12133008
7201210,2016,2016-03-14,3605,2016-02-08,0320,365,,1,5,4,3605,0,0,0,,0,,"BANDERA ST","CENTRAL AV",12.00,W,N,A,-,N,,,,,,,,,,N,2,0,1,2,A,-,10,21950,A,F,G,B,D,A,H,-,C,D,0,Y,,,,Y,,A,01,1,0,0,0,1,0,0,0,0,"- ","- ",,,"SAN BERNARDINO",MONTCLAIR,-117.68968843,34.064992320000002
7205377,2016,2016-03-11,3600,2016-02-29,1641,A4209,HE129,1,5,5,3619,0,0,0,,0,HE5,"9TH AV","SMOKE TREE ST",0.00,,Y,A,-,N,,,,,,,,,,N,3,0,1,2,A,-,08,22107,,N,G,G,A,A,H,-,A,A,0,,Y,,,Y,,A,01,0,1,0,0,0,0,1,0,0,"- ","- ",,,"SAN BERNARDINO",HESPERIA,-117.31954002000001,34.428110019999998
8026693,2016,2016-04-25,3607,2016-04-01,1757,80483,128,5,5,6,3607,0,0,0,,0,022,"HOLT BL","MIRAMONTE AV",0.00,,Y,A,-,N,,,,,,,,,,Y,3,0,3,4,A,-,09,21801,A,N,A,C,F,A,H,-,A,A,0,Y,,,,Y,,-,,0,1,2,0,1,0,0,0,0,"- ","- ",,,"SAN BERNARDINO",ONTARIO,-117.64257001,34.063370050000003
8027735,2015,2016-04-26,3601,2015-12-02,1400,P48,,3,5,3,3601,0,0,0,,0,PATROL,"WILLIAMS ST","SOUTH 1ST AV",15.00,W,N,A,-,N,,,,,,,,,,N,4,0,1,2,A,-,03,22350,,N,G,B,E,A,H,-,A,D,0,Y,,,,Y,,A,01,0,0,1,0,1,0,0,0,0,"- ","- ",,,"SAN BERNARDINO",BARSTOW,-117.02769000000001,34.897689999999997
8037939,2016,2016-05-16,3600,2016-04-04,0821,S2984,YC207,1,5,4,3640,0,0,0,,0,YC1,"CALIFORNIA ST","ACACIA AV",0.00,,Y,A,-,N,,,,,,,,,,N,3,0,1,2,A,-,12,22450,,N,D,G,A,A,H,-,A,A,0,,Y,,,Y,,L,04,0,1,0,0,0,0,1,0,0,"- ","- ",,,"SAN BERNARDINO",YUCAIPA,-117.03880012,34.034870040000001
8040521,2016,2016-05-18,3609,2016-04-22,1100,8510,146,5,5,5,3609,0,0,0,,0,003,"CEDAR AV","DURST DR",0.00,,Y,A,-,N,,,,,,,,,,N,3,0,1,2,A,-,05,21650,,N,D,G,A,A,H,-,A,D,0,,Y,,,Y,,L,04,0,1,0,0,0,0,1,0,0,"- ","- ",,,"SAN BERNARDINO",RIALTO,-117.39653010000001,34.094230099999997
8043017,2016,2016-05-18,3600,2016-05-02,0824,N0821,CH013,1,5,5,3630,0,0,0,,0,CH04,"BUTTERFIELD RANCH RD","SOQUEL CANYON PKWY",538.00,S,N,A,-,N,,,,,,,,,,N,3,0,1,2,A,-,09,21804,A,N,D,G,A,A,H,-,A,D,0,,Y,,,Y,,A,01,0,1,0,0,0,0,1,0,0,"- ","- ",,,"SAN BERNARDINO","CHINO HILLS",-117.69271639999999,33.961356129999999
8047232,2016,2016-05-16,3610,2016-04-22,1455,50936,,5,5,6,3610,0,0,0,,0,POLICE,"N CANYON RD","E GILBERT ST",0.00,,Y,A,-,N,,,,,,,,,,N,3,0,1,2,A,-,05,21650,1,N,D,G,A,A,H,-,A,A,0,,Y,,,Y,,L,04,0,1,0,0,0,0,1,0,0,"- ","- ",34.126800000000003,-117.26626,"SAN BERNARDINO","SAN BERNARDINO",-117.2662701,34.126790120000003
8047602,2016,2016-05-24,3600,2016-05-06,2008,D6180,HE132,5,5,5,3619,0,0,0,,0,HE1,"HESPERIA RD","WILLOW ST",150.00,N,N,B,-,N,,,,,,,,,,N,3,0,1,2,A,-,11,21956,A,N,G,B,E,A,H,-,D,-,0,Y,,,,Y,Y,N,60,0,1,0,0,1,0,0,0,0,"- ","- ",,,"SAN BERNARDINO",HESPERIA,-117.29990265000001,34.431704500000002
8052342,2016,2016-06-07,3607,2016-05-13,1629,80317,200,5,5,6,3607,0,0,0,,0,052,"WEST ELM ST","EUCLID AV",0.00,W,N,A,-,N,,,,,,,,,,N,3,0,1,2,A,-,10,21950,A,N,-,B,D,A,H,-,A,D,0,Y,,,,Y,,N,60,0,1,0,0,1,0,0,0,0,"- ","- ",,,"SAN BERNARDINO",ONTARIO,-117.65109011,34.046530060000002
8060187,2016,2016-06-15,3607,2016-05-28,1515,80536,30,6,5,6,3607,0,0,0,,0,031,"5TH ST","GROVE AV",0.00,,Y,A,-,N,,,,,,,,,,N,4,0,1,2,A,-,05,21202,A,N,G,B,A,A,H,-,A,D,0,,Y,,,Y,,L,04,0,0,1,0,0,0,1,0,0,"- ","- ",,,"SAN BERNARDINO",ONTARIO,-117.62856001,34.08126
8060614,2016,2016-06-20,3610,2016-05-14,2212,50818,,6,5,6,3610,0,0,0,,0,POLICE,"E LYNWOOD DR","MOUNTAIN AV",146.00,W,N,A,-,N,,,,,,,,,,Y,4,0,1,2,A,-,09,21800,A,N,G,B,D,A,H,-,C,D,0,Y,,,,Y,,N,60,0,0,1,0,1,0,0,0,0,"- ","- ",,,"SAN BERNARDINO","SAN BERNARDINO",-117.25726105,34.1467405
8065809,2016,2016-06-21,3604,2016-06-08,2145,768,,3,5,6,3604,0,0,0,,0,,"ARROW BL","LOCUST AV",0.00,,Y,A,-,N,,,,,,,,,,N,2,0,1,2,A,-,12,21453,A,N,D,G,A,A,H,-,C,A,0,,Y,,,Y,,A,01,1,0,0,0,0,0,1,0,0,"- ","- ",,,"SAN BERNARDINO",FONTANA,-117.40964013,34.099480049999997
8073281,2016,2016-07-08,3602,2016-05-12,1633,3402,,4,5,5,3602,0,0,0,,0,005,"RIVERSIDE DR","RAMONA AV",13.00,E,N,A,-,N,,,,,,,,,,Y,3,0,1,2,A,-,05,21650,1,N,D,G,A,A,H,-,A,A,0,,Y,,,Y,,L,04,0,1,0,0,0,0,1,0,0,"- ","- ",,,"SAN BERNARDINO",CHINO,-117.70671722,34.018940790000002
8084599,2016,2016-07-22,3611,2016-04-01,0030,512,3611,5,5,5,3611,0,0,0,,0,004,"9TH ST","2ND AV",76.00,E,N,A,-,N,,,,,,,,,,N,3,0,1,2,A,-,21,22106,,M,G,B,E,A,H,-,C,A,0,Y,,,,Y,,A,01,0,1,0,0,1,0,0,0,0,"- ","- ",,,"SAN BERNARDINO",UPLAND,-117.64820963,34.096149009999998
8085998,2016,2016-07-25,3604,2016-06-25,1856,1043,,6,5,6,3604,0,0,0,,0,,"VALLEY BL","HEALTHCARE PKWY",739.00,W,N,A,-,N,,,,,,,,,,N,4,0,1,2,A,-,09,21804,A,N,D,B,F,A,H,-,A,D,0,Y,,,,Y,,A,01,0,0,1,0,1,0,0,0,0,"- ","- ",,,"SAN BERNARDINO",FONTANA,-117.43176312999999,34.070390000000003
8087712,2016,2017-02-24,3600,2016-05-14,0237,D7726,YC405,6,5,4,3640,0,0,0,,0,YC3,"YUCAIPA BL","RT 10",160.00,S,N,A,-,Y,SBD,8,10,-,-,35.361,R,4,W,Y,3,0,1,3,A,-,01,23152,A,N,C,B,E,A,H,-,C,A,0,Y,,,Y,Y,Y,A,07,0,1,0,0,1,0,0,0,0,"- ",WO,,,"SAN BERNARDINO",YUCAIPA,-117.12160347,34.027478960000003
8089999,2016,2016-11-03,3610,2016-08-31,1124,50562,,3,5,6,3610,0,0,0,,0,,"S MT VERNON AV","HUFF ST",0.00,,Y,A,-,N,,,,,,,,,,N,4,0,1,2,A,-,08,22107,,F,G,G,A,A,H,-,-,A,0,,Y,,,Y,,A,01,0,0,1,0,0,0,1,0,0,"- ","- ",34.091099999999997,-117.31382000000001,"SAN BERNARDINO","SAN BERNARDINO",-117.31383011,34.091090010000002
8102662,2016,2016-08-18,3604,2016-07-13,1524,678,,3,5,6,3604,0,0,0,,0,,"EAST LIBERTY PKWY","SANTA LUCIA ST",0.00,,Y,A,-,N,,,,,,,,,,N,4,0,1,2,A,-,10,21950,A,M,D,B,D,A,H,-,A,D,0,Y,,,,Y,,A,01,0,0,1,0,1,0,0,0,0,"- ","- ",,,"SAN BERNARDINO",FONTANA,-117.49089004,34.115330100000001
8110240,2016,2016-08-30,3610,2016-07-17,2314,,,7,5,6,3610,0,0,0,,0,,"HIGHLAND AV","PALM AV",686.00,W,N,A,-,N,,,,,,,,,,N,3,0,2,2,C,-,18,,,N,E,I,-,A,H,-,C,D,0,Y,,,,Y,,-,"- ",0,1,1,0,1,0,0,0,0,"- ","- ",34.135779999999997,-117.20874000000001,"SAN BERNARDINO","SAN BERNARDINO",-117.21101955,34.135771589999997
8113236,2016,2016-09-07,3607,2016-08-24,1732,80263,22,3,5,6,3607,0,0,0,,0,011,"5TH ST","MOUNTAIN AV",430.00,W,N,A,-,N,,,,,,,,,,N,2,0,1,2,A,-,11,21954,A,N,G,B,D,A,H,-,A,D,0,Y,,,,Y,,N,60,1,0,0,0,1,0,0,0,0,"- ","- ",,,"SAN BERNARDINO",ONTARIO,-117.67155635,34.081474149999998
8125305,2016,2016-11-10,3610,2016-08-19,2000,50919,,5,5,6,3610,0,0,0,,0,POLICE,"EAST HIGHLAND AV","N VALENCIA ST",0.00,,Y,A,-,N,,,,,,,,,,N,3,0,1,2,C,-,18,,,N,G,B,D,A,H,-,C,A,0,Y,,,,Y,,-,"- ",0,1,0,0,1,0,0,0,0,"- ","- ",34.136209999999998,-117.27191000000001,"SAN BERNARDINO","SAN BERNARDINO",-117.27252002,34.135900100000001
81463748,2021,2021-05-03,3607,2021-04-07,0540,80370,313,3,5,6,3607,0,0,0,,0,ARP,"AIRPORT DR","HELLMAN PRIVADO",50.00,E,N,C,-,N,,,,,,,,,,N,4,0,1,2,A,-,03,22350,,N,C,G,A,A,H,-,C,A,0,,Y,,,Y,,A,01,0,0,1,0,0,0,1,0,0,"- ","- ",,,"SAN BERNARDINO",ONTARIO,-117.60199737548828,34.062324523925781
8147057,2016,2016-10-13,3604,2016-09-28,2045,768,,3,5,6,3604,0,0,0,,0,,"MAPLE AV","EDISON POLE #1027443E",134.00,S,N,A,-,N,,,,,,,,,,N,4,0,1,2,A,-,11,21954,A,N,G,B,E,A,H,-,C,A,0,Y,,,,Y,,N,60,0,0,1,0,1,0,0,0,0,"- ","- ",,,"SAN BERNARDINO",FONTANA,,
8147745,2016,2016-10-19,3604,2016-09-30,0700,599,,5,5,6,3604,0,0,0,,0,001,"KNOX AV","CURTIS AV",755.00,N,N,A,-,N,,,,,,,,,,N,4,0,1,2,A,-,05,21650,1,N,D,G,A,A,H,-,A,A,0,,Y,,,Y,,L,04,0,0,1,0,0,0,1,0,0,"- ","- ",,,"SAN BERNARDINO",FONTANA,-117.46220956000001,34.145228690000003
81488147,2021,2021-06-03,3607,2021-05-27,1858,19890,98,4,5,6,3607,0,0,0,,0,012,"460 N MOUNTAIN AVE","FLORA ST",50.00,S,N,A,-,N,,,,,,,,,,N,4,0,1,2,D,-,00,,,N,G,B,F,A,H,-,A,D,0,Y,,,,Y,,-,"- ",0,0,1,0,1,0,0,0,0,"- ","- ",,,"SAN BERNARDINO",ONTARIO,-117.67006683349609,34.068622589111328
8155378,2016,2016-11-03,3609,2016-10-14,1450,5491,112,5,5,5,3609,0,0,0,,0,002,"RIVERSIDE AV","WABASH ST",0.00,,Y,A,-,N,,,,,,,,,,N,2,0,1,2,A,-,11,21950,B,N,G,B,B,A,H,-,A,D,0,Y,,,,Y,,N,60,1,0,0,0,1,0,0,0,0,"- ","- ",34.070540000000001,-117,"SAN BERNARDINO",RIALTO,-117.37040012999999,34.118070070000002
8155558,2016,2016-11-04,3609,2016-08-04,1730,9252,152,4,5,5,3609,0,0,0,,0,004,"SYCAMORE AV",CERES,0.00,,Y,A,-,N,,,,,,,,,,N,3,0,1,2,A,-,09,21804,A,N,D,G,A,-,H,-,A,D,0,,Y,,,Y,,L,04,0,1,0,0,0,0,1,0,0,"- ","- ",,,"SAN BERNARDINO",RIALTO,-117.36596003,34.093190010000001
8156783,2016,2016-10-31,3602,2016-07-17,2152,3536,,7,5,5,3602,0,0,0,,0,001,"WALNUT AV","RAMONA AV",0.00,,Y,A,-,N,,,,,,,,,,N,3,0,1,2,A,-,11,21954,A,N,G,B,E,A,H,-,C,A,0,Y,,,,Y,,N,60,0,1,0,0,1,0,0,0,0,"- ","- ",,,"SAN BERNARDINO",CHINO,-117.70681002000001,34.026160009999998
81598568,2021,2021-10-18,3602,2021-09-30,0730,3978,,4,5,5,3602,0,0,0,,0,001,"PARK PL","10TH ST",0.00,,Y,A,-,N,,,,,,,,,,N,3,0,1,2,A,-,10,21950,A,N,G,B,B,A,H,-,A,A,0,Y,,,,Y,,N,60,0,1,0,0,1,0,0,0,0,"- ","- ",34.0211181640625,-117.68669891357422,"SAN BERNARDINO",CHINO,-117.68679809570312,34.021087646484375
8161366,2016,2016-12-21,3610,2016-10-14,0609,51003,,5,5,6,3610,0,0,0,,0,POLICE,"W BASELINE ST","N E ST",0.00,,Y,B,-,N,,,,,,,,,,N,4,0,1,2,A,-,11,21954,A,N,G,B,D,A,H,-,B,A,0,Y,,,,Y,Y,N,60,0,0,1,0,1,0,0,0,0,"- ","- ",34.121340000000004,-117.29419,"SAN BERNARDINO","SAN BERNARDINO",-117.29416011000001,34.121350040000003