CASE_ID,ACCIDENT_YEAR,PROC_DATE,JURIS,COLLISION_DATE,COLLISION_TIME,OFFICER_ID,REPORTING_DISTRICT,DAY_OF_WEEK,CHP_SHIFT,POPULATION,CNTY_CITY_LOC,SPECIAL_COND,BEAT_TYPE,CHP_BEAT_TYPE,CITY_DIVISION_LAPD,CHP_BEAT_CLASS,BEAT_NUMBER,PRIMARY_RD,SECONDARY_RD,DISTANCE,DIRECTION,INTERSECTION,WEATHER_1,WEATHER_2,STATE_HWY_IND,CALTRANS_COUNTY,CALTRANS_DISTRICT,STATE_ROUTE,ROUTE_SUFFIX,POSTMILE_PREFIX,POSTMILE,LOCATION_TYPE,RAMP_INTERSECTION,SIDE_OF_HWY,TOW_AWAY,COLLISION_SEVERITY,NUMBER_KILLED,NUMBER_INJURED,PARTY_COUNT,PRIMARY_COLL_FACTOR,PCF_CODE_OF_VIOL,PCF_VIOL_CATEGORY,PCF_VIOLATION,PCF_VIOL_SUBSECTION,HIT_AND_RUN,TYPE_OF_COLLISION,MVIW,PED_ACTION,ROAD_SURFACE,ROAD_COND_1,ROAD_COND_2,LIGHTING,CONTROL_DEVICE,CHP_ROAD_TYPE,PEDESTRIAN_ACCIDENT,BICYCLE_ACCIDENT,MOTORCYCLE_ACCIDENT,TRUCK_ACCIDENT,NOT_PRIVATE_PROPERTY,ALCOHOL_INVOLVED,STWD_VEHTYPE_AT_FAULT,CHP_VEHTYPE_AT_FAULT,COUNT_SEVERE_INJ,COUNT_VISIBLE_INJ,COUNT_COMPLAINT_PAIN,COUNT_PED_KILLED,COUNT_PED_INJURED,COUNT_BICYCLIST_KILLED,COUNT_BICYCLIST_INJURED,COUNT_MC_KILLED,COUNT_MC_INJURED,PRIMARY_RAMP,SECONDARY_RAMP,LATITUDE,LONGITUDE,COUNTY,CITY,POINT_X,POINT_Y
90683945,2018,2018-03-16,9860,2018-03-15,0641,019251,,4,1,4,3603,0,1,1,,2,103,"I-10 E/B","RANCHO AVE",113.00,W,N,B,C,Y,,,10,,,,,,E,Y,3,0,2,4,A,-,05,21651,A,N,C,C,E,B,H,-,C,D,0,Y,,,,Y,,D,22,0,1,1,0,1,0,0,0,0,"- ","- ",34.067501068115234,-117.336181640625,"SAN BERNARDINO",COLTON,-117.33618927001953,34.067481994628906
9068919,2020,2020-07-21,3608,2020-04-04,1941,4903,3608,6,5,5,3608,0,0,0,,0,,"WEST COLTON AV","TEXAS ST",8.00,E,N,A,-,N,,,,,,,,,,N,3,0,2,3,A,-,10,21950,A,N,G,B,B,A,H,-,C,A,0,Y,,,,Y,,A,01,0,2,0,0,2,0,0,0,0,"- ","- ",,,"SAN BERNARDINO",REDLANDS,-117.19125366210938,34.062877655029297
90696119,2018,2018-04-02,9860,2018-03-31,2010,020051,,6,2,9,3600,0,3,5,,2,002,"CAJON BLVD.","KERN ST",174.00,N,N,A,-,N,,,,,,,,,,N,2,0,1,2,A,-,11,21954,A,N,G,B,D,A,H,-,D,D,0,Y,,,,Y,Y,N,60,1,0,0,0,1,0,0,0,0,"- ","- ",34.157661437988281,-117.33566284179688,"SAN BERNARDINO",UNINCORPORATED,-117.33563232421875,34.157596588134766
90699738,2018,2018-04-05,9865,2018-03-28,1749,016179,,3,2,9,3600,0,3,5,,2,003,"FIR LANE","OAK LANE",4.00,N,N,A,-,N,,,,,,,,,,N,2,0,1,1,A,-,08,22107,,N,F,A,A,A,B,-,A,D,0,,Y,,,Y,,L,04,1,0,0,0,0,0,1,0,0,"- ","- ",34.245109558105469,-116.80001068115234,"SAN BERNARDINO",UNINCORPORATED,-116.80001068115234,34.245079040527344
90703711,2018,2018-04-11,9870,2018-04-03,1310,013751,,2,1,9,3600,0,1,3,,1,031,"STATE ROUTE 62 (TWENTYNINE PALMS HWY)","ELWOOD STREET",51.00,W,N,A,-,Y,,,62,,,,,,,N,3,0,1,2,A,-,11,21954,A,N,G,B,D,A,H,-,A,D,0,Y,,,,Y,,N,60,0,1,0,0,1,0,0,0,0,"- ","- ",34.134811401367188,-116.31646728515625,"SAN BERNARDINO",UNINCORPORATED,-116.31647491455078,34.134971618652344
9071332,2020,2020-07-13,3609,2020-06-14,2347,02278,RI141,7,5,5,3609,0,0,0,,0,004,"FOOTHILL BL","ACACIA AVE",0.00,,Y,A,-,N,,,,,,,,,,N,4,0,1,2,A,-,11,21954,A,N,G,B,B,A,D,-,C,A,0,Y,,,,Y,,N,60,0,0,1,0,1,0,0,0,0,"- ","- ",34.10675048828125,-117.36150360107422,"SAN BERNARDINO",RIALTO,-117.36164093017578,34.106761932373047
90726432,2018,2018-05-15,9860,2018-04-25,2156,020387,,3,2,6,3610,0,1,1,,2,216,"I-215 NORTHBOUND","HIGHLAND AVE.",310.00,S,N,A,-,Y,,,215,,,,,,N,N,2,0,1,2,A,-,11,21954,A,N,G,B,E,A,H,-,D,D,0,Y,,,Y,Y,,N,60,1,0,0,0,1,0,0,0,0,"- ","- ",34.135440826416016,-117.31230163574219,"SAN BERNARDINO","SAN BERNARDINO",-117.31217193603516,34.135707855224609
90729507,2017,2018-05-18,9855,2017-08-04,1231,018313,,5,1,6,3604,0,1,1,,2,101,"I-10 E/B (SAN BERNARDINO FWY)","CITRUS AVE.",4033.00,W,N,A,-,Y,,,10,,,,,,E,Y,1,4,1,5,A,-,08,22107,,N,C,E,E,A,H,-,A,D,0,Y,,,,Y,Y,D,22,0,1,0,2,0,0,0,0,0,"- ","- ",34.066409999999998,-117.462,"SAN BERNARDINO",FONTANA,-117.4619995,34.066388199999999
9073610,2020,2020-07-20,3602,2020-04-01,1240,3299,,3,5,5,3602,0,0,0,,0,001,"CENTRAL AV","COUNTRY FAIR",11.00,N,N,A,-,N,,,,,,,,,,N,4,0,1,2,D,-,00,,,N,G,B,B,A,H,-,A,A,0,Y,,,,Y,,-,"- ",0,0,1,0,1,0,0,0,0,"- ","- ",38.034561157226562,-117.68949890136719,"SAN BERNARDINO",CHINO,,
90793116,2018,2018-08-17,9855,2018-07-20,0016,017313,,5,3,6,3607,0,1,1,,2,152,"I-15 S/B (ONTARIO FWY)","JURUPA ST.",1584.00,N,N,A,-,Y,,,15,,,,,,S,Y,2,0,1,3,A,-,03,22350,,N,G,B,E,A,H,-,C,D,0,Y,,,,Y,,A,01,1,0,0,0,1,0,0,0,0,"- ","- ",34.051570892333984,-117.54885864257812,"SAN BERNARDINO",ONTARIO,-117.548828125,34.051551818847656
9079594,2020,2020-06-22,3609,2020-03-05,1715,5149,RI095,4,5,5,3609,0,0,0,,0,001,"AYALA DR","BASELINE RD",0.00,,Y,A,-,N,,,,,,,,,,N,3,0,1,2,A,-,03,22350,,N,G,B,B,A,H,-,A,A,0,Y,,,,Y,,A,01,0,1,0,0,1,0,0,0,0,"- ","- ",34.12139892578125,-117.39669799804688,"SAN BERNARDINO",RIALTO,-117.39662170410156,34.121318817138672
90813658,2018,2018-09-14,9855,2018-08-20,1826,017808,,1,2,9,3600,0,3,5,,2,003,"MOUNTAIN AVENUE","W. 25TH STREET",0.00,,Y,B,-,N,,,,,,,,,,Y,1,1,1,2,A,-,09,21802,A,N,D,G,A,A,H,-,A,A,0,,Y,,,Y,,A,07,0,1,0,0,0,1,0,0,0,"- ","- ",34.155471801757812,-117.66104125976562,"SAN BERNARDINO",UNINCORPORATED,-117.66103363037109,34.155551910400391
90813833,2018,2018-09-17,9860,2018-09-06,0605,019674,,4,1,9,3600,0,2,4,,2,411,"CEDAR AVE","2ND ST.",200.00,S,N,A,-,N,,,,,,,,,,N,2,0,1,3,A,-,11,21956,,F,G,B,E,A,H,-,B,D,0,Y,,,,Y,,N,60,1,0,0,0,1,0,0,0,0,"- ","- ",34.034591674804688,-117.39408874511719,"SAN BERNARDINO",UNINCORPORATED,-117.39407348632812,34.034683227539062
90821791,2018,2018-09-26,9860,2018-06-05,0420,020346,,2,3,5,3608,0,1,1,,2,104,"INTERSTATE 10 EASTBOUND","ALABAMA STREET",1032.00,W,N,A,-,Y,,,10,,,,,,E,Y,1,1,1,2,A,-,11,21954,A,N,G,B,E,A,H,-,D,D,0,Y,,,,Y,,N,60,0,1,0,1,0,0,0,0,0,"- ","- ",34.066509246826172,-117.21228790283203,"SAN BERNARDINO",REDLANDS,-117.21228790283203,34.066482543945312
90830889,2018,2018-10-08,9850,2018-09-24,0521,019552,,1,3,5,3612,0,1,1,,2,083,"INTERSTATE 15 SOUTHBOUND","PALMDALE RD",1859.00,N,N,A,-,Y,,,15,,,,,,S,N,1,1,0,3,A,-,11,21954,A,F,G,B,E,A,H,-,D,D,0,Y,,,Y,Y,,N,60,0,0,0,1,0,0,0,0,0,"- ","- ",34.514759063720703,-117.32102203369141,"SAN BERNARDINO",VICTORVILLE,-117.32114410400391,34.514793395996094
90832375,2018,2019-03-29,9860,2018-09-28,0710,019269,,5,1,9,3600,0,3,5,,2,002,"PACIFIC STREET","GLASGOW AVENUE",0.00,,Y,A,-,N,,,,,,,,,,N,1,1,0,2,A,-,10,21950,A,F,G,B,B,A,H,-,A,A,0,Y,,,,Y,,A,07,0,0,0,1,0,0,0,0,0,"- ","- ",34.128570556640625,-117.25464630126953,"SAN BERNARDINO",UNINCORPORATED,-117.25453186035156,34.12860107421875
90858310,2018,2018-11-12,9870,2018-11-06,1847,016935,,2,2,9,3600,0,1,3,,1,031,"STATE ROUTE 62 (TWENTYNINE PALMS HWY)","HALLEE ROAD",0.00,,Y,A,-,Y,,,62,,,,,,,N,2,0,1,2,A,-,10,21950,A,N,G,B,B,A,H,-,C,A,0,Y,,,,Y,,D,22,1,0,0,0,1,0,0,0,0,"- ","- ",34.134929656982422,-116.32375335693359,"SAN BERNARDINO",UNINCORPORATED,-116.32375335693359,34.134971618652344
9087714,2020,2020-07-14,3610,2020-03-21,1126,50733,,6,5,6,3610,0,0,0,,0,ADAM,"W RIALTO AV","RANDAL AV",15.00,W,N,A,-,N,,,,,,,,,,Y,4,0,3,4,A,-,08,22100,A,N,B,C,-,A,H,-,A,D,0,Y,,,,Y,,A,08,0,0,3,0,1,0,0,0,0,"- ","- ",34.100521087646484,-117.30467987060547,"SAN BERNARDINO","SAN BERNARDINO",-117.30474853515625,34.100849151611328
90877205,2018,2018-12-06,9865,2018-11-29,2030,018232,,4,2,9,3600,0,3,5,,2,001,"FOREST SHADE RD","LAKE DR",229.00,S,N,C,E,N,,,,,,,,,,N,4,0,1,2,A,-,09,21804,A,M,G,B,E,B,H,-,D,D,0,Y,,,,Y,,A,01,0,0,1,0,1,0,0,0,0,"- ","- ",34.242889404296875,-117.27794647216797,"SAN BERNARDINO",UNINCORPORATED,-117.27799987792969,34.242954254150391
90883150,2018,2018-12-14,9855,2018-11-28,1641,018212,,3,2,9,3600,0,3,5,,2,001,"HEMLOCK AVE (9700 BLOCK)","SAN BERNARDINO AVE.",250.00,S,N,A,-,N,,,,,,,,,,N,3,0,1,2,A,-,09,21801,A,N,D,G,A,A,H,-,B,D,0,,Y,,,Y,,L,04,0,1,0,0,0,0,1,0,0,"- ","- ",34.076808929443359,-117.47556304931641,"SAN BERNARDINO",UNINCORPORATED,-117.47557067871094,34.076763153076172
90909673,2019,2019-02-25,9865,2019-01-10,1230,015271,,4,1,9,3600,0,3,5,,2,001,"CREST FOREST DR.","WOODLAND DR.",0.00,,Y,A,-,N,,,,,,,,,,N,2,0,2,3,A,-,11,21954,A,N,G,B,D,A,H,-,A,D,0,Y,,,,Y,,N,60,1,1,0,0,2,0,0,0,0,"- ","- ",34.238670349121094,-117.29194641113281,"SAN BERNARDINO",UNINCORPORATED,-117.29199981689453,34.238578796386719
9093519,2020,2020-07-27,3610,2020-04-02,1955,51245,,4,5,6,3610,0,0,0,,0,BAKER,"W KENDALL DR","N YALE RD",0.00,,Y,A,-,N,,,,,,,,,,N,3,0,1,2,A,-,11,21954,A,N,G,B,E,A,H,-,C,D,0,Y,,,,Y,Y,N,60,0,1,0,0,1,0,0,0,0,"- ","- ",34.164390563964844,-117.30587005615234,"SAN BERNARDINO","SAN BERNARDINO",,
90964964,2019,2019-04-10,9855,2019-03-24,0517,016375,,7,3,6,3604,0,1,1,,2,201,"SR-210 W/B TO I-15 S/B","I-15 N/B (ONTARIO FWY)",58.00,W,N,A,-,Y,,,210,,,,R,,W,Y,2,0,8,7,A,-,03,22350,,N,D,C,E,A,H,-,D,D,0,Y,,,,Y,,A,08,1,4,3,0,4,0,0,0,0,"- ","- ",34.138408660888672,-117.49313354492188,"SAN BERNARDINO",FONTANA,-117.49313354492188,34.138408660888672
9096803,2019,2020-07-23,3609,2019-01-27,0904,5403,R1143,7,5,5,3609,0,0,0,,0,003,"RIALTO AV","MAPLE AV",150.00,E,N,A,-,N,,,,,,,,,,N,2,0,1,2,A,-,01,23152,A,M,G,B,D,A,H,-,A,D,0,Y,,,,Y,Y,-,,1,0,0,0,1,0,0,0,0,"- ","- ",34.100200653076172,-117.39219665527344,"SAN BERNARDINO",RIALTO,-117.40476226806641,34.099491119384766
90968907,2019,2019-04-16,9850,2019-04-10,1435,021643,,3,2,5,3619,1,4,S,,2,901,"PEACH AVENUE","FAIRBURN STREET",0.00,,Y,A,-,N,,,,,,,,,,N,3,0,1,2,A,-,12,22450,A,N,D,G,A,A,H,-,A,D,0,,Y,,,Y,,L,04,0,1,0,0,0,0,1,0,0,"- ","- ",34.392658233642578,-117.26197052001953,"SAN BERNARDINO",HESPERIA,-117.26199340820312,34.392688751220703
90983562,2019,2020-05-07,9860,2019-01-19,1842,021502,,6,2,5,3608,0,1,1,,2,105,"INTERSTATE 10 EASTBOUND","EUREKA STREET",89.00,E,N,A,-,Y,,,10,,,,,,E,Y,1,1,1,3,A,-,11,21954,A,N,G,B,E,A,D,E,C,D,0,Y,,,,Y,,N,60,0,0,1,1,0,0,0,0,0,"- ","- ",34.061710357666016,-117.18598937988281,"SAN BERNARDINO",REDLANDS,-117.18598937988281,34.061656951904297
90993977,2019,2019-05-22,9850,2019-05-04,2234,021422,,6,3,9,3600,0,1,3,,2,040,"STATE ROUTE 18","CODY ROAD",495.00,W,N,A,-,Y,,,18,,,,,,,Y,1,1,3,2,A,-,11,21954,A,N,G,B,E,A,H,-,D,D,0,Y,,,,Y,,N,60,2,0,1,1,0,0,0,0,0,"- ","- ",34.443679809570312,-116.97810363769531,"SAN BERNARDINO",UNINCORPORATED,-116.97810363769531,34.443706512451172
90998471,2019,2019-05-29,9834,2019-05-22,1135,019916,,3,1,9,3600,0,2,4,,1,067,"PARKER DAM RD",SR-62,53856.00,E,N,B,-,N,,,,,,,,,,N,4,0,2,3,A,-,06,21750,A,N,B,C,E,A,D,-,A,D,0,Y,,,,Y,,E,22,0,0,2,0,1,0,0,0,0,"- ","- ",34.248161315917969,-114.17862701416016,"SAN BERNARDINO",UNINCORPORATED,-114.17901611328125,34.247756958007812
91041511,2019,2019-07-30,9860,2019-07-21,1215,019321,,7,1,9,3600,0,3,5,,2,004,"LINDEN AVE.","11TH ST",0.00,,Y,A,-,N,,,,,,,,,,N,3,0,1,2,A,-,12,22450,A,N,H,G,A,A,H,-,A,A,0,,Y,,,Y,,L,04,0,1,0,0,0,0,1,0,0,"- ","- ",34.044540405273438,-117.40071868896484,"SAN BERNARDINO",UNINCORPORATED,-117.40074157714844,34.044521331787109
9105057,2020,2020-07-17,3607,2020-03-03,1135,80293,127,2,5,6,3607,0,0,0,,0,022,"C ST","LEMON AV",20.00,W,N,A,-,N,,,,,,,,,,,4,0,1,2,A,-,17,22109,,N,G,B,C,A,H,-,A,D,0,Y,,,,Y,,A,01,0,0,1,0,1,0,0,0,0,"- ","- ",,,"SAN BERNARDINO",ONTARIO,-117.64963531494141,34.065780639648438
91050800,2019,2019-08-13,9855,2019-08-06,1710,017506,,2,2,9,3600,0,3,5,,2,004,"RAMONA AVE.","FRANCIS AVE.",0.00,,Y,A,-,N,,,,,,,,,,N,3,0,1,2,A,-,12,21453,A,N,D,G,A,A,H,-,A,A,0,,Y,,,Y,,L,04,0,1,0,0,0,0,1,0,0,"- ","- ",34.040699005126953,-117.70690155029297,"SAN BERNARDINO",UNINCORPORATED,-117.70694732666016,34.040721893310547
91080360,2019,2019-09-23,9855,2019-09-13,0750,016829,,5,1,6,3607,0,1,1,,2,103,"I-10 E/B FROM 4TH ST.","FOURTH ST.",32.00,S,N,A,-,Y,,,10,,,,R,,E,N,4,0,1,2,A,-,10,21950,A,N,G,B,B,A,H,-,A,A,0,Y,,,,Y,,D,22,0,0,1,0,1,0,0,0,0,"- ","- ",34.077640533447266,-117.62404632568359,"SAN BERNARDINO",ONTARIO,-117.62404632568359,34.077640533447266
91092015,2019,2019-10-07,9855,2019-07-27,2256,020664,,6,3,9,3600,0,3,5,,2,001,"VALLEY BLVD.","REDWOOD AVE.",135.00,E,N,A,-,N,,,,,,,,,,N,1,1,0,2,A,-,11,21954,A,F,G,B,E,A,H,-,C,A,0,Y,,,,Y,,N,60,0,0,0,1,0,0,0,0,0,"- ","- ",34.070171356201172,-117.48407745361328,"SAN BERNARDINO",UNINCORPORATED,-117.48386383056641,34.070201873779297
91114939,2019,2019-11-06,9850,2019-10-30,2005,021643,,3,2,9,3600,0,1,1,,2,084,"I-15 S/B (BARSTOW FREEWAY)","DALE EVANS PARKWAY",2100.00,S,N,A,-,Y,,,15,,,,,,S,Y,2,0,1,3,A,-,03,22350,,N,C,C,E,A,H,-,D,D,0,Y,,,Y,Y,,G,25,1,0,0,0,1,0,0,0,0,"- ","- ",34.639419555664062,-117.22186279296875,"SAN BERNARDINO",UNINCORPORATED,-117.22183227539062,34.639396667480469
91143110,2019,2019-12-13,9860,2019-09-07,2244,021229,,6,3,6,3610,0,1,1,,2,214,"INTERSTATE 215 NORTHBOUND","MASSACHUSETTS AVENUE",975.00,S,N,A,-,Y,,,215,,,,,,N,N,1,1,0,2,A,-,11,21954,A,N,G,B,E,A,H,-,D,D,0,Y,,,,Y,,N,60,0,0,0,1,0,0,0,0,0,"- ","- ",34.13079833984375,-117.30487823486328,"SAN BERNARDINO","SAN BERNARDINO",-117.30488586425781,34.13079833984375
91144607,2019,2019-12-16,9870,2019-11-09,1850,019208,,6,2,9,3600,0,1,3,,1,011,"STATE ROUTE 62 (TWENTYNINE PALMS HWY)","LANNING LANE",0.00,,Y,A,-,Y,,,62,,,,,,,Y,1,1,1,2,A,-,11,21954,A,N,G,B,D,A,H,-,C,D,0,Y,,,,Y,Y,N,60,1,0,0,1,0,0,0,0,0,"- ","- ",34.076038360595703,-116.54171752929688,"SAN BERNARDINO",UNINCORPORATED,-116.54177093505859,34.076114654541016
91152402,2019,2019-12-26,9860,2019-12-15,0030,020856,,7,3,5,3609,0,1,1,,2,201,"SR-210 E/B TO AYALA DRIVE","AYALA DRIVE",5.00,E,N,A,-,Y,,,210,,,,R,,E,N,4,0,1,2,A,-,12,21453,A,N,G,B,B,A,H,-,C,A,0,Y,,,,Y,,A,07,0,0,1,0,1,0,0,0,0,"- ","- ",34.135711669921875,-117.39232635498047,"SAN BERNARDINO",RIALTO,-117.39232635498047,34.135711669921875
9118670,2020,2020-09-10,3600,2020-06-01,1824,6902,003,1,5,3,3617,0,0,0,,0,012,"DATURA AV","SULLIVAN RD",0.00,,Y,A,-,N,,,,,,,,,,N,4,0,1,2,A,-,00,21054,A,N,B,E,-,H,D,-,A,G,0,Y,,,,Y,,N,60,0,0,1,0,1,0,0,0,0,"- ","- ",34.128368377685547,-116.07626342773438,"SAN BERNARDINO","TWENTYNINE PALMS",-116.07656097412109,34.128078460693359
91188613,2019,2020-02-18,9830,2019-11-25,1913,021903,,1,2,9,3600,0,1,3,,1,061,"STATE ROUTE 178 WESTBOUND","TRONA ROAD",13200.00,E,N,A,-,Y,,,178,,,,,,W,Y,1,1,1,3,A,-,01,23152,A,N,G,E,E,A,H,-,D,D,0,Y,,,,Y,Y,A,01,1,0,0,0,1,0,0,0,0,"- ","- ",35.652328491210938,-117.46623992919922,"SAN BERNARDINO",UNINCORPORATED,-117.46621704101562,35.652286529541016
91202727,2020,2021-09-27,9870,2020-01-24,2215,019709,,5,3,9,3600,0,1,3,,1,011,"STATE ROUTE 62 (29 PALMS HIGHWAY)","EAST DR.",1569.00,E,N,A,-,Y,,,62,,,,,,,N,1,1,0,2,A,-,11,21954,A,N,G,B,E,A,H,-,D,D,0,Y,,,,Y,,N,60,0,0,0,1,0,0,0,0,0,"- ","- ",34.056529998779297,-116.56980895996094,"SAN BERNARDINO",UNINCORPORATED,-116.56988525390625,34.056636810302734
91212466,2019,2020-03-20,9860,2019-12-08,0623,019242,,7,1,6,3610,0,1,1,,2,214,"I-215 SOUTHBOUND","AUTO CENTER ROAD",2260.00,S,N,B,-,Y,,,215,,,,,,S,Y,1,1,0,2,A,-,11,21954,A,N,G,B,D,B,H,-,C,D,0,Y,,,,Y,,N,60,0,0,0,1,0,0,0,0,0,"- ","- ",34.069900512695312,-117.29579925537109,"SAN BERNARDINO","SAN BERNARDINO",-117.2958984375,34.069908142089844
91225588,2020,2020-04-14,9855,2020-04-03,1621,017506,,5,2,6,3604,0,1,1,,2,153,"I-15 N/B (ONTARIO FWY)","DUNCAN CANYON RD.",1500.00,S,N,A,-,Y,,,15,,,,,,N,Y,2,0,2,5,A,-,03,22350,,N,C,E,E,A,H,-,A,D,0,Y,,,,Y,,A,01,1,1,0,0,2,0,0,0,0,"- ","- ",34.156700134277344,-117.47100067138672,"SAN BERNARDINO",FONTANA,-117.47105407714844,34.156768798828125
91250112,2020,2020-06-10,9835,2020-04-17,2020,021824,,5,2,9,3600,0,1,1,,2,077,"I-15 S/B","NIPTON RD",2218.00,N,N,B,-,Y,,,15,,,,,,S,Y,1,1,0,2,A,-,11,21954,A,N,G,B,E,A,H,-,D,D,0,Y,,,,Y,,N,60,0,0,0,1,0,0,0,0,0,"- ","- ",35.478199005126953,-115.44680023193359,"SAN BERNARDINO",UNINCORPORATED,-115.44678497314453,35.478195190429688
91252337,2020,2020-06-16,9860,2020-06-06,1655,020051,,6,2,5,3608,0,1,1,,2,104,"I-10 E/B","ALABAMA ST",865.00,E,N,B,-,Y,,,,,,,,,,Y,2,0,2,4,A,-,08,22107,,N,G,B,E,A,H,-,A,D,0,Y,,,,Y,,D,22,1,1,0,0,1,0,0,0,0,"- ","- ",34.065589904785156,-117.20575714111328,"SAN BERNARDINO",REDLANDS,-117.20590209960938,34.066497802734375
91261341,2020,2020-07-01,9850,2020-06-29,1414,022148,,1,2,9,3600,0,2,4,,2,057,"SHEEP CREEK RD","CACTUS RD",0.00,,Y,A,-,N,,,,,,,,,,N,4,0,1,2,A,-,05,21752,D,N,G,B,F,A,H,-,A,D,0,Y,,,,Y,,A,01,0,0,1,0,1,0,0,0,0,"- ","- ",34.535358428955078,-117.57295227050781,"SAN BERNARDINO",UNINCORPORATED,-117.57285,34.535299999999999
91262379,2020,2020-07-02,9860,2020-06-26,1440,020533,,5,2,9,3600,0,2,4,,2,411,"CEDAR AVE","JURUPA AVE",350.00,N,N,A,-,N,,,,,,,,,,N,3,0,1,2,A,-,03,22350,,F,H,G,A,A,H,-,A,D,0,,Y,,,Y,Y,L,04,0,1,0,0,0,0,1,0,0,"- ","- ",34.04962158203125,-117.39656066894531,"SAN BERNARDINO",UNINCORPORATED,-117.39639282226562,34.049480438232422
9131650,2020,2020-09-14,3610,2020-06-26,1529,51166,,5,5,6,3610,0,0,0,,0,,"EAST HIGHLAND AV","E HIGHLAND AV 1598",0.00,,N,A,-,N,,,,,,,,,,N,4,0,1,2,B,-,22,,,N,G,B,F,A,H,-,A,D,0,Y,,,,Y,,A,07,0,0,1,0,1,0,0,0,0,"- ","- ",34.136199951171875,-117.25277709960938,"SAN BERNARDINO","SAN BERNARDINO",-117.25277,34.135854000000002
91321369,2020,2020-10-12,9860,2020-10-03,0230,020135,,6,3,6,3610,0,1,1,,2,216,"I-215 NB","UNIVERSITY PKY",165.00,N,N,A,-,Y,,,215,,,,,,N,Y,3,0,1,3,A,-,08,22107,,N,C,E,E,A,C,-,D,D,0,Y,,,,Y,,A,07,0,1,0,0,1,0,0,0,0,"- ","- ",34.165081024169922,-117.33364105224609,"SAN BERNARDINO","SAN BERNARDINO",-117.33366394042969,34.165058135986328
91326251,2020,2020-10-19,9860,2020-10-11,2310,021375,,7,3,6,3610,0,1,1,,2,214,"I-215 S/B","INLAND CENTER DR",950.00,S,N,A,-,Y,,,215,,,,,,S,N,3,0,1,2,A,-,08,22107,,F,G,B,E,A,H,-,C,D,0,Y,,,,Y,,D,22,0,1,0,0,1,0,0,0,0,"- ","- ",34.082530975341797,-117.29963684082031,"SAN BERNARDINO","SAN BERNARDINO",-117.29950714111328,34.082618713378906
91331018,2020,2020-10-26,9865,2020-10-13,1625,021392,,2,2,9,3600,0,1,3,,2,032,"SR-38 W/B","GREENWAY DR",0.00,,Y,A,-,Y,,,38,,,,,,W,N,2,0,1,2,A,-,09,21802,A,N,D,G,A,A,H,-,A,A,0,,Y,,,Y,,A,01,1,0,0,0,0,0,1,0,0,"- ","- ",34.270339965820312,-116.84677124023438,"SAN BERNARDINO",UNINCORPORATED,-116.84683990478516,34.270378112792969
91341187,2020,2020-11-06,9835,2020-07-30,0517,021160,,4,3,9,3600,0,1,1,,2,074,"INTERSTATE 15 SOUTHBOUND","RASOR RD",10138.00,S,N,A,-,Y,,,15,,,,,,S,Y,1,2,3,5,A,-,08,22107,,N,C,C,F,A,H,-,D,D,0,Y,,,Y,Y,,G,25,0,1,2,2,0,0,0,0,0,"- ","- ",35.119968414306641,-116.23265838623047,"SAN BERNARDINO",UNINCORPORATED,-116.23265075683594,35.119960784912109
91342592,2020,2020-11-10,9860,2020-10-31,0222,021451,,6,3,9,3600,0,1,1,,2,152,"I-15 N/B","OAK HILL RD",3500.00,S,N,A,-,Y,,,15,,,,,,N,Y,3,0,3,3,A,-,01,23152,A,N,C,E,E,A,H,-,D,D,0,Y,,,,Y,Y,A,01,0,1,2,0,1,0,0,0,0,"- ","- ",34.354198455810547,-117.43813323974609,"SAN BERNARDINO",UNINCORPORATED,-117.43800354003906,34.354171752929688
91372494,2020,2020-12-21,9835,2020-12-13,0325,022192,,7,3,9,3600,0,1,1,,2,076,"I-15 N/B","BAILEY RD",3538.00,S,N,B,-,Y,,,15,,,,,,N,Y,2,0,2,4,A,-,03,22350,,N,A,B,E,A,H,-,D,D,0,Y,,,,Y,,A,07,1,0,1,0,1,0,0,0,0,"- ","- ",35.469100952148438,-115.53970336914062,"SAN BERNARDINO",UNINCORPORATED,-115.53969573974609,35.469158172607422