CASE_ID,ACCIDENT_YEAR,PROC_DATE,JURIS,COLLISION_DATE,COLLISION_TIME,OFFICER_ID,REPORTING_DISTRICT,DAY_OF_WEEK,CHP_SHIFT,POPULATION,CNTY_CITY_LOC,SPECIAL_COND,BEAT_TYPE,CHP_BEAT_TYPE,CITY_DIVISION_LAPD,CHP_BEAT_CLASS,BEAT_NUMBER,PRIMARY_RD,SECONDARY_RD,DISTANCE,DIRECTION,INTERSECTION,WEATHER_1,WEATHER_2,STATE_HWY_IND,CALTRANS_COUNTY,CALTRANS_DISTRICT,STATE_ROUTE,ROUTE_SUFFIX,POSTMILE_PREFIX,POSTMILE,LOCATION_TYPE,RAMP_INTERSECTION,SIDE_OF_HWY,TOW_AWAY,COLLISION_SEVERITY,NUMBER_KILLED,NUMBER_INJURED,PARTY_COUNT,PRIMARY_COLL_FACTOR,PCF_CODE_OF_VIOL,PCF_VIOL_CATEGORY,PCF_VIOLATION,PCF_VIOL_SUBSECTION,HIT_AND_RUN,TYPE_OF_COLLISION,MVIW,PED_ACTION,ROAD_SURFACE,ROAD_COND_1,ROAD_COND_2,LIGHTING,CONTROL_DEVICE,CHP_ROAD_TYPE,PEDESTRIAN_ACCIDENT,BICYCLE_ACCIDENT,MOTORCYCLE_ACCIDENT,TRUCK_ACCIDENT,NOT_PRIVATE_PROPERTY,ALCOHOL_INVOLVED,STWD_VEHTYPE_AT_FAULT,CHP_VEHTYPE_AT_FAULT,COUNT_SEVERE_INJ,COUNT_VISIBLE_INJ,COUNT_COMPLAINT_PAIN,COUNT_PED_KILLED,COUNT_PED_INJURED,COUNT_BICYCLIST_KILLED,COUNT_BICYCLIST_INJURED,COUNT_MC_KILLED,COUNT_MC_INJURED,PRIMARY_RAMP,SECONDARY_RAMP,LATITUDE,LONGITUDE,COUNTY,CITY,POINT_X,POINT_Y
91379456,2020,2021-01-04,9860,2020-12-23,0352,020572,,3,3,5,3608,0,1,1,,2,104,"I-10 W/B FROM CALIFORNIA ST","CALIFORNIA ST",1375.00,W,N,A,-,Y,,,10,,,,R,,W,N,2,0,1,2,A,-,11,21954,A,N,G,B,D,A,H,-,D,D,0,Y,,,,Y,,N,60,1,0,0,0,1,0,0,0,0,"- ","- ",34.066898345947266,-117.23090362548828,"SAN BERNARDINO",REDLANDS,-117.23090362548828,34.066898345947266
91392560,2021,2021-02-10,9865,2021-01-13,1250,016179,,3,1,9,3600,0,1,3,,2,032,"SR-18 (GREENWAY DRIVE)","MEADOW LANE",0.00,,Y,A,-,Y,,,18,,,,,,,Y,2,0,3,3,A,-,12,22450,A,F,D,A,A,A,H,-,A,A,0,,Y,,,Y,,L,04,1,1,1,0,0,0,0,0,0,"- ","- ",34.265510559082031,-116.84648895263672,"SAN BERNARDINO",UNINCORPORATED,-116.84653472900391,34.265495300292969
9141282,2020,2020-10-13,3611,2020-01-29,1611,577,3611,3,5,5,3611,0,0,0,,0,004,"FOOTHILL BL","CAMPUS AV",720.00,E,N,A,-,N,,,,,,,,,,N,3,0,1,2,A,-,09,21806,A,N,H,G,A,A,H,-,A,D,0,,Y,,,Y,,L,04,0,1,0,0,0,0,1,0,0,"- ","- ",,,"SAN BERNARDINO",UPLAND,-117.63966369628906,34.106822967529297
9142764,2020,2020-10-15,3600,2020-08-01,0801,F6913,RC010,6,5,6,3616,0,0,0,,0,003,"WILSON AV","CERVANTES PL",0.00,,Y,A,-,N,,,,,,,,,,N,4,0,1,2,D,-,00,,,N,G,B,B,A,G,-,A,A,0,Y,,,,Y,,-,"- ",0,0,1,0,1,0,0,0,0,"- ","- ",,,"SAN BERNARDINO","RANCHO CUCAMONGA",-117.52985382080078,34.15045166015625
91443161,2021,2021-04-05,9850,2021-03-24,2011,022510,,3,2,9,3600,0,3,5,,2,005,"WILSON RANCH ROAD","RANCHO ROAD",468.00,N,N,A,-,N,,,,,,,,,,N,1,1,0,2,A,-,11,21954,A,N,G,B,D,A,H,-,D,D,0,Y,,,,Y,,N,60,0,0,0,1,0,0,0,0,0,"- ","- ",34.449638366699219,-117.52133178710938,"SAN BERNARDINO",UNINCORPORATED,-117.52133941650391,34.449733734130859
9145250,2020,2020-10-26,3608,2020-08-17,0739,4903,3608,1,5,5,3608,0,0,0,,0,,"W  CYPRESS AV","CAJON ST",60.00,W,N,A,-,N,,,,,,,,,,N,3,0,1,2,A,-,08,22107,,N,B,G,A,A,H,-,A,D,0,,Y,,,Y,,L,04,0,1,0,0,0,0,1,0,0,"- ","- ",,,"SAN BERNARDINO",REDLANDS,-117.17664337158203,34.047286987304688
9145680,2020,2020-10-24,3602,2020-08-05,1030,4119,,3,5,5,3602,0,0,0,,0,001,"MONTE VISTA AV","RIVERSIDE DR",136.00,N,N,A,-,N,,,,,,,,,,N,2,0,1,2,B,-,22,,,N,E,B,D,A,H,-,A,A,0,Y,,,,Y,,A,01,1,0,0,0,1,0,0,0,0,"- ","- ",34.019100189208984,-117.69809722900391,"SAN BERNARDINO",CHINO,-117.69805908203125,34.019371032714844
91468058,2021,2021-05-07,9860,2021-04-21,2110,019467,,3,2,5,3608,0,1,1,,2,104,"I-10 W/B TO ALABAMA ST.","ALABAMA ST",7.00,E,N,A,-,Y,,,10,,,,R,,W,N,2,0,1,2,A,-,12,21453,A,N,B,G,A,A,H,-,C,A,0,,Y,,,Y,,L,04,1,0,0,0,0,0,1,0,0,"- ","- ",34.067371368408203,-117.20858001708984,"SAN BERNARDINO",REDLANDS,-117.20858001708984,34.067371368408203
91498655,2021,2021-06-16,9855,2021-06-07,0909,018727,,1,1,4,3605,0,1,1,,2,103,"I-10 E/B (SAN BERNARDINO FWY) TO CENTRAL AVE.","CENTRAL AVE.",6.00,W,N,B,-,Y,,,10,,,,R,,E,N,3,0,1,2,A,-,00,21461,,N,G,B,B,A,D,-,A,A,0,Y,,,,Y,,N,60,0,1,0,0,1,0,0,0,0,"- ","- ",34.084941864013672,-117.68975067138672,"SAN BERNARDINO",MONTCLAIR,-117.68975067138672,34.084941864013672
9150455,2020,2020-10-10,3604,2020-08-28,1413,769,,5,5,6,3604,0,0,0,,0,003,"SIERRA AV","CERES AV",0.00,,Y,A,-,N,,,,,,,,,,N,2,0,1,2,A,-,05,21650,1,F,D,G,A,A,H,-,A,A,0,,Y,,,Y,,L,04,1,0,0,0,0,0,1,0,0,"- ","- ",,,"SAN BERNARDINO",FONTANA,-117.43572998046875,34.094230651855469
91521830,2021,2021-07-16,9855,2021-04-03,0835,015498,,6,1,5,3611,0,1,1,,2,203,"SR-210 E/B (FOOTHILL FWY)","EUCLID AVENUE",1377.00,E,N,A,-,Y,,,210,,,,,,E,N,1,1,0,3,A,-,11,21954,A,N,G,B,E,A,H,-,A,D,0,Y,,,Y,Y,,N,60,0,0,0,1,0,0,0,0,0,"- ","- ",34.134559631347656,-117.6463623046875,"SAN BERNARDINO",UPLAND,-117.6463623046875,34.134647369384766
91534003,2021,2021-08-02,9860,2021-07-20,1939,019599,,2,2,9,3600,0,2,4,,1,410,"VALLEY BLVD.","BLOOMINGTON WAY.",10.00,W,N,A,-,N,,,,,,,,,,N,2,0,1,1,A,-,08,22107,,N,F,A,A,A,H,-,B,D,0,,Y,,,Y,,L,04,1,0,0,0,0,0,1,0,0,"- ","- ",34.070381164550781,-117.41203308105469,"SAN BERNARDINO",UNINCORPORATED,-117.39521026611328,34.070491790771484
91540263,2021,2021-08-27,9835,2021-07-26,1630,021981,,1,2,9,3600,0,1,1,,2,043,"INTERSTATE 40","HIDDEN SPRINGS ROAD",7920.00,E,N,B,-,Y,,,40,,,,,,,Y,4,0,1,3,A,-,07,21658,A,N,G,B,E,A,H,-,A,D,0,Y,,,Y,Y,,G,25,0,0,1,0,1,0,0,0,0,"- ","- ",34.828090667724609,-116.67645263671875,"SAN BERNARDINO",UNINCORPORATED,-116.67644500732422,34.828144073486328
91573537,2021,2021-09-17,9855,2021-09-06,0248,020690,,1,3,6,3616,0,1,1,,2,201,"SR-210 E/B (FOOTHILL FWY)","ROCHESTER AVE.",550.00,W,N,A,-,Y,,,210,,,,,,E,Y,3,0,3,5,A,-,08,22107,,N,G,C,E,A,H,-,D,D,0,Y,,,,Y,,A,08,0,2,1,0,2,0,0,0,0,"- ","- ",34.136360168457031,-117.54936981201172,"SAN BERNARDINO","RANCHO CUCAMONGA",-117.54936981201172,34.136482238769531
91585351,2021,2021-10-01,9860,2021-09-18,0228,022539,,6,3,4,3603,0,1,1,,2,102,"I-10 W/B","PEPPER AVE",2640.00,W,N,A,-,Y,,,10,,,,,,W,N,2,0,1,2,A,-,08,22107,,F,G,B,E,A,H,-,D,D,0,Y,,,,Y,,-,99,1,0,0,0,1,0,0,0,0,"- ","- ",34.069038391113281,-117.36119842529297,"SAN BERNARDINO",COLTON,-117.36119842529297,34.069000244140625
9161565,2020,2020-10-06,3602,2020-07-24,0230,3051,,5,5,5,3602,0,0,0,,0,002,"TAMARISK LN","WALNUT AV",100.00,N,N,A,-,N,,,,,,,,,,N,3,0,1,2,A,-,03,22350,,F,G,B,E,A,H,-,C,D,0,Y,,,,Y,,A,01,0,1,0,0,1,0,0,0,0,"- ","- ",34.027000427246094,-117.65724945068359,"SAN BERNARDINO",CHINO,-117.65719604492188,34.026775360107422
9161609,2020,2020-10-23,3603,2020-08-29,1921,5005,CPD,6,5,4,3603,0,0,0,,0,002,"E C ST","N MT VERNON",0.00,,Y,A,-,N,,,,,,,,,,N,3,0,1,2,A,-,12,22450,A,N,D,G,A,A,H,-,B,A,0,,Y,,,Y,,-,,0,1,0,0,0,0,1,0,0,"- ","- ",34.071800231933594,-117.31385803222656,"SAN BERNARDINO",COLTON,-117.31385803222656,34.072071075439453
9164190,2020,2020-10-16,3608,2020-08-15,2118,4965,,6,5,5,3608,0,0,0,,0,,"PENNSYLVANIA AV","CHURCH ST",0.00,,Y,A,-,N,,,,,,,,,,N,3,0,1,2,A,-,12,22450,,N,D,G,A,A,H,-,C,A,0,,Y,,,Y,,A,01,0,1,0,0,0,0,1,0,0,"- ","- ",,,"SAN BERNARDINO",REDLANDS,-117.17369842529297,34.073638916015625
91641950,2021,2021-12-03,9870,2021-11-21,1710,021288,,7,2,9,3600,0,3,5,,2,001,"MOJAVE DRIVE","JUNIPER AVE",100.00,W,N,A,-,N,,,,,,,,,,N,2,0,1,2,A,-,03,22350,,N,G,B,E,A,H,-,D,D,0,Y,,,,Y,,A,01,1,0,0,0,1,0,0,0,0,"- ","- ",34.050998687744141,-116.59002685546875,"SAN BERNARDINO",UNINCORPORATED,-117.33267211914062,34.528659820556641
91644625,2021,2021-12-07,9860,2021-11-24,2003,020346,,3,2,6,3610,0,1,1,,2,216,"I-215 S/B TO UNIVERSITY PKWY","UNIVERSITY PKWY",1200.00,N,N,A,-,Y,,,215,,,,R,,S,N,2,0,1,2,A,-,11,21954,A,N,G,B,D,A,H,-,D,D,0,Y,,,,Y,,N,60,1,0,0,0,1,0,0,0,0,"- ","- ",34.166481018066406,-117.33540344238281,"SAN BERNARDINO","SAN BERNARDINO",-117.33540344238281,34.166481018066406
91652129,2021,2021-12-14,9850,2021-12-05,1830,022361,,7,2,9,3600,0,3,5,,2,005,"EL MIRAGE AIRPORT ROAD","PLATO ST.",200.00,S,N,A,-,N,,,,,,,,,,Y,4,0,2,3,A,-,01,23152,A,N,G,C,E,A,H,-,D,D,0,Y,,,,Y,Y,A,01,0,0,2,0,1,0,0,0,0,"- ","- ",34.608699798583984,-117.60482788085938,"SAN BERNARDINO",UNINCORPORATED,-117.60484313964844,34.608753204345703
91717557,2022,2022-03-08,9834,2022-02-27,0500,020342,,7,3,9,3600,0,1,1,,2,042,"I-40 E/B","WATER ROAD",7920.00,W,N,A,-,Y,SBD,,40,,R,118.291,H,,R,Y,2,0,2,4,C,-,18,,,N,D,2,E,A,G,-,D,D,0,Y,,,Y,Y,,-,"- ",1,1,0,0,2,0,0,0,0,"- ","- ",34.837230682373047,-114.99820709228516,"SAN BERNARDINO",UNINCORPORATED,-114.99819946289062,34.837203979492188
91729798,2022,2022-03-23,9835,2022-01-26,1815,021765,,3,2,9,3600,0,3,5,,2,032,"ARROWHEAD AVE","IRWIN RD",528.00,W,N,A,-,N,,,,,,,,,,N,2,0,1,2,C,-,18,,,N,G,B,E,A,H,-,D,D,0,Y,,,Y,Y,,-,"- ",1,0,0,0,1,0,0,0,0,"- ","- ",34.912868499755859,-117.02574920654297,"SAN BERNARDINO",UNINCORPORATED,-117.02566528320312,34.913494110107422
9173973,2020,2020-12-10,3604,2020-10-28,0134,1357,,3,5,6,3604,0,0,0,,0,,"FOOTHILL BL","REDWOOD AV",380.00,E,N,A,-,N,,,,,,,,,,N,2,0,1,2,A,-,11,21954,A,N,-,B,D,A,H,-,C,A,0,Y,,,,Y,,N,60,1,0,0,0,1,0,0,0,0,"- ","- ",,,"SAN BERNARDINO",FONTANA,-117.48297882080078,34.106620788574219
91746661,2022,2022-04-12,9865,2022-04-05,1755,021840,,2,2,9,3600,0,3,5,,2,001,"LAKE GREGORY DR","LAKE DR",0.00,,Y,A,-,N,,,,,,,,,,N,4,0,1,2,A,-,10,21950,A,N,G,B,B,A,H,-,A,A,0,Y,,,,Y,,A,01,0,0,1,0,1,0,0,0,0,"- ","- ",34.243518829345703,-117.27607727050781,"SAN BERNARDINO",UNINCORPORATED,-117.27600860595703,34.243579864501953
91756813,2022,2022-04-26,9850,2022-04-16,1825,022734,,6,2,9,3600,0,3,5,,2,006,"ROSS ST","WALNUT ST",334.00,W,N,A,-,N,,,,,,,,,,N,2,0,1,3,A,-,11,21954,A,N,G,B,D,A,H,-,A,D,0,Y,,,,Y,,-,"- ",1,0,0,0,1,0,0,0,0,"- ","- ",34.358638763427734,-117.62774658203125,"SAN BERNARDINO",UNINCORPORATED,-117.62752532958984,34.358596801757812
91774296,2022,2022-05-17,9855,2022-05-05,1455,018313,,4,2,6,3604,1,4,S,,2,901,"LINCOLN LOOP RD","OXFORD ST",80.00,N,N,A,-,N,,,,,,,,,,N,3,0,1,2,A,-,09,21804,A,N,D,G,A,A,H,-,A,D,0,,Y,,,Y,,L,04,0,1,0,0,0,0,1,0,0,"- ","- ",34.177448272705078,-117.49793243408203,"SAN BERNARDINO",FONTANA,-117.49795532226562,34.117343902587891
91783939,2022,2022-05-30,9860,2022-05-22,1140,019495,,7,1,9,3600,0,3,5,,2,002,"PACIFIC ST","PERRIS HILL RD",3.00,E,N,A,-,N,,,,,,,,,,N,4,0,1,2,A,-,09,21802,A,N,H,G,A,A,H,-,A,A,0,,Y,,,Y,,A,01,0,0,1,0,0,0,1,0,0,"- ","- ",34.128559112548828,-117.26325988769531,"SAN BERNARDINO",UNINCORPORATED,-117.26331329345703,34.12860107421875
9178868,2020,2020-11-16,3600,2020-09-27,1258,F7786,RC021,7,5,6,3616,0,0,0,,0,002,"MILLIKEN AV","KENYON WY",0.00,,Y,A,-,N,,,,,,,,,,N,3,0,1,2,A,-,10,21950,,N,D,G,A,A,H,-,A,A,0,,Y,,,Y,,A,07,0,1,0,0,0,0,1,0,0,"- ","- ",,,"SAN BERNARDINO","RANCHO CUCAMONGA",-117.55863952636719,34.134281158447266
91803121,2022,2022-06-27,9860,2022-06-07,1542,020346,,2,2,5,3608,0,1,1,,2,104,"I-10 E/B TO ALABAMA ST","SR-210 EASTBOUND TO I-10 WESTBOUND",4.00,W,N,A,-,Y,,,,,,,,,,Y,2,0,1,2,A,-,05,21202,A,N,H,G,A,A,H,-,A,D,0,,Y,,,Y,,L,04,1,0,0,0,0,0,1,0,0,"- ","- ",34.067150115966797,-117.20384216308594,"SAN BERNARDINO",REDLANDS,-117.20384216308594,34.067150115966797
91806637,2022,2022-07-12,9860,2022-03-11,1820,019706,,5,2,9,3600,0,3,5,,2,002,"CAJON BOULEVARD","UNIVERSITY PARKWAY/STATE STREET",330.00,N,N,A,-,N,,,,,,,,,,N,1,1,0,2,A,-,11,21954,A,N,G,B,D,A,H,-,C,D,0,Y,,,,Y,,N,60,0,0,0,1,0,0,0,0,0,"- ","- ",34.157699584960938,-117.33567810058594,"SAN BERNARDINO",UNINCORPORATED,-117.33552551269531,34.157478332519531
9181345,2020,2020-12-03,3608,2020-10-13,1049,4358,,2,5,5,3608,0,0,0,,0,,"PIONEER AV","TENNESSEE ST",582.00,W,N,A,-,N,,,,,,,,,,N,3,0,1,2,A,-,03,22350,,N,C,G,A,A,H,-,A,D,0,,Y,,,Y,,-,99,0,1,0,0,0,0,1,0,0,"- ","- ",,,"SAN BERNARDINO",REDLANDS,-117.199462890625,34.080913543701172
91831418,2022,2022-08-02,9855,2022-04-28,1235,015299,,4,1,6,3607,0,1,1,,2,103,"I-10 E/B TO 4TH STREET","4TH STREET",375.00,W,N,A,-,Y,SBD,,10,,,5.132,H,,R,N,4,0,1,2,A,-,11,21954,A,N,G,B,E,A,D,-,A,D,0,Y,,,,Y,,N,60,0,0,1,0,1,0,0,0,0,"- ","- ",34.078441619873047,-117.62538146972656,"SAN BERNARDINO",ONTARIO,-117.62525939941406,34.078582763671875
91842275,2022,2022-08-17,9835,2022-08-08,1540,022428,,1,2,3,3601,0,1,1,,2,070,"I-15 N/B","L STREET",3115.00,S,N,C,-,Y,SBD,,15,,,70.993,H,,R,Y,2,0,4,4,A,-,03,22350,,N,B,C,E,B,H,-,A,D,0,Y,,,,Y,,D,22,1,3,0,0,1,0,0,0,0,"- ","- ",34.880100250244141,-117.06556701660156,"SAN BERNARDINO",BARSTOW,-117.06563568115234,34.880146026611328
91864244,2022,2022-09-14,9865,2022-09-05,0045,021199,,1,3,9,3600,0,3,5,,2,001,"CLEGHORN RD","STATE ROUTE 138",5280.00,W,N,A,-,N,,,,,,,,,,N,3,0,1,2,A,-,00,20001,,F,G,B,E,A,H,-,D,D,0,Y,,,,Y,,-,"- ",0,1,0,0,1,0,0,0,0,"- ","- ",34.286140441894531,-117.37172698974609,"SAN BERNARDINO",UNINCORPORATED,-117.35581207275391,34.287818908691406
9191636,2020,2020-12-14,3610,2020-09-12,2000,51195,,6,5,6,3610,0,0,0,,0,DAVID,"W 5TH ST","N MOUNTAINVIEW AV",119.00,E,N,A,-,N,,,,,,,,,,N,4,0,1,2,-,-,"- ",,A,N,G,B,D,-,H,-,D,A,0,Y,,,,Y,,N,60,0,0,1,0,1,0,0,0,0,"- ","- ",34.108310699462891,-117.28739929199219,"SAN BERNARDINO","SAN BERNARDINO",-117.28701019287109,34.108310699462891
91918473,2022,2022-11-15,9855,2022-09-24,2110,022021,,6,2,9,3600,0,3,5,,2,004,"RAMONA AVE (11500 BLOCK)","ELM ST",500.00,S,N,A,-,N,,,,,,,,,,N,3,0,1,2,A,-,11,21954,A,N,G,B,D,A,H,-,D,D,0,Y,,,,Y,Y,-,"- ",0,1,0,0,1,0,0,0,0,"- ","- ",34.043571472167969,-117.70702362060547,"SAN BERNARDINO",UNINCORPORATED,-117.70653533935547,34.043964385986328
91927181,2022,2022-11-28,9860,2022-11-17,0315,014777,,4,3,9,3600,0,1,1,,2,151,"I-15 S/B TO SIERRA AVENUE","SIERRA AVENUE",495.00,N,N,A,G,Y,,,,,,,,,,Y,4,0,2,3,A,-,08,22107,,N,B,C,E,A,H,-,D,D,0,Y,,,,Y,,A,07,0,0,2,0,1,0,0,0,0,"- ","- ",34.183269500732422,-117.43576812744141,"SAN BERNARDINO",UNINCORPORATED,-117.43576812744141,34.183269500732422
9193291,2020,2020-12-14,3600,2020-10-26,2004,G9483,HE203,1,5,5,3619,0,0,0,,0,HE2,"JACARANDA AV","SYCAMORE ST",308.00,N,N,A,-,N,,,,,,,,,,N,2,0,1,2,A,-,11,21954,A,N,G,B,E,A,H,-,D,D,0,Y,,,,Y,,N,60,1,0,0,0,1,0,0,0,0,"- ","- ",,,"SAN BERNARDINO",HESPERIA,-117.265625,34.464248657226562
91997165,2023,2023-02-17,9860,2023-02-07,1506,020002,,2,2,4,3618,0,1,1,,2,203,"SR-210 W/B","5TH ST.",1425.00,W,N,A,-,Y,SBD,,210," ",R,29.978,H,,L,N,2,0,1,2,A,-,11,21954,A,N,G,B,D,A,D,-,A,D,0,Y,,,,Y,,N,60,1,0,0,0,1,0,0,0,0,"- ","- ",34.111968994140625,-117.19922637939453,"SAN BERNARDINO",HIGHLAND,-117.19927978515625,34.111961364746094
9203549,2020,2021-02-13,3600,2020-12-09,1542,D2557,CH025,3,5,5,3630,0,0,0,,0,CH1,"EAGLEWOOD DR","ROBIN CREST LN",0.00,,Y,A,-,N,,,,,,,,,,N,3,0,1,2,A,-,09,21800,A,N,A,G,A,A,H,-,A,D,0,,Y,,,Y,,L,04,0,1,0,0,0,0,1,0,0,"- ","- ",,,"SAN BERNARDINO","CHINO HILLS",-117.75408935546875,33.997180938720703
9205306,2020,2021-02-03,3602,2020-11-20,0747,3955,,5,5,5,3602,0,0,0,,0,001,"MONTE VISTA AV","G ST",0.00,,Y,A,-,N,,,,,,,,,,N,3,0,1,2,A,-,03,22350,,N,B,G,A,A,H,-,A,D,0,,Y,,,Y,,L,04,0,1,0,0,0,0,1,0,0,"- ","- ",34.009860992431641,-117.69798278808594,"SAN BERNARDINO",CHINO,-117.69793701171875,34.009841918945312
92065646,2023,2023-05-10,9865,2023-05-03,1228,017407,,3,1,9,3600,0,2,4,,2,013,"LAKE DRIVE","WILDROSE LANE",228.00,E,N,B,-,N,,,,,,,,,,N,3,0,1,2,A,-,09,21804,A,N,G,B,D,A,H,-,A,D,0,Y,,,,Y,,A,07,0,1,0,0,1,0,0,0,0,"- ","- ",34.243270874023438,-117.28067016601562,"SAN BERNARDINO",UNINCORPORATED,-117.28108978271484,34.243160247802734
92066610,2023,2023-05-11,9850,2023-04-27,"745 ",017377,,4,1,9,3600,0,2,4,,2,057,"SHEEP CREEK ROAD","GOSS ROAD",70.00,N,N,A,-,N,,,,,,,,,,N,2,0,1,2,A,-,08,22107,,F,G,B,F,A,H,-,A,D,0,Y,,,,Y,,A,01,1,0,0,0,1,0,0,0,0,"- ","- ",34.455619812011719,-117.57272338867188,"SAN BERNARDINO",UNINCORPORATED,-117.57273864746094,34.455612182617188
9207458,2020,2021-02-09,3600,2020-12-14,1523,G6910,VC072,1,5,5,3612,0,0,0,,0,VC6,"PASEO VERDE PL","MONTE LARGO LN",276.00,N,N,A,-,N,,,,,,,,,,,3,0,1,2,A,-,09,21804,A,N,H,G,A,A,H,-,A,-,0,,Y,,,Y,,L,04,0,1,0,0,0,0,1,0,0,"- ","- ",,,"SAN BERNARDINO",VICTORVILLE,-117.37580108642578,34.52239990234375
9209071,2020,2021-02-19,3610,2020-12-10,1156,51260,,4,5,6,3610,0,0,0,,0,COURTE,"N PARKSIDE DR","E 40TH ST",0.00,,Y,A,-,N,,,,,,,,,,Y,3,0,1,3,A,-,08,22107,,N,G,B,E,A,H,-,A,D,0,Y,,,,Y,,A,01,0,1,0,0,1,0,0,0,0,"- ","- ",34.164981842041016,-117.27665710449219,"SAN BERNARDINO","SAN BERNARDINO",-117.27667999267578,34.164981842041016
92090952,2022,2023-06-12,9860,2022-02-25,0525,019495,,5,3,5,3608,0,1,1,,2,105,"INTERSATE 10 EASTBOUND","NOTH UNIVERSITY STREET",1308.00,W,N,A,-,Y,SBD,,10,,,31.625,H,,R,N,1,1,0,2,A,-,11,21956,A,F,G,B,E,A,H,-,C,D,0,Y,,,,Y,,N,60,0,0,0,1,0,0,0,0,0,"- ","- ",34.058441162109375,-117.17106628417969,"SAN BERNARDINO",REDLANDS,-117.17105102539062,34.058460235595703
92100258,2023,2023-06-22,9860,2023-05-18,1915,022319,,4,2,9,3600,0,3,5,,2,003,"OPAL AVE.","BRIGHTON AVE.",50.00,S,N,A,-,N,,,,,,,,,,N,2,0,2,3,A,-,01,23152,A,F,G,1,F,A,H,-,A,D,0,Y,,,,Y,Y,D,22,1,1,0,0,2,0,0,0,0,"- ","- ",34.071079254150391,-117.13388061523438,"SAN BERNARDINO",UNINCORPORATED,-117.13377380371094,34.071125030517578
9211521,2020,2021-01-21,3604,2020-11-09,1933,769,,1,5,6,3604,0,0,0,,0,003,"FOOTHILL BL","HEMLOCK AV",22.00,E,N,A,-,N,,,,,,,,,,Y,1,1,0,2,-,-,"- ",,A,N,G,B,E,A,H,-,C,A,0,Y,,,,Y,Y,-,"- ",0,0,0,1,0,0,0,0,0,"- ","- ",,,"SAN BERNARDINO",FONTANA,-117.47562408447266,34.106510162353516
9211727,2020,2022-06-18,3600,2020-12-27,1841,G3225,AP023,7,5,5,3621,0,0,0,,0,AP1,"RT 18","RIMROCK RD N",1630.00,E,N,A,-,Y,SBD,8,18,-,-,91.970,H,-,N,N,1,1,1,3,A,-,11,21954,A,N,G,B,D,A,H,-,D,D,0,Y,,,,Y,Y,N,60,0,1,0,1,0,0,0,0,0,"- ","- ",,,"SAN BERNARDINO","APPLE VALLEY",-117.23184967041016,34.532363891601562
92119567,2023,2023-08-15,9860,2023-04-23,"420 ",022582,,7,3,6,3610,0,1,1,,2,216,"INTERSTATE 215 NORTHBOUND","UNIVERSITY PARKWAY",2592.00,S,N,A,-,Y,SBD,,215," "," ",11.149,H,,R,Y,2,0,4,3,A,-,01,23152,A,F,C,E,E,A,E,-,C,D,0,Y,,,,Y,Y,A,07,2,1,1,0,1,0,0,0,0,"- ","- ",34.158649444580078,-117.32817077636719,"SAN BERNARDINO","SAN BERNARDINO",-117.32813262939453,34.158672332763672
92143468,2023,2023-08-14,9855,2023-08-02,1140,018335,,3,1,6,3607,0,1,1,,2,103,"I-10 W/B TO FOURTH STREET","FOURTH STREET",3.00,E,N,A,-,Y,,,,,,,,,,N,3,0,1,2,A,-,21,22106,,N,G,B,B,A,D,-,A,A,0,Y,,,Y,Y,,F,26,0,1,0,0,1,0,0,0,0,"- ","- ",34.077541351318359,-117.62217712402344,"SAN BERNARDINO",ONTARIO,-117.62217712402344,34.077541351318359
9214442,2020,2021-03-01,3600,2020-12-02,1344,G3817,CH002,3,5,5,3630,0,0,0,,0,CH1,"SAN RAFAEL DR","CITY LIGHT POLE  CH01461",10.00,S,N,A,-,N,,,,,,,,,,N,3,0,1,2,A,-,11,21954,A,N,D,B,E,A,H,-,A,D,0,Y,,,,Y,,N,60,0,1,0,0,1,0,0,0,0,"- ","- ",,,"SAN BERNARDINO","CHINO HILLS",,
9216524,2021,2021-03-17,3609,2021-01-06,2047,0456,RI172,3,5,5,3609,0,0,0,,0,004,"RIVERSIDE AV","SAN BERNARDINO",454.00,N,N,A,-,N,,,,,,,,,,N,2,0,1,2,A,-,11,21954,A,N,G,B,D,A,H,-,C,D,0,Y,,,,Y,,N,60,1,0,0,0,1,0,0,0,0,"- ","- ",34.078998565673828,-117.37030029296875,"SAN BERNARDINO",RIALTO,-117.37030029296875,34.078975677490234
9219487,2021,2021-03-19,3604,2021-01-16,1754,1302,FONTA,6,5,6,3604,0,0,0,,0,003,"PALMETTO AV","OWEN ST",0.00,,Y,A,-,N,,,,,,,,,,N,3,0,1,2,A,-,11,21954,A,N,G,B,E,A,H,-,D,D,0,Y,,,,Y,,N,60,0,1,0,0,1,0,0,0,0,"- ","- ",,,"SAN BERNARDINO",FONTANA,-117.42705535888672,34.102519989013672