CASE_ID,ACCIDENT_YEAR,PROC_DATE,JURIS,COLLISION_DATE,COLLISION_TIME,OFFICER_ID,REPORTING_DISTRICT,DAY_OF_WEEK,CHP_SHIFT,POPULATION,CNTY_CITY_LOC,SPECIAL_COND,BEAT_TYPE,CHP_BEAT_TYPE,CITY_DIVISION_LAPD,CHP_BEAT_CLASS,BEAT_NUMBER,PRIMARY_RD,SECONDARY_RD,DISTANCE,DIRECTION,INTERSECTION,WEATHER_1,WEATHER_2,STATE_HWY_IND,CALTRANS_COUNTY,CALTRANS_DISTRICT,STATE_ROUTE,ROUTE_SUFFIX,POSTMILE_PREFIX,POSTMILE,LOCATION_TYPE,RAMP_INTERSECTION,SIDE_OF_HWY,TOW_AWAY,COLLISION_SEVERITY,NUMBER_KILLED,NUMBER_INJURED,PARTY_COUNT,PRIMARY_COLL_FACTOR,PCF_CODE_OF_VIOL,PCF_VIOL_CATEGORY,PCF_VIOLATION,PCF_VIOL_SUBSECTION,HIT_AND_RUN,TYPE_OF_COLLISION,MVIW,PED_ACTION,ROAD_SURFACE,ROAD_COND_1,ROAD_COND_2,LIGHTING,CONTROL_DEVICE,CHP_ROAD_TYPE,PEDESTRIAN_ACCIDENT,BICYCLE_ACCIDENT,MOTORCYCLE_ACCIDENT,TRUCK_ACCIDENT,NOT_PRIVATE_PROPERTY,ALCOHOL_INVOLVED,STWD_VEHTYPE_AT_FAULT,CHP_VEHTYPE_AT_FAULT,COUNT_SEVERE_INJ,COUNT_VISIBLE_INJ,COUNT_COMPLAINT_PAIN,COUNT_PED_KILLED,COUNT_PED_INJURED,COUNT_BICYCLIST_KILLED,COUNT_BICYCLIST_INJURED,COUNT_MC_KILLED,COUNT_MC_INJURED,PRIMARY_RAMP,SECONDARY_RAMP,LATITUDE,LONGITUDE,COUNTY,CITY,POINT_X,POINT_Y
9624075,2023,2025-06-25,3610,2023-08-29,2025,50571,,2,5,6,3610,0,0,0,,0,,"EAST HIGHLAND AV","OSBUN RD",65.00,W,N,A,-,N,,,,,,,,,,Y,1,1,1,2,A,-,01,23152,A,F,G,B,D,A,H,-,C,D,0,Y,,,,Y,Y,A,07,0,1,0,1,0,0,0,0,0,"- ","- ",34.135860443115234,-117.25238037109375,"SAN BERNARDINO","SAN BERNARDINO",-117.24820709228516,34.135856628417969
9624081,2022,2023-10-17,3609,2022-03-26,2002,01944,139,6,5,5,3609,0,0,0,,0,004,"RIVERSIDE AV","BONNIE VIEW DR",357.00,N,N,A,-,N,,,,,,,,,,N,1,1,0,2,A,-,03,22350,,F,C,G,A,A,H,-,C,D,0,,Y,,,Y,,A,01,0,0,0,0,0,1,0,0,0,"- ","- ",34.095920562744141,-117.3701171875,"SAN BERNARDINO",RIALTO,-117.37035369873047,34.096736907958984
9624199,2023,2023-11-08,3610,2023-07-29,2030,51134,,6,5,6,3610,0,0,0,,0,,"W INLAND CENTER DR","RIVERWALK DR",490.00,W,N,A,-,N,,,,,,,,,,Y,1,1,0,3,A,-,11,21954,A,N,G,B,E,A,H,-,C,D,0,Y,,,,Y,Y,N,60,0,0,0,1,0,0,0,0,0,"- ","- ",34.081199645996094,-117.3050537109375,"SAN BERNARDINO","SAN BERNARDINO",-117.30606079101562,34.080127716064453
9624766,2023,2023-09-19,3600,2023-05-27,1332,I3985,,6,5,5,3619,0,0,0,,0,HE5,"MAIN ST","FOURTH AV",202.00,E,N,A,-,N,,,,,,,,,,N,3,0,1,2,A,-,08,22100,A,N,B,G,A,A,H,-,A,D,0,,Y,,,Y,,A,01,0,1,0,0,0,0,1,0,0,"- ","- ",,,"SAN BERNARDINO",HESPERIA,-117.30814361572266,34.422512054443359
9626309,2023,2023-10-24,3610,2023-09-07,1717,51257,,4,5,6,3610,0,0,0,,0,,"E MILL ST","N GIFFORD ST",197.00,E,N,A,-,N,,,,,,,,,,N,3,0,1,2,A,-,11,21955,,N,G,B,D,A,H,-,A,D,0,Y,,,,Y,,N,60,0,1,0,0,1,0,0,0,0,"- ","- ",,,"SAN BERNARDINO","SAN BERNARDINO",-117.26869964599609,34.092128753662109
9631703,2023,2023-12-02,3603,2023-10-25,1846,4817,CPD,3,5,4,3603,0,0,0,,0,004,"WASHINGTON ST","MEADOW LN",582.00,W,N,A,-,N,,,,,,,,,,N,3,0,1,2,A,-,11,21954,A,N,G,B,D,A,H,-,C,A,0,Y,,,,Y,,A,01,0,1,0,0,1,0,0,0,0,"- ","- ",34.049018859863281,-117.30164337158203,"SAN BERNARDINO",COLTON,-117.30134582519531,34.048408508300781
9632414,2023,2023-12-16,3610,2023-10-24,1215,51472,,2,5,6,3610,0,0,0,,0,,"W RIALTO AV","N F ST",0.00,,Y,A,-,N,,,,,,,,,,N,3,0,1,2,A,-,12,21453,A,N,D,G,A,A,H,-,A,A,0,,Y,,,Y,,L,04,0,1,0,0,0,0,1,0,0,"- ","- ",,,"SAN BERNARDINO","SAN BERNARDINO",-117.29640197753906,34.100875854492188
9635012,2023,2023-12-26,3604,2023-11-18,1903,680,,6,5,6,3604,0,0,0,,0,,"TOKAY AV","IVY AV",235.00,S,N,A,-,N,,,,,,,,,,N,2,0,1,2,A,-,08,22107,,F,G,B,F,A,H,-,C,D,0,Y,,,,Y,,A,08,1,0,0,0,1,0,0,0,0,"- ","- ",,,"SAN BERNARDINO",FONTANA,-117.45587921142578,34.103664398193359
9640163,2023,2024-01-30,3600,2023-10-26,1914,I7891,HI010,4,5,4,3618,0,0,0,,0,HI02,"VICTORIA AV","HIGHLAND AV",1273.00,S,N,A,-,N,,,,,,,,,,N,1,1,0,2,A,-,11,21954,A,N,G,B,D,A,H,-,D,D,0,Y,,,,Y,,N,60,0,0,0,1,0,0,0,0,0,"- ","- ",34.132278442382812,-117.22614288330078,"SAN BERNARDINO",HIGHLAND,-117.22622680664062,34.132343292236328
9640227,2024,2024-07-29,3600,2024-01-01,"603 ",H9759,LL001,1,5,3,3615,0,0,0,,0,LL1,"BARTON RD","NEWPORT AV",626.00,E,N,B,-,N,,,,,,,,,,N,1,1,0,2,A,-,00,21954,,N,G,B,D,A,H,-,C,A,0,Y,,,,Y,,N,60,0,0,0,1,0,0,0,0,0,"- ","- ",,,"SAN BERNARDINO","LOMA LINDA",-117.23629760742188,34.04833984375
9640427,2024,2024-05-21,3610,2024-04-03,2007,50571,,3,5,6,3610,0,0,0,,0,,"ALABAMA ST","3RD ST",1857.00,S,N,A,-,N,,,,,,,,,,N,1,1,0,2,A,-,11,21954,A,N,G,B,D,A,H,-,D,D,0,Y,,,,Y,,N,60,0,0,0,1,0,0,0,0,0,"- ","- ",34.103641510009766,-117.208740234375,"SAN BERNARDINO","SAN BERNARDINO",,
9641934,2023,2023-12-21,3608,2023-11-05,1915,5161,,7,5,5,3608,0,0,0,,0,,"LUGONIA AV","RESEARCH DR",0.00,,Y,A,-,N,,,,,,,,,,N,2,0,1,2,A,-,10,21950,A,F,A,B,B,A,H,-,C,A,0,Y,,,,Y,,D,22,1,0,0,0,1,0,0,0,0,"- ","- ",,,"SAN BERNARDINO",REDLANDS,-117.23673248291016,34.070274353027344
9643952,2023,2024-01-16,3610,2023-11-18,1235,51479,,6,5,6,3610,0,0,0,,0,,"N MERIDAN AV","FOOTHILL BL",42.00,N,N,B,-,N,,,,,,,,,,N,3,0,1,2,A,-,05,21202,A,N,A,G,A,A,G,-,-,A,0,,Y,,,Y,,M,91,0,1,0,0,0,0,1,0,0,"- ","- ",34.106769561767578,-117.34853363037109,"SAN BERNARDINO","SAN BERNARDINO",-117.34852600097656,34.106895446777344
9647697,2023,2023-12-16,3600,2023-10-24,1532,J3264,CH065,2,5,5,3630,0,0,0,,0,CH4,"BUTTERFIELD RANCH RD","PICASSO DR",806.00,E,N,A,-,N,,,,,,,,,,N,3,0,1,2,A,-,05,21651,B,N,G,G,A,A,H,-,A,A,0,,Y,,,Y,,L,04,0,1,0,0,0,0,1,0,0,"- ","- ",,,"SAN BERNARDINO","CHINO HILLS",-117.68826293945312,33.955448150634766
9650006,2023,2025-07-23,3601,2023-06-01,2041,P35,BARST,4,5,3,3601,0,0,0,,0,001,"E VIRGINIA WY","E VIRGINIA WY 500",0.00,,-,A,-,N,,,,,,,,,,N,1,1,0,2,A,-,11,21954,A,N,G,B,D,A,H,-,B,A,0,Y,,,,Y,,N,60,0,0,0,1,0,0,0,0,0,"- ","- ",,,"SAN BERNARDINO",BARSTOW,-117.02780151367188,34.888168334960938
9651270,2023,2024-02-16,3610,2023-12-05,1803,51315,,2,5,6,3610,0,0,0,,0,,"N H ST","W 30TH ST",0.00,,Y,A,-,N,,,,,,,,,,N,3,0,1,2,A,-,11,21954,A,N,G,B,E,A,H,-,C,A,0,Y,,,,Y,,N,60,0,1,0,0,1,0,0,0,0,"- ","- ",34.145549774169922,-117.30081939697266,"SAN BERNARDINO","SAN BERNARDINO",-117.30084228515625,34.146846771240234
9652676,2024,2024-03-26,3600,2024-01-16,"730 ",J3215,VC060,2,5,5,3612,0,0,0,,0,VC6,"CALIENTE RD","TIFFANY ST",0.00,,Y,A,-,N,,,,,,,,,,N,3,0,1,2,A,-,09,21802,A,N,D,G,A,A,H,-,A,D,0,,Y,,,Y,,A,07,0,1,0,0,0,0,1,0,0,"- ","- ",34.484390258789062,-117.40387725830078,"SAN BERNARDINO",VICTORVILLE,-117.40388488769531,34.484371185302734
9653589,2023,2024-02-23,3600,2023-12-11,"713 ",H7754,YC105,1,5,4,3640,0,0,0,,0,YC1,"YUCAIPA BL","YUCAIPA VALLEY CIR",0.00,,Y,A,-,N,,,,,,,,,,N,3,0,1,2,A,-,12,21453,A,N,D,G,A,A,H,-,A,A,0,,Y,,,Y,,L,04,0,1,0,0,0,0,1,0,0,"- ","- ",,,"SAN BERNARDINO",YUCAIPA,-117.069091796875,34.034030914306641
9655928,2024,2024-01-23,3610,2024-01-08,1751,51433,,1,5,6,3610,0,0,0,,0,,"FOOTHILL BL","RANCHO DR",0.00,,Y,A,-,N,,,,,,,,,,N,4,0,1,2,A,-,08,22107,,N,B,F,A,A,H,-,C,D,0,,Y,,,Y,,A,01,0,0,1,0,0,0,1,0,0,"- ","- ",34.10675048828125,-117.33431243896484,"SAN BERNARDINO","SAN BERNARDINO",-117.33399963378906,34.106731414794922
9658510,2024,2024-03-21,3610,2024-01-23,1817,51224,,2,5,6,3610,0,0,0,,0,,"WATERMAN AV","36TH ST",132.00,N,N,A,-,N,,,,,,,,,,N,3,0,1,2,A,-,11,21954,A,N,G,B,D,A,H,-,C,D,0,Y,,,,Y,,N,60,0,1,0,0,1,0,0,0,0,"- ","- ",34.156650543212891,-117.27864074707031,"SAN BERNARDINO","SAN BERNARDINO",-117.27867889404297,34.156990051269531
9659022,2023,2024-02-02,3600,2023-12-19,"700 ",D6899,HE403,2,5,5,3619,0,0,0,,0,HE4,"I AV","WALNUT ST",0.00,,Y,A,-,N,,,,,,,,,,N,3,0,1,2,A,-,05,21650,1,F,D,G,A,A,H,-,A,A,0,,Y,,,Y,,L,04,0,1,0,0,0,0,1,0,0,"- ","- ",,,"SAN BERNARDINO",HESPERIA,-117.28334045410156,34.417503356933594
9659693,2024,2024-03-18,3600,2024-01-23,"629 ",J4510,AP018,2,5,5,3621,0,0,0,,0,AP4,"TOMAHAWK RD","GENESEE RD",100.00,E,N,B,-,N,,,,,,,,,,N,3,0,1,2,A,-,11,21954,A,N,G,B,E,A,H,-,B,D,0,Y,,,,Y,Y,N,60,0,1,0,0,1,0,0,0,0,"- ","- ",,,"SAN BERNARDINO","APPLE VALLEY",-117.23990631103516,34.522140502929688
9660142,2024,2024-04-02,3608,2024-01-29,1945,5232,3608,1,5,5,3608,0,0,0,,0,901,"TENNESSEE ST","RT 10",0.00,,Y,A,-,Y,SBD,8,10,-,-,29.915,R,4,W,N,4,0,1,2,D,-,00,,,F,B,G,A,A,H,-,C,A,0,,Y,,,Y,,-,"- ",0,0,1,0,0,0,1,0,0,"- ",WF,,,"SAN BERNARDINO",REDLANDS,-117.19882202148438,34.064746856689453
9661457,2023,2024-02-01,3600,2023-12-11,2318,I4720,HE304,1,5,5,3619,0,0,0,,0,HE3,"ESCONDIDO AV","MAIN ST",0.00,,Y,A,-,N,,,,,,,,,,N,4,0,1,2,A,-,05,21650,1,N,D,G,A,A,H,-,C,A,0,,Y,,,Y,,L,04,0,0,1,0,0,0,1,0,0,"- ","- ",,,"SAN BERNARDINO",HESPERIA,-117.37299346923828,34.426647186279297
9668599,2024,2024-03-19,3605,2024-01-29,"913 ",504,,1,5,4,3605,0,0,0,,0,,"MONTE VISTA AV","KINGSLEY ST",0.00,,Y,A,-,N,,,,,,,,,,N,4,0,1,2,A,-,11,21950,B,N,G,B,B,A,H,-,A,A,0,Y,,,Y,Y,,N,60,0,0,1,0,1,0,0,0,0,"- ","- ",34.066619873046875,-117.69831085205078,"SAN BERNARDINO",MONTCLAIR,-117.69829559326172,34.066719055175781
9669082,2024,2024-04-19,3610,2024-02-28,"716 ",51197,,3,5,6,3610,0,0,0,,0,,"S EUCALYPTUS AV","W MILL ST",0.00,,Y,A,-,N,,,,,,,,,,N,3,0,1,2,A,-,10,21950,A,F,B,B,B,A,H,-,A,A,0,Y,,,,Y,Y,D,22,0,1,0,0,1,0,0,0,0,"- ","- ",,,"SAN BERNARDINO","SAN BERNARDINO",,
9670125,2024,2024-05-09,3610,2024-02-09,1234,50917,,5,5,6,3610,0,0,0,,0,,"DEL ROSA AV","3RD ST",3.00,S,N,A,-,N,,,,,,,,,,N,4,0,1,2,A,-,05,21650,,N,D,G,A,A,H,-,A,A,0,,Y,,Y,Y,,L,04,0,0,1,0,0,0,1,0,0,"- ","- ",34.104549407958984,-117.25002288818359,"SAN BERNARDINO","SAN BERNARDINO",-117.25000762939453,34.104541778564453
9673687,2024,2024-04-26,3610,2024-02-09,"555 ",51426,,5,5,6,3610,0,0,0,,0,,"N F ST","W RIALTO AVE",0.00,,Y,B,C,N,,,,,,,,,,Y,3,0,1,2,A,-,11,21453,D,N,A,B,D,B,H,-,C,A,0,Y,,,,Y,,N,60,0,1,0,0,1,0,0,0,0,"- ","- ",,,"SAN BERNARDINO","SAN BERNARDINO",-117.29640197753906,34.100875854492188
9677156,2024,2024-05-30,3601,2024-04-11,2108,C3,BARST,4,5,3,3601,0,0,0,,0,WESTER,"EAST MAIN ST","YUCCA AV",0.00,,Y,A,-,N,,,,,,,,,,N,3,0,1,2,A,-,17,21451,A,M,G,B,B,A,H,-,C,A,0,Y,,,,Y,,-,,0,1,0,0,1,0,0,0,0,"- ","- ",,,"SAN BERNARDINO",BARSTOW,-117.00721740722656,34.896175384521484
9679086,2023,2024-04-04,3601,2023-10-31,2331,P38,,2,5,3,3601,0,0,0,,0,003,"BARSTOW RD","RIMROCK RD",36.00,W,-,A,-,N,,,,,,,,,,N,2,0,1,2,A,-,10,21950,A,N,G,B,B,A,H,-,C,A,0,Y,,,,Y,,A,01,1,0,0,0,1,0,0,0,0,"- ","- ",,,"SAN BERNARDINO",BARSTOW,-117.02288818359375,34.876850128173828
9682315,2023,2024-03-30,3600,2023-11-16,1846,F5717,HE304,4,5,5,3619,0,0,0,,0,HE3,"MAIN ST","ESCONDIDO AV",260.00,E,N,A,-,N,,,,,,,,,,N,3,0,1,2,A,-,11,21954,A,N,G,B,D,A,H,-,C,D,0,Y,,,,Y,,N,60,0,1,0,0,1,0,0,0,0,"- ","- ",34.042671203613281,-117.37294769287109,"SAN BERNARDINO",HESPERIA,-117.37213134765625,34.426654815673828
9688221,2024,2024-04-30,3604,2024-02-23,1812,1125,,5,5,6,3604,0,0,0,,0,,ALMERIA,"WALNUT AV",12.00,S,N,A,-,N,,,,,,,,,,N,3,0,1,2,A,-,10,21950,A,N,G,B,B,A,H,-,C,D,0,Y,,,,Y,,A,01,0,1,0,0,1,0,0,0,0,"- ","- ",,,"SAN BERNARDINO",FONTANA,-117.4599609375,34.128696441650391
9690434,2024,2024-05-16,3604,2024-03-15,1751,768,,5,5,6,3604,0,0,0,,0,,"CITRUS AV","FONTANA AV",190.00,S,N,B,C,N,,,,,,,,,,N,2,0,1,2,A,-,11,21954,A,N,G,B,D,B,H,-,A,A,0,Y,,,,Y,,N,60,1,0,0,0,1,0,0,0,0,"- ","- ",34.088211059570312,-117.45381927490234,"SAN BERNARDINO",FONTANA,-117.45547485351562,34.086196899414062
9691372,2024,2024-04-19,3600,2024-02-18,1013,H9027,RC073,7,5,6,3616,0,0,0,,0,005,"CONNECT DR","THE RESORT PKWY",24.00,E,N,B,-,N,,,,,,,,,,N,4,0,1,2,A,-,03,22350,,N,A,B,C,A,H,-,A,D,0,Y,,,,Y,,A,01,0,0,1,0,1,0,0,0,0,"- ","- ",,,"SAN BERNARDINO","RANCHO CUCAMONGA",,
9691504,2024,2024-07-03,3610,2024-03-28,"449 ",,,4,5,6,3610,0,0,0,,0,,"MT VERNON AV","HIGHLAND AV",85.00,S,N,A,-,N,,,,,,,,,,N,3,0,1,2,A,-,11,21954,A,N,G,B,A,A,H,-,C,A,0,,Y,,,Y,,A,01,0,1,0,0,0,0,1,0,0,"- ","- ",,,"SAN BERNARDINO","SAN BERNARDINO",-117.31620788574219,34.135898590087891
9692325,2024,2024-07-10,3610,2024-04-10,1448,51496,,3,5,6,3610,0,0,0,,0,,"W 5TH ST","N FLORES ST",0.00,,Y,A,-,N,,,,,,,,,,N,4,0,1,2,A,-,12,22450,A,N,D,G,A,A,H,-,A,D,0,,Y,,,Y,,A,71,0,0,1,0,0,0,1,0,0,"- ","- ",34.108329772949219,-117.32714080810547,"SAN BERNARDINO","SAN BERNARDINO",-117.32714080810547,34.108352661132812
9699284,2024,2024-06-26,3600,2024-04-18,1753,I1081,CH072,4,5,5,3630,0,0,0,,0,CH4,"SOQUEL CANYON PKWY","RT 71",0.00,,Y,A,-,Y,SBD,8,71,-,R,5.067,R,1,N,N,3,0,1,2,A,-,05,21650,1,N,A,G,A,A,H,-,A,D,0,,Y,,,Y,,L,04,0,1,0,0,0,0,1,0,0,"- ",SF,33.968891143798828,-117.68907165527344,"SAN BERNARDINO","CHINO HILLS",-117.68778991699219,33.965694427490234
9699901,2024,2024-06-07,3608,2024-04-26,"855 ",4298,36089,5,5,5,3608,0,0,0,,0,901,"BARTON RD","NEVADA ST",6.00,W,N,B,C,N,,,,,,,,,,N,3,0,1,2,A,-,05,21650,1,N,D,G,A,B,H,-,A,A,0,,Y,,,Y,,L,04,0,1,0,0,0,0,1,0,0,"- ","- ",,,"SAN BERNARDINO",REDLANDS,-117.21743774414062,34.048271179199219
9700613,2024,2024-06-17,3600,2024-03-27,"129 ",J3493,VC020,3,5,5,3612,0,0,0,,0,VC4,"MARISPOSA RD","COTTONWOOD RD",1320.00,N,N,A,-,N,,,,,,,,,,N,3,0,1,2,-,-,"- ",,,N,G,B,E,A,H,-,C,D,0,Y,,,,Y,,A,01,0,1,0,0,1,0,0,0,0,"- ","- ",,,"SAN BERNARDINO",VICTORVILLE,-117.33590698242188,34.481422424316406
9702583,2024,2024-06-14,3604,2024-04-16,2016,1477,,2,5,6,3604,0,0,0,,0,,FOOTHILL,REDWOOD,0.00,,Y,A,-,N,,,,,,,,,,N,4,0,1,2,A,-,12,21453,A,N,D,G,A,A,H,-,C,A,0,,Y,,,Y,,L,04,0,0,1,0,0,0,1,0,0,"- ","- ",,,"SAN BERNARDINO",FONTANA,-117.48423004150391,34.106491088867188
9703521,2024,2024-08-13,3600,2024-05-23,1819,F7820,YC103,4,5,4,3640,0,0,0,,0,YC1,"BLUEGRASS RD","COBBLESTONE PL",0.00,,Y,A,-,N,,,,,,,,,,N,3,0,1,2,D,-,00,,,N,G,G,A,A,H,-,A,D,0,,Y,,,Y,,-,"- ",0,1,0,0,0,0,1,0,0,"- ","- ",,,"SAN BERNARDINO",YUCAIPA,-117.06723785400391,34.039512634277344
9708711,2024,2024-07-12,3608,2024-05-22,1615,4202,3608,3,5,5,3608,0,0,0,,0,,"EAST CITRUS AV","NORTH GROVE ST",0.00,,Y,A,-,N,,,,,,,,,,N,3,0,1,2,A,-,09,21802,A,N,D,G,A,A,H,-,A,D,0,,Y,,,Y,,A,01,0,1,0,0,0,0,1,0,0,"- ","- ",,,"SAN BERNARDINO",REDLANDS,-117.16050720214844,34.055587768554688
9709911,2024,2024-08-06,3610,2024-06-21,1535,51349,,5,5,6,3610,0,0,0,,0,,"HIGHLAND AV","G ST",0.00,,Y,A,-,N,,,,,,,,,,Y,3,0,1,2,A,-,11,21456,B,N,D,G,A,A,H,-,A,A,0,,Y,,,Y,,L,04,0,1,0,0,0,0,1,0,0,"- ","- ",34.135898590087891,-117.29859924316406,"SAN BERNARDINO","SAN BERNARDINO",-117.29863739013672,34.136020660400391
9718564,2024,2024-07-26,3600,2024-04-16,1708,G8614,RC200,2,5,6,3616,0,0,0,,0,RC6,"N MAIN ST","EDEN AV",0.00,,Y,A,-,N,,,,,,,,,,N,4,0,1,2,A,-,"- ",,,N,D,G,A,A,H,-,A,D,0,,Y,,,Y,,L,04,0,0,1,0,0,0,1,0,0,"- ","- ",,,"SAN BERNARDINO","RANCHO CUCAMONGA",-117.52951812744141,34.112098693847656
9722273,2024,2024-09-16,3604,2024-07-16,1836,1274,,2,5,6,3604,0,0,0,,0,,"SUMMIT AV","BEECH AV",0.00,,Y,A,-,N,,,,,,,,,,N,3,0,1,2,A,-,10,21950,,N,G,B,B,A,H,-,A,A,0,Y,,,,Y,,A,07,0,1,0,0,1,0,0,0,0,"- ","- ",,,"SAN BERNARDINO",FONTANA,-117.47977447509766,34.150375366210938
9723708,2024,2024-10-15,3600,2024-09-27,1516,H8994,HE129,5,5,5,3619,0,0,0,,0,HE5,"MAIN ST","8TH AV",98.00,W,N,A,-,N,,,,,,,,,,N,3,0,1,2,A,-,09,21804,A,N,G,G,A,A,H,-,A,D,0,,Y,,,Y,,L,04,0,1,0,0,0,0,1,0,0,"- ","- ",,,"SAN BERNARDINO",HESPERIA,-117.31835174560547,34.424015045166016
9731778,2024,2024-09-13,3610,2024-08-02,2024,51494,,5,5,6,3610,0,0,0,,0,,"EAST HIGHLAND AV",CEDAR,175.00,E,N,A,-,N,,,,,,,,,,Y,3,0,1,2,A,-,11,21954,A,N,G,B,D,A,H,-,C,D,0,Y,,,,Y,Y,N,60,0,1,0,0,1,0,0,0,0,"- ","- ",34.135860443115234,-117.26616668701172,"SAN BERNARDINO","SAN BERNARDINO",-117.2674560546875,34.135898590087891
9733296,2024,2024-09-19,3600,2024-08-06,"501 ",H9027,RC049,2,5,6,3616,0,0,0,,0,004,"VINEYARD AV","CALLE DEL PRADO",0.00,,Y,A,-,N,,,,,,,,,,N,3,0,1,2,A,-,12,22450,A,N,D,G,A,A,H,-,C,D,0,,Y,,,Y,,L,04,0,1,0,0,0,0,1,0,0,"- ","- ",,,"SAN BERNARDINO","RANCHO CUCAMONGA",-117.61099243164062,34.118801116943359
9739493,2024,2024-10-01,3604,2024-08-03,2116,1475,,6,5,6,3604,0,0,0,,0,,"CHERRY AV","VICTORIA ST",723.00,N,N,A,-,N,,,,,,,,,,N,2,0,1,2,A,-,11,21954,A,N,G,B,E,A,H,-,C,A,0,Y,,,,Y,,N,60,1,0,0,0,1,0,0,0,0,"- ","- ",,,"SAN BERNARDINO",FONTANA,-117.48851013183594,34.130702972412109
9746185,2024,2024-10-30,3610,2024-08-29,1520,51167,,4,5,6,3610,0,0,0,,0,,"W 9TH ST","N E ST",0.00,,Y,A,-,N,,,,,,,,,,N,2,0,2,2,A,-,12,21453,A,N,A,G,A,A,H,-,A,A,0,,Y,,,Y,,L,04,1,0,1,0,0,0,1,0,0,"- ","- ",,,"SAN BERNARDINO","SAN BERNARDINO",-117.29416656494141,34.115760803222656
9751326,2024,2025-01-29,3600,2024-09-16,"254 ",G4526,AP006,1,5,5,3621,0,0,0,,0,AP1,"RT 18","FLATHEAD RD",0.00,,Y,A,-,Y,SBD,8,18,-,-,90.235,I,5,N,N,1,1,0,2,A,-,11,21954,A,N,G,B,E,A,H,-,C,A,0,Y,,,,Y,,N,60,0,0,0,1,0,0,0,0,0,"- ","- ",,,"SAN BERNARDINO","APPLE VALLEY",-117.20672607421875,34.514545440673828
9751441,2024,2025-02-05,3610,2024-02-16,1756,50789,,5,5,6,3610,0,0,0,,0,,"W KENDALL","PALM AV",542.00,E,N,A,-,N,,,,,,,,,,Y,1,1,0,2,A,-,11,21954,A,N,G,B,D,A,H,-,C,D,0,Y,,,,Y,,N,60,0,0,0,1,0,0,0,0,0,"- ","- ",,,"SAN BERNARDINO","SAN BERNARDINO",-117.35945129394531,34.190940856933594
9752849,2024,2024-11-15,3600,2024-10-27,"601 ",H9027,RC006,7,5,6,3616,0,0,0,,0,006,"FOOTHILL BL","DAY CREEK BL",19.00,W,N,A,-,N,,,,,,,,,,N,3,0,1,2,A,-,10,21950,A,N,G,B,B,A,H,-,C,A,0,Y,,,,Y,,N,60,0,1,0,0,1,0,0,0,0,"- ","- ",,,"SAN BERNARDINO","RANCHO CUCAMONGA",-117.53731536865234,34.106231689453125
9754836,2024,2024-12-04,3610,2024-09-18,1254,51374,,3,5,6,3610,0,0,0,,0,,4TH,"G ST",0.00,,Y,A,-,N,,,,,,,,,,N,3,0,1,2,A,-,12,21457,A,F,G,B,A,A,H,-,A,A,0,,Y,,,Y,,D,22,0,1,0,0,0,0,1,0,0,"- ","- ",,,"SAN BERNARDINO","SAN BERNARDINO",-117.29865264892578,34.106391906738281
9755084,2024,2024-12-03,3610,2024-09-25,"602 ",51393,,3,5,6,3610,0,0,0,,0,,"NORTHPARK BL","UNIVERSITY PKWY",500.00,E,N,A,-,N,,,,,,,,,,N,3,0,1,2,A,-,09,21801,A,N,D,B,A,A,H,-,A,D,0,,Y,,,Y,,-,,0,1,0,0,0,0,1,0,0,"- ","- ",34.178821563720703,-117.32694244384766,"SAN BERNARDINO","SAN BERNARDINO",-117.32575988769531,34.177970886230469
9755093,2024,2024-12-09,3610,2024-09-19,"555 ",51362,,4,5,6,3610,0,0,0,,0,,"E ST","BASELINE AV",0.00,,Y,A,-,N,,,,,,,,,,N,4,0,1,2,A,-,11,21456,A,N,G,B,B,A,H,-,B,A,0,Y,,,,Y,,N,60,0,0,1,0,1,0,0,0,0,"- ","- ",,,"SAN BERNARDINO","SAN BERNARDINO",-117.29415893554688,34.121349334716797
9758669,2024,2024-12-13,3608,2024-11-22,2216,5231,3608,5,5,5,3608,0,0,0,,0,901,"S CENTER ST","HIGHLAND AV",236.00,S,N,A,-,N,,,,,,,,,,N,3,0,1,2,A,-,01,23152,F,F,C,B,-,A,H,-,C,A,0,Y,,,,Y,Y,A,07,0,1,0,0,1,0,0,0,0,"- ","- ",,,"SAN BERNARDINO",REDLANDS,-117.17850494384766,34.036796569824219
9760153,2024,2025-01-24,3600,2024-12-22,"431 ",I6876,HE210,7,5,5,3619,0,0,0,,0,HE2,"I AV","WILLOW ST",58.00,S,N,A,-,N,,,,,,,,,,N,3,0,1,2,A,-,00,21650,A,M,B,G,A,A,H,-,C,D,0,,Y,,,Y,,A,01,0,1,0,0,0,0,1,0,0,"- ","- ",,,"SAN BERNARDINO",HESPERIA,-117.28107452392578,34.428134918212891
9761330,2024,2024-12-24,3610,2024-10-08,1400,51546,,2,5,6,3610,0,0,0,,0,,"W 16TH","N MT VERNON",0.00,,Y,A,-,N,,,,,,,,,,N,4,0,2,2,A,-,12,21453,A,N,G,B,A,A,H,-,A,A,0,,Y,,,Y,,L,04,0,0,2,0,0,0,2,0,0,"- ","- ",,,"SAN BERNARDINO","SAN BERNARDINO",-117.31381225585938,34.128639221191406