CASE_ID,ACCIDENT_YEAR,PROC_DATE,JURIS,COLLISION_DATE,COLLISION_TIME,OFFICER_ID,REPORTING_DISTRICT,DAY_OF_WEEK,CHP_SHIFT,POPULATION,CNTY_CITY_LOC,SPECIAL_COND,BEAT_TYPE,CHP_BEAT_TYPE,CITY_DIVISION_LAPD,CHP_BEAT_CLASS,BEAT_NUMBER,PRIMARY_RD,SECONDARY_RD,DISTANCE,DIRECTION,INTERSECTION,WEATHER_1,WEATHER_2,STATE_HWY_IND,CALTRANS_COUNTY,CALTRANS_DISTRICT,STATE_ROUTE,ROUTE_SUFFIX,POSTMILE_PREFIX,POSTMILE,LOCATION_TYPE,RAMP_INTERSECTION,SIDE_OF_HWY,TOW_AWAY,COLLISION_SEVERITY,NUMBER_KILLED,NUMBER_INJURED,PARTY_COUNT,PRIMARY_COLL_FACTOR,PCF_CODE_OF_VIOL,PCF_VIOL_CATEGORY,PCF_VIOLATION,PCF_VIOL_SUBSECTION,HIT_AND_RUN,TYPE_OF_COLLISION,MVIW,PED_ACTION,ROAD_SURFACE,ROAD_COND_1,ROAD_COND_2,LIGHTING,CONTROL_DEVICE,CHP_ROAD_TYPE,PEDESTRIAN_ACCIDENT,BICYCLE_ACCIDENT,MOTORCYCLE_ACCIDENT,TRUCK_ACCIDENT,NOT_PRIVATE_PROPERTY,ALCOHOL_INVOLVED,STWD_VEHTYPE_AT_FAULT,CHP_VEHTYPE_AT_FAULT,COUNT_SEVERE_INJ,COUNT_VISIBLE_INJ,COUNT_COMPLAINT_PAIN,COUNT_PED_KILLED,COUNT_PED_INJURED,COUNT_BICYCLIST_KILLED,COUNT_BICYCLIST_INJURED,COUNT_MC_KILLED,COUNT_MC_INJURED,PRIMARY_RAMP,SECONDARY_RAMP,LATITUDE,LONGITUDE,COUNTY,CITY,POINT_X,POINT_Y
6529092,2014,2014-08-09,3600,2014-06-16,1132,B9547,VC048,1,5,5,3612,0,0,0,,0,VC6,"MOJAVE DR","VILLAGE DR",0.00,,Y,A,-,N,,,,,,,,,,N,3,0,1,2,A,-,06,21755,,N,-,G,A,A,H,-,A,D,0,,Y,,,Y,,L,04,0,1,0,0,0,0,1,0,0,"- ","- ",,,"SAN BERNARDINO",VICTORVILLE,-117.31831008,34.528900059999998
6530412,2014,2014-08-06,3604,2014-05-27,1819,680,,2,5,6,3604,0,0,0,,0,,SIERRA,SLOVER,0.00,,Y,A,-,N,,,,,,,,,,N,3,0,1,2,A,-,"- ",,,N,D,G,A,A,H,-,A,A,0,,Y,,,Y,,L,04,0,1,0,0,0,0,1,0,0,"- ","- ",,,"SAN BERNARDINO",FONTANA,-117.43573005,34.063100079999998
6533900,2014,2014-08-22,3600,2014-06-17,1128,A9600,HE306,2,5,5,3619,0,0,0,,0,003,"OCOTILLO AV","DESERT ROSE ST",100.00,S,N,A,-,N,,,,,,,,,,N,3,0,1,2,A,-,05,21202,A,N,D,G,A,A,H,-,A,D,0,,Y,,,Y,,L,04,0,1,0,0,0,0,1,0,0,"- ","- ",,,"SAN BERNARDINO",HESPERIA,-117.35639197,34.41778592
6536727,2014,2016-04-16,9835,2014-05-30,0924,020474,,5,1,3,3601,0,1,1,,2,077,"RT 15","YATES WELL RD",792.00,N,N,A,-,Y,SBD,8,15,-,-,181.550,H,-,N,Y,2,0,1,2,A,-,08,22107,,N,B,G,A,A,H,-,A,D,1,,Y,,,Y,,L,04,1,0,0,0,0,0,1,0,0,"- ","- ",35.5441,-115.41822000000001,"SAN BERNARDINO",BARSTOW,-115.41858286,35.543019630000003
6537524,2014,2014-06-30,3610,2014-03-12,1553,50717,,3,5,6,3610,0,0,0,,0,,"NORTH 13TH ST","NORTH MOUNTAIN  VIEW AV",267.00,W,N,A,-,N,,,,,,,,,,N,3,0,1,2,A,-,09,21804,,N,D,G,A,A,H,-,A,D,0,,Y,,,Y,,L,04,0,1,0,0,0,0,1,0,0,"- ","- ",,,"SAN BERNARDINO","SAN BERNARDINO",-117.28829896000001,34.1233
6538792,2014,2014-06-27,3610,2014-02-28,1537,50634,,5,5,6,3610,0,0,0,,0,,"NORTH SIERRA WY","E 6TH ST",0.00,,Y,B,C,N,,,,,,,,,,N,3,0,1,2,A,-,10,21950,A,N,D,B,B,B,H,-,A,D,0,Y,,,,Y,,A,01,0,1,0,0,1,0,0,0,0,"- ","- ",,,"SAN BERNARDINO","SAN BERNARDINO",-117.28514011,34.110180059999998
6539989,2014,2014-07-31,9860,2014-05-18,1700,019269,,7,2,9,3600,0,2,4,,1,131,"LYTLE CREEK RD","GREEN MOUNTAIN RD",3168.00,S,N,A,-,N,,,,,,,,,,Y,3,0,2,3,A,-,03,22350,,N,G,B,F,A,H,-,A,D,0,Y,,,,Y,Y,D,22,0,1,1,0,2,0,0,0,0,"- ","- ",34.231499999999997,-117.48396,"SAN BERNARDINO",UNINCORPORATED,-117.4839288,34.231385639999999
6542532,2014,2014-07-28,3610,2014-04-15,2104,50603,,2,5,6,3610,0,0,0,,0,,"E HOSPITALITY LN","SOUTH WATERMAN AV",436.00,W,N,A,-,N,,,,,,,,,,N,4,0,1,2,A,-,11,21955,,N,G,B,D,A,H,-,C,D,0,Y,,,,Y,,N,60,0,0,1,0,1,0,0,0,0,"- ","- ",,,"SAN BERNARDINO","SAN BERNARDINO",-117.28028509000001,34.065840000000001
6545090,2014,2016-04-19,3602,2014-05-28,0650,3060,,3,5,5,3602,0,0,0,,0,002,"RT 60","MOUNTAIN AV",0.00,,Y,A,-,Y,SBD,8,60,-,R,3.820,R,1,W,N,3,0,1,2,A,-,09,21453,B,N,G,G,A,A,H,-,A,A,0,,Y,,,Y,,D,22,0,1,0,0,0,0,1,0,0,"- ","- ",,,"SAN BERNARDINO",CHINO,-117.66411517,34.030478530000003
6549116,2014,2014-08-13,3600,2014-06-27,2007,E4794,HE208,5,5,5,3619,0,0,0,,0,HE2,"WILLOW ST","VINE ST",0.00,,Y,A,-,N,,,,,,,,,,N,3,0,1,2,A,-,08,22107,,N,B,G,A,A,H,-,B,A,0,,Y,,,Y,,L,04,0,1,0,0,0,0,1,0,0,"- ","- ",,,"SAN BERNARDINO",HESPERIA,-117.26614008,34.427430080000001
6553944,2014,2014-08-04,9860,2014-05-23,1413,018223,,5,2,9,3600,0,3,5,,2,002,"GRAY ST","RESERVOIR ST",240.00,N,N,A,-,N,,,,,,,,,,N,3,0,1,2,A,-,11,21954,A,N,G,B,D,A,H,-,A,D,0,Y,,,,Y,,N,60,0,1,0,0,1,0,0,0,0,"- ","- ",34.162109999999998,-117.36159000000001,"SAN BERNARDINO",UNINCORPORATED,-117.36167217000001,34.162167510000003
6553999,2014,2016-04-18,9860,2014-05-31,0050,20051,,6,3,4,3618,0,1,1,,2,203,"RT 210","BASELINE ST",155.00,E,N,A,-,Y,SBD,8,210,-,R,29.542,R,1,W,Y,3,0,2,5,A,-,01,23152,A,N,C,C,E,A,H,-,D,D,1,Y,,,,Y,Y,A,01,0,2,0,0,2,0,0,0,0,TO,"- ",34.120690000000003,-117.20003,"SAN BERNARDINO",HIGHLAND,-117.20055452,34.118066980000002
6560237,2014,2016-06-07,9850,2014-07-03,1940,014481,,4,2,9,3600,0,1,3,,2,044,"RT 247","LADERA AV",420.00,W,N,A,-,Y,SBD,8,247,-,-,44.190,H,-,N,N,3,0,1,2,A,-,08,22107,,F,G,B,F,A,H,-,A,D,0,Y,,,,Y,,A,01,0,1,0,0,1,0,0,0,0,"- ","- ",34.443989999999999,-116.93892,"SAN BERNARDINO",UNINCORPORATED,-116.93396842,34.444035919999997
6560455,2014,2016-04-14,9860,2014-06-14,1614,017892,,6,2,9,3600,0,1,3,,1,380,"RT 38","GARNET AV",0.00,,Y,A,-,Y,SBD,8,38,-,-,5.379,I,5,W,N,3,0,1,2,A,-,09,21802,A,N,B,G,A,A,H,-,A,D,0,,Y,,,Y,,A,01,0,1,0,0,0,0,1,0,0,"- ","- ",34.071350000000002,-117.09941000000001,"SAN BERNARDINO",UNINCORPORATED,-117.0992662,34.071459670000003
6564012,2014,2014-07-31,9860,2014-05-23,2235,19251,,5,3,9,3600,0,3,5,,2,002,"DARBY ST","JUNE ST",100.00,E,N,A,-,N,,,,,,,,,,Y,3,0,1,2,A,-,03,22350,,F,H,G,A,A,H,-,D,D,0,,Y,Y,,Y,,C,02,0,1,0,0,0,0,1,0,0,"- ","- ",34.146999999999998,-117.349,"SAN BERNARDINO",UNINCORPORATED,-117.34825048,34.14696
6567865,2014,2014-08-25,9850,2014-07-04,2128,018619,,5,2,9,3600,0,3,5,,2,005,"WILSON RANCH RD","DEL ROSA RD",676.00,S,N,A,-,N,,,,,,,,,,N,4,0,1,2,A,-,06,21759,,N,H,H,E,A,H,-,D,D,0,Y,,,,Y,,A,01,0,0,1,0,1,0,0,0,0,"- ","- ",34.462139999999998,-117.52139,"SAN BERNARDINO",UNINCORPORATED,-117.52143,34.46112771
6567934,2014,2014-08-05,3604,2014-06-04,2039,768,,3,5,6,3604,0,0,0,,0,,"MARYGOLD AV","EDISON POLE #188431E",75.00,W,N,A,-,N,,,,,,,,,,N,4,0,1,2,A,-,11,21954,A,N,G,B,D,A,H,-,C,A,0,Y,,,,Y,,N,60,0,0,1,0,1,0,0,0,0,"- ","- ",,,"SAN BERNARDINO",FONTANA,,
6567938,2014,2014-08-27,3604,2014-06-03,2218,680,,2,5,6,3604,0,0,0,,0,,SIERRA,RIVERSIDE,2640.00,S,N,A,-,N,,,,,,,,,,N,4,0,1,2,A,-,11,21956,A,F,G,B,E,A,D,-,D,D,0,Y,,,,Y,,N,60,0,0,1,0,1,0,0,0,0,"- ","- ",,,"SAN BERNARDINO",FONTANA,-117.43622132,34.171656560000002
6575235,2014,2014-09-02,3604,2014-06-19,2036,819,,4,5,6,3604,0,0,0,,0,003,CHERRY,VALLEY,150.00,N,N,A,-,N,,,,,,,,,,Y,2,0,2,2,A,-,11,21954,A,N,G,B,D,A,H,-,C,A,0,Y,,Y,,Y,Y,N,60,1,0,1,0,1,0,0,0,1,"- ","- ",,,"SAN BERNARDINO",FONTANA,-117.48886,34.070610940000002
6578983,2014,2014-08-19,3607,2014-06-06,2052,80421,4,5,5,6,3607,0,0,0,,0,031,"VINEYARD AV","OLIVE ST",0.00,,Y,A,-,N,,,,,,,,,,N,4,0,1,2,A,-,05,21650,1,N,D,G,A,A,H,-,C,D,0,,Y,,,Y,,L,04,0,0,1,0,0,0,1,0,0,"- ","- ",,,"SAN BERNARDINO",ONTARIO,-117.61115009,34.090270089999997
6579157,2014,2014-08-26,3604,2014-06-26,0805,948,,4,5,6,3604,0,0,0,,0,,"MERRILL AV","CYPRESS AV",0.00,,Y,A,-,N,,,,,,,,,,N,3,0,1,2,A,-,"- ",,,N,D,G,A,A,A,-,A,A,0,,Y,,,Y,,L,04,0,1,0,0,0,0,1,0,0,"- ","- ",,,"SAN BERNARDINO",FONTANA,-117.4444501,34.09211011
6582687,2014,2014-08-12,3601,2014-06-20,0725,70K9,3601,5,5,3,3601,0,0,0,,0,PATROL,"BARSTOW RD","E MAIN ST",0.00,,Y,A,-,N,,,,,,,,,,N,4,0,1,2,A,-,03,22350,,N,G,B,B,A,H,-,A,D,0,Y,,,,Y,,A,01,0,0,1,0,1,0,0,0,0,"- ","- ",,,"SAN BERNARDINO",BARSTOW,-117.02300004,34.898730020000002
6583418,2014,2014-08-16,3608,2014-07-25,2035,4202,,5,5,5,3608,0,0,0,,0,,"ORANGE ST","CITRUS AV",0.00,,Y,A,-,N,,,,,,,,,,N,3,0,1,2,A,-,11,21456,B,N,G,B,B,A,H,-,C,A,0,Y,,,,Y,,N,60,0,1,0,0,1,0,0,0,0,"- ","- ",,,"SAN BERNARDINO",REDLANDS,-117.18259006,34.055550050000001
6587564,2014,2014-08-18,3607,2014-07-08,1115,14458,65,2,5,6,3607,0,0,0,,0,032,"4TH ST","CALAVERAS AV",0.00,,Y,A,-,N,,,,,,,,,,N,3,0,1,2,A,-,08,22107,,N,B,G,A,A,H,-,A,D,0,,Y,,,Y,,-,,0,1,0,0,0,0,1,0,0,"- ","- ",,,"SAN BERNARDINO",ONTARIO,-117.62682004,34.07766007
6593549,2014,2014-09-03,3603,2014-06-03,0730,CL4652,COLTO,2,5,4,3603,0,0,0,,0,001,"RANCHO AV","MILL ST",0.00,,Y,A,-,N,,,,,,,,,,N,4,0,1,2,A,-,10,21950,A,F,G,B,B,A,H,-,A,B,0,Y,,,,Y,,-,99,0,0,1,0,1,0,0,0,0,"- ","- ",,,"SAN BERNARDINO",COLTON,-117.33367001000001,34.092300029999997
6594616,2014,2014-09-17,3600,2014-07-08,2056,G2429,HI008,2,5,4,3618,0,0,0,,0,001,"6TH ST","SCE POLE 2006974E",155.00,E,N,A,-,N,,,,,,,,,,N,2,0,1,2,D,-,00,,,N,G,C,E,A,H,-,D,D,0,Y,,,,Y,,-,"- ",1,0,0,0,1,0,0,0,0,"- ","- ",,,"SAN BERNARDINO",HIGHLAND,,
6595524,2014,2014-08-29,3607,2014-07-25,1348,80442,111,5,5,6,3607,0,0,0,,0,022,"G ST","GROVE AV",0.00,,Y,A,-,N,,,,,,,,,,N,3,0,1,2,A,-,12,21453,A,N,D,G,A,A,H,-,A,A,0,,Y,,,Y,,L,04,0,1,0,0,0,0,1,0,0,"- ","- ",,,"SAN BERNARDINO",ONTARIO,-117.62926005999999,34.070690089999999
6595557,2014,2016-01-15,3600,2014-07-24,2033,B7509,RC055,4,5,6,3616,0,0,0,,0,002,"VINEYARD AV","FOOTHILL BL",0.00,,Y,A,-,N,,,,,,,,,,N,2,0,1,2,A,-,10,21950,A,F,G,B,B,A,H,-,C,A,0,Y,,,,Y,,A,01,1,0,0,0,1,0,0,0,0,"- ","- ",,,"SAN BERNARDINO","RANCHO CUCAMONGA",-117.61107011,34.106740070000001
6600330,2014,2014-09-19,9865,2014-08-14,1620,19871,,4,2,9,3600,0,3,5,,2,001,"KNAPPS CUTOFF","RT 138",528.00,E,N,A,-,N,,,,,,,,,,Y,3,0,2,3,A,-,01,23152,E,N,C,E,E,A,H,-,A,D,0,Y,,,,Y,Y,D,22,0,2,0,0,1,0,0,0,0,"- ","- ",34.241999999999997,-117.2932,"SAN BERNARDINO",UNINCORPORATED,-117.29280110000001,34.242580910000001
6601949,2014,2016-05-02,9860,2014-07-27,0138,020007,,7,3,6,3610,0,1,1,,2,216,"RT 215","9TH ST",268.00,N,N,A,-,Y,SBD,8,215,-,-,7.750,H,-,N,N,2,0,1,2,A,-,01,23152,A,F,G,B,E,A,H,-,D,D,1,Y,,,,Y,Y,A,07,1,0,0,0,1,0,0,0,0,"- ","- ",34.116599999999998,-117.3023,"SAN BERNARDINO","SAN BERNARDINO",-117.30276855,34.116480410000001
6602002,2014,2014-09-08,3602,2014-06-26,1419,2778,,4,5,5,3602,0,0,0,,0,003,"SCHAEFER AV","PRECIADO AV",0.00,,Y,A,-,N,,,,,,,,,,N,3,0,1,2,A,-,09,21802,A,F,D,G,A,A,H,-,A,D,0,,Y,Y,,Y,,C,02,0,1,0,0,0,0,1,0,0,"- ","- ",,,"SAN BERNARDINO",CHINO,-117.71269006999999,34.004420039999999
6602935,2014,2014-09-09,3609,2014-08-26,1906,6799,129,2,5,5,3609,0,0,0,,0,002,"GROVE ST","EUCALYPTUS AV",40.00,W,N,A,-,N,,,,,,,,,,N,2,0,1,2,A,-,11,21954,A,N,G,B,D,A,H,-,A,D,0,Y,,,,Y,,N,60,1,0,0,0,1,0,0,0,0,"- ","- ",,,"SAN BERNARDINO",RIALTO,-117.35742174000001,34.108988490000002
6606160,2014,2015-12-29,3600,2014-05-14,2247,B5040,YC106,3,5,4,3640,0,0,0,,0,YC1,"YUCAIPA BL","4TH ST",168.00,W,N,A,-,N,,,,,,,,,,N,1,1,0,2,A,-,11,21954,A,N,G,B,D,A,H,-,C,A,0,Y,,,,Y,Y,N,60,0,0,0,1,0,0,0,0,0,"- ","- ",,,"SAN BERNARDINO",YUCAIPA,-117.05244266,34.033870270000001
6606237,2014,2016-01-13,3601,2014-07-21,2122,P79,,1,5,3,3601,0,0,0,,0,PATROL,"W MAIN ST","EDISON POLE",362.00,,N,A,-,N,,,,,,,,,,Y,1,1,0,2,A,-,01,23152,A,N,G,B,D,A,H,-,C,D,0,Y,,,,Y,,D,22,0,0,0,1,0,0,0,0,0,"- ","- ",,,"SAN BERNARDINO",BARSTOW,,
6607060,2014,2016-01-15,3604,2014-08-02,1647,1157,FONTA,6,5,6,3604,0,0,0,,0,002,"FOOTHILL BL","ALDER PL",200.00,W,N,B,-,N,,,,,,,,,,N,3,0,1,2,A,-,17,21200,A,N,D,G,A,A,H,-,A,D,0,,Y,,,Y,,L,04,0,1,0,0,0,0,1,0,0,"- ","- ",,,"SAN BERNARDINO",FONTANA,-117.41901878,34.10669
6613469,2014,2014-09-10,3610,2014-04-16,1337,4233,CSU,3,5,6,3610,0,0,0,,0,,"NORTHPARK BL","SERRANO VILLAGE DR",0.00,,Y,A,-,N,,,,,,,,,,N,4,0,1,3,A,-,05,21202,A,N,H,G,A,A,H,-,A,A,0,,Y,,,Y,,L,04,0,0,1,0,0,0,1,0,0,"- ","- ",,,"SAN BERNARDINO","SAN BERNARDINO",-117.32341011,34.177290069999998
6617336,2014,2014-09-15,3600,2014-06-13,0748,H1829,LL008,5,5,3,3615,0,0,0,,0,,"UNIVERSITY AV","CAMPUS AV",0.00,,Y,A,-,N,,,,,,,,,,N,4,0,1,2,A,-,03,22350,,N,G,B,B,A,H,-,A,A,0,Y,,,,Y,,A,01,0,0,1,0,1,0,0,0,0,"- ","- ",,,"SAN BERNARDINO","LOMA LINDA",-117.26568014,34.051990009999997
6624408,2014,2014-09-23,3602,2014-08-25,2132,3243,,1,5,5,3602,0,0,0,,0,005,"CHINO AV","CYPRESS AV",276.00,W,N,A,-,N,,,,,,,,,,N,4,0,1,2,A,-,11,21956,A,N,B,B,E,A,H,-,C,A,0,Y,,,,Y,,N,60,0,0,1,0,1,0,0,0,0,"- ","- ",,,"SAN BERNARDINO",CHINO,-117.66400817,34.011986780000001
6625968,2014,2015-01-08,3607,2014-08-26,0658,80310,111,2,5,6,3607,0,0,0,,0,022,"G ST","CUCAMONGA AV",0.00,,Y,A,-,N,,,,,,,,,,N,3,0,1,2,A,-,09,21801,A,N,D,G,A,A,H,-,A,D,0,,Y,,,Y,,-,,0,1,0,0,0,0,1,0,0,"- ","- ",,,"SAN BERNARDINO",ONTARIO,-117.63265011,34.070680019999998
6628999,2014,2014-09-25,3607,2014-08-20,1025,80410,63,3,5,6,3607,0,0,0,,0,021,"FOURTH ST","BERLYN AV",0.00,,Y,A,-,N,,,,,,,,,,N,3,0,1,2,A,-,05,21202,A,F,D,G,A,A,H,-,A,A,0,,Y,,,Y,,L,04,0,1,0,0,0,0,1,0,0,"- ","- ",,,"SAN BERNARDINO",ONTARIO,-117.63897013,34.077940069999997
6630846,2014,2014-11-04,3600,2014-09-06,0204,B5040,RC043,6,5,6,3616,0,0,0,,0,RC1,"BERYL ST","CAMELLIA CT",157.00,N,N,A,-,N,,,,,,,,,,N,2,0,1,1,A,-,01,21200,5,N,E,I,A,A,H,-,C,A,0,,Y,,,Y,Y,L,04,1,0,0,0,0,0,1,0,0,"- ","- ",,,"SAN BERNARDINO","RANCHO CUCAMONGA",-117.60750855000001,34.156360210000003
6634845,2014,2014-10-07,3610,2014-05-14,0643,50570,,3,5,6,3610,0,0,0,,0,,"N BASELINE ST","N PERRIS ST",0.00,,Y,A,-,N,,,,,,,,,,N,3,0,1,2,A,-,05,21650,1,N,D,G,A,A,H,-,A,A,0,,Y,,,Y,,L,04,0,1,0,0,0,0,1,0,0,"- ","- ",,,"SAN BERNARDINO","SAN BERNARDINO",-117.30641004,34.12133008
6639018,2014,2014-10-14,3610,2014-06-09,1421,50519,,1,5,6,3610,0,0,0,,0,,"S ARROWHEAD AV","W VALLEY ST",0.00,,Y,A,-,N,,,,,,,,,,N,3,0,1,2,A,-,11,21954,A,N,G,B,D,A,H,-,A,D,0,Y,,,,Y,,N,60,0,1,0,0,1,0,0,0,0,"- ","- ",,,"SAN BERNARDINO","SAN BERNARDINO",-117.28971002999999,34.095960069999997
6640728,2014,2014-10-07,3610,2014-05-05,1535,50607,,1,5,6,3610,0,0,0,,0,,"EAST HIGHLAND AV","N GOLDEN AV",100.00,W,N,A,-,N,,,,,,,,,,N,4,0,1,2,D,-,00,,,M,D,G,A,A,H,-,A,D,0,,Y,,,Y,,-,"- ",0,0,1,0,0,0,1,0,0,"- ","- ",,,"SAN BERNARDINO","SAN BERNARDINO",-117.26144944000001,34.135869999999997
6640768,2014,2014-10-14,3600,2014-05-09,2245,C5162,,5,5,3,3613,0,0,0,,0,24X3,"BEGONIA RD","PALM ST",0.00,,Y,A,-,N,,,,,,,,,,N,3,0,1,2,A,-,"- ",,,F,B,G,A,A,H,-,C,D,0,,Y,,,Y,,-,,0,1,0,0,0,0,1,0,0,"- ","- ",,,"SAN BERNARDINO",ADELANTO,-117.41484013,34.510350039999999
6641641,2014,2014-10-15,3605,2014-09-05,1040,332,,5,5,4,3605,0,0,0,,0,,"MISSION BL","RAMONA AV",815.00,W,N,A,-,N,,,,,,,,,,N,3,0,1,2,A,-,10,21950,A,N,G,B,D,A,H,-,A,A,0,Y,,,,Y,,N,60,0,1,0,0,1,0,0,0,0,"- ","- ",,,"SAN BERNARDINO",MONTCLAIR,-117.70959363,34.056060000000002
6648322,2014,2014-10-14,3607,2014-09-06,1013,80334,1,6,5,6,3607,0,0,0,,0,021,"VIRGINIA AV","HIGHLAND CT",25.00,S,N,A,-,N,,,,,,,,,,N,3,0,1,2,A,-,21,22106,,N,C,B,E,A,H,-,A,A,0,Y,,,,Y,,-,,0,1,0,0,1,0,0,0,0,"- ","- ",,,"SAN BERNARDINO",ONTARIO,-117.63016,34.089521480000002
6651360,2014,2014-10-14,3610,2014-06-19,2200,50675,,4,5,6,3610,0,0,0,,0,,"N DEL ROSA AV","N DEL ROSA AV 900",1.00,W,N,A,-,N,,,,,,,,,,N,4,0,1,2,A,-,11,21954,A,N,G,B,E,A,H,-,C,D,0,Y,,,,Y,,N,60,0,0,1,0,1,0,0,0,0,"- ","- ",,,"SAN BERNARDINO","SAN BERNARDINO",,
6658012,2014,2014-10-21,3600,2014-09-29,1450,D5272,RC081,1,5,6,3616,0,0,0,,0,005,"COYOTE DR","DUNDEE CT",0.00,,Y,A,-,N,,,,,,,,,,N,4,0,1,2,A,-,11,21954,A,N,G,B,D,A,H,-,A,D,0,Y,,,,Y,,N,60,0,0,1,0,1,0,0,0,0,"- ","- ",,,"SAN BERNARDINO","RANCHO CUCAMONGA",-117.53451009,34.154960070000001
6659130,2014,2014-10-16,3607,2014-07-03,2047,80154,130,4,5,6,3607,0,0,0,,0,022,"ALLYN AV","ELMA ST",0.00,,Y,A,-,N,,,,,,,,,,N,2,0,1,2,A,-,12,22450,A,N,D,G,A,A,H,-,C,A,0,,Y,,,Y,,L,04,1,0,0,0,0,0,1,0,0,"- ","- ",,,"SAN BERNARDINO",ONTARIO,-117.63722,34.066120060000003
6665006,2014,2014-12-17,3609,2014-10-01,1946,9632,144,3,5,5,3609,0,0,0,,0,003,"MERRILL AV","EDISON POLE #4388632E",99.00,E,N,A,-,N,,,,,,,,,,N,3,0,1,2,A,-,11,21956,A,N,G,B,E,A,H,-,C,D,0,Y,,,,Y,,N,60,0,1,0,0,1,0,0,0,0,"- ","- ",,,"SAN BERNARDINO",RIALTO,,
6666663,2014,2014-10-28,3610,2014-08-06,1157,50732,,3,5,6,3610,0,0,0,,0,,"W BASELINE ST","NORTH SIERRA WY",0.00,,Y,A,-,N,,,,,,,,,,N,4,0,1,2,A,-,10,21950,A,F,G,B,B,A,H,-,A,A,0,Y,,,,Y,,A,08,0,0,1,0,1,0,0,0,0,"- ","- ",,,"SAN BERNARDINO","SAN BERNARDINO",-117.28515,34.121340099999998
6671475,2014,2014-11-12,3608,2014-09-16,1510,2916,,2,5,5,3608,0,0,0,,0,,"COLTON AV","WABASH AV",0.00,,Y,A,-,N,,,,,,,,,,N,2,0,1,2,A,-,11,21953,,N,G,B,E,A,B,-,A,A,0,Y,,,,Y,Y,N,60,1,0,0,0,1,0,0,0,0,"- ","- ",,,"SAN BERNARDINO",REDLANDS,-117.13900009,34.062850109999999
6671560,2014,2014-10-30,3610,2014-07-27,2303,50852,,7,5,6,3610,0,0,0,,0,,"W SHERIDAN RD",BROOKFIELD,450.00,W,N,A,-,N,,,,,,,,,,Y,3,0,1,3,A,-,08,22107,,N,G,J,F,A,H,-,C,A,0,Y,,,,Y,,A,01,0,1,0,0,1,0,0,0,0,"- ","- ",,,"SAN BERNARDINO","SAN BERNARDINO",-117.32323214,34.171340309999998
6677722,2014,2014-10-31,3610,2014-08-21,1755,50294,,4,5,6,3610,0,0,0,,0,,"WEST HIGHLAND AV","N E ST",165.00,W,N,A,-,N,,,,,,,,,,N,3,0,1,2,A,-,11,21954,A,N,G,B,D,A,H,-,A,D,0,Y,,,,Y,,N,60,0,1,0,0,1,0,0,0,0,"- ","- ",,,"SAN BERNARDINO","SAN BERNARDINO",-117.29469361,34.136000000000003
6678015,2015,2016-03-28,3600,2015-08-13,2147,F1596,YC008,4,5,4,3640,0,0,0,,0,002,"AVENUE E","7TH ST",537.00,E,N,A,-,N,,,,,,,,,,N,1,1,0,2,D,-,00,,,F,G,B,E,A,H,-,C,A,0,Y,,,,Y,,-,"- ",0,0,0,1,0,0,0,0,0,"- ","- ",,,"SAN BERNARDINO",YUCAIPA,-117.06319362000001,34.026606880000003
6678236,2017,2019-04-05,3600,2017-01-13,1919,T1686,AP006,5,5,5,3621,0,0,0,,0,AP1,"RT 18","KIOWA RD",385.00,W,N,B,C,Y,SBD,8,18,-,-,89.490,H,-,S,N,1,1,0,2,A,-,11,21954,A,F,G,B,D,B,H,-,D,D,0,Y,,,,Y,,N,60,0,0,0,1,0,0,0,0,0,"- ","- ",,,"SAN BERNARDINO","APPLE VALLEY",-117.19817885000001,34.506403990000003
6678277,2014,2016-01-14,3610,2014-09-06,0827,50532,,6,5,6,3610,0,0,0,,0,,"W BASELINE ST","N MT VERNON AV",0.00,,Y,A,-,N,,,,,,,,,,Y,1,1,2,3,A,-,00,23104,A,N,A,C,F,A,H,-,A,A,0,Y,,,,Y,,A,01,0,2,0,1,0,0,0,0,0,"- ","- ",,,"SAN BERNARDINO","SAN BERNARDINO",-117.31384006,34.121330020000002
6678278,2014,2014-11-03,9850,2014-09-12,2020,19278,,5,2,5,3612,0,1,1,,2,083,"RT 15","PALMDALE RD",564.00,N,N,A,-,Y,SBD,8,15,-,-,40.610,H,-,N,N,1,1,0,3,A,-,11,21954,A,N,G,B,E,A,H,-,C,D,1,Y,,,,Y,,N,60,0,0,0,1,0,0,0,0,0,"- ","- ",34.508600000000001,-117.32259999999999,"SAN BERNARDINO",VICTORVILLE,-117.32236626,34.509258969999998
6678396,2017,2018-01-30,3600,2017-03-24,1958,D5980,TW006,5,5,3,3617,0,0,0,,0,TW1,"RT 62","MESQUITE AV",0.00,N,N,A,-,Y,SBD,8,62,-,-,33.350,H,-,E,Y,1,1,0,2,A,-,11,21954,A,N,G,B,D,A,H,-,C,D,0,Y,,,,Y,Y,N,60,0,0,0,1,0,0,0,0,0,"- ","- ",,,"SAN BERNARDINO","TWENTYNINE PALMS",-116.05195273,34.135662320000002
6678788,2014,2014-11-07,3610,2014-09-26,2030,50600,,5,5,6,3610,0,0,0,,0,,"NORTH WATERMAN AV","E 10TH ST",12.00,N,N,A,-,N,,,,,,,,,,Y,2,0,1,2,A,-,01,23153,A,N,G,B,D,A,H,-,C,D,0,Y,,,,Y,,A,01,1,0,0,0,1,0,0,0,0,"- ","- ",,,"SAN BERNARDINO","SAN BERNARDINO",-117.27879,34.117702870000002
6678815,2014,2014-11-07,3610,2014-09-12,1755,50761,,5,5,6,3610,0,0,0,,0,,"S ARROWHEAD AV","W VALLEY ST",156.00,W,N,A,-,N,,,,,,,,,,N,3,0,1,2,A,-,11,21954,A,N,D,B,D,A,H,-,A,D,0,Y,,,,Y,,N,60,0,1,0,0,1,0,0,0,0,"- ","- ",,,"SAN BERNARDINO","SAN BERNARDINO",-117.28971,34.095959999999998