CASE_ID,ACCIDENT_YEAR,PROC_DATE,JURIS,COLLISION_DATE,COLLISION_TIME,OFFICER_ID,REPORTING_DISTRICT,DAY_OF_WEEK,CHP_SHIFT,POPULATION,CNTY_CITY_LOC,SPECIAL_COND,BEAT_TYPE,CHP_BEAT_TYPE,CITY_DIVISION_LAPD,CHP_BEAT_CLASS,BEAT_NUMBER,PRIMARY_RD,SECONDARY_RD,DISTANCE,DIRECTION,INTERSECTION,WEATHER_1,WEATHER_2,STATE_HWY_IND,CALTRANS_COUNTY,CALTRANS_DISTRICT,STATE_ROUTE,ROUTE_SUFFIX,POSTMILE_PREFIX,POSTMILE,LOCATION_TYPE,RAMP_INTERSECTION,SIDE_OF_HWY,TOW_AWAY,COLLISION_SEVERITY,NUMBER_KILLED,NUMBER_INJURED,PARTY_COUNT,PRIMARY_COLL_FACTOR,PCF_CODE_OF_VIOL,PCF_VIOL_CATEGORY,PCF_VIOLATION,PCF_VIOL_SUBSECTION,HIT_AND_RUN,TYPE_OF_COLLISION,MVIW,PED_ACTION,ROAD_SURFACE,ROAD_COND_1,ROAD_COND_2,LIGHTING,CONTROL_DEVICE,CHP_ROAD_TYPE,PEDESTRIAN_ACCIDENT,BICYCLE_ACCIDENT,MOTORCYCLE_ACCIDENT,TRUCK_ACCIDENT,NOT_PRIVATE_PROPERTY,ALCOHOL_INVOLVED,STWD_VEHTYPE_AT_FAULT,CHP_VEHTYPE_AT_FAULT,COUNT_SEVERE_INJ,COUNT_VISIBLE_INJ,COUNT_COMPLAINT_PAIN,COUNT_PED_KILLED,COUNT_PED_INJURED,COUNT_BICYCLIST_KILLED,COUNT_BICYCLIST_INJURED,COUNT_MC_KILLED,COUNT_MC_INJURED,PRIMARY_RAMP,SECONDARY_RAMP,LATITUDE,LONGITUDE,COUNTY,CITY,POINT_X,POINT_Y
6678997,2014,2014-11-03,3610,2014-07-28,1507,50534,,1,5,6,3610,0,0,0,,0,,"WEST HIGHLAND AV","N WESTERN AV",0.00,,Y,A,-,N,,,,,,,,,,N,4,0,1,2,A,-,09,21801,A,N,G,B,B,A,H,-,A,A,0,Y,,,,Y,,A,01,0,0,1,0,1,0,0,0,0,"- ","- ",,,"SAN BERNARDINO","SAN BERNARDINO",-117.31819013,34.136080049999997
6679516,2014,2014-11-04,3610,2014-05-18,2055,50793,,7,5,6,3610,0,0,0,,0,,"N MT VERNON","W 9TH ST",3.00,S,N,A,-,N,,,,,,,,,,N,4,0,1,2,A,-,11,21456,B,M,G,G,A,A,H,-,A,A,0,,Y,,,Y,,L,04,0,0,1,0,0,0,1,0,0,"- ","- ",,,"SAN BERNARDINO","SAN BERNARDINO",-117.31384027,34.115751779999997
6681236,2014,2014-11-13,3610,2014-09-07,2004,50802,,7,5,6,3610,0,0,0,,0,,"BASELINE ST","1235 BASELINE ST",0.00,,Y,A,-,N,,,,,,,,,,Y,2,0,3,2,A,-,01,23152,A,N,A,B,F,A,H,-,C,D,0,Y,,,,Y,Y,D,22,1,0,2,0,0,0,0,0,0,"- ","- ",,,"SAN BERNARDINO","SAN BERNARDINO",-117.26004838999999,34.121298350000004
6682972,2014,2014-12-23,9865,2014-10-05,1230,020115,,7,1,9,3600,0,3,5,,2,003,"USFS RD 2N10","ASPEN DR",2640.00,W,N,A,-,N,,,,,,,,,,N,2,0,1,1,A,-,03,22350,,N,E,I,A,A,G,-,A,D,0,,Y,,,Y,,L,04,1,0,0,0,0,0,1,0,0,"- ","- ",34.226950000000002,-116.86941,"SAN BERNARDINO",UNINCORPORATED,-116.87347948999999,34.225941310000003
6691850,2014,2014-11-21,3610,2014-07-08,1734,50648,,2,5,6,3610,0,0,0,,0,,"KENDALL DR","CAMPUS PKWY",185.00,W,N,A,-,N,,,,,,,,,,N,3,0,1,2,A,-,09,21804,,N,C,G,A,A,H,-,A,A,0,,Y,,,Y,,A,01,0,1,0,0,0,0,1,0,0,"- ","- ",,,"SAN BERNARDINO","SAN BERNARDINO",-117.34171717,34.181618579999999
6691877,2014,2014-11-21,3610,2014-07-15,2125,50049,,2,5,6,3610,0,0,0,,0,,"S MT VIEW AV","E VICTORIA ST",0.00,,Y,A,-,N,,,,,,,,,,N,3,0,1,2,A,-,10,21950,A,N,G,B,B,A,H,-,C,A,0,Y,,,,Y,,A,01,0,1,0,0,1,0,0,0,0,"- ","- ",,,"SAN BERNARDINO","SAN BERNARDINO",-117.24363001,34.074269999999999
6691913,2014,2014-11-21,3610,2014-07-12,2250,50781,,6,5,6,3610,0,0,0,,0,,"W BASELINE ST","N G ST",0.00,,Y,A,-,N,,,,,,,,,,N,3,0,1,2,A,-,12,21453,A,F,B,B,B,A,H,-,C,A,0,Y,,,,Y,Y,A,01,0,1,0,0,1,0,0,0,0,"- ","- ",,,"SAN BERNARDINO","SAN BERNARDINO",-117.29867013,34.121340029999999
6693578,2014,2014-12-05,3605,2014-10-16,1915,310,,4,5,4,3605,0,0,0,,0,,"HOLT BL","MONTE VISTA AV",43.00,E,N,A,-,N,,,,,,,,,,N,3,0,1,2,A,-,05,21650,1,F,D,G,A,A,H,-,B,D,0,,Y,,,Y,,L,04,0,1,0,0,0,0,1,0,0,"- ","- ",,,"SAN BERNARDINO",MONTCLAIR,-117.69814841,34.063211989999999
6693903,2014,2014-11-10,3610,2014-06-14,1438,50675,,6,5,6,3610,0,0,0,,0,,"S TIPPECANOE AV","E HOSPITALITY LN",150.00,S,N,A,-,N,,,,,,,,,,N,4,0,1,2,A,-,08,22107,,N,G,B,F,A,H,-,A,D,0,Y,,,,Y,,A,01,0,0,1,0,1,0,0,0,0,"- ","- ",,,"SAN BERNARDINO","SAN BERNARDINO",-117.26129,34.068619509999998
6699210,2014,2014-12-16,3607,2014-10-14,1406,15035,86,2,5,6,3607,0,0,0,,0,011,"I ST","MOUNTAIN AV",0.00,E,-,B,-,N,,,,,,,,,,N,4,0,1,2,A,-,11,21956,A,M,G,B,E,A,H,-,A,D,0,Y,,,,Y,,-,"- ",0,0,1,0,1,0,0,0,0,"- ","- ",,,"SAN BERNARDINO",ONTARIO,-117.67009007,34.074200040000001
6705051,2014,2015-01-02,3600,2014-10-08,1216,F3635,TW004,3,5,3,3617,0,0,0,,0,TW1,"DESERT TRAIL DR","BAGLEY AV",0.00,,Y,A,-,N,,,,,,,,,,N,2,0,1,2,A,-,11,21954,A,N,G,B,D,A,H,-,A,A,0,Y,,,Y,Y,,N,60,1,0,0,0,1,0,0,0,0,"- ","- ",,,"SAN BERNARDINO","TWENTYNINE PALMS",-116.05759005,34.148880089999999
6707757,2014,2014-11-25,9860,2014-10-21,0630,014963,,2,1,9,3600,0,3,5,,2,002,"ARDEN AV","LYNWOOD AV",2.00,S,N,A,-,N,,,,,,,,,,N,3,0,1,2,A,-,12,22450,A,N,H,G,A,A,H,-,C,A,0,,Y,,,Y,,L,04,0,1,0,0,0,0,1,0,0,"- ","- ",34.147010000000002,-117.23480000000001,"SAN BERNARDINO",UNINCORPORATED,-117.23495,34.14670452
6711603,2014,2015-01-08,3600,2014-11-01,0902,F5120,AP007,6,5,5,3621,0,0,0,,0,AP2,"STANDING ROCK AV",BLACKFOOT,104.00,S,N,B,-,N,,,,,,,,,,N,3,0,1,2,A,-,11,21954,A,N,G,B,E,A,H,-,A,D,0,Y,,,,Y,,N,60,0,1,0,0,1,0,0,0,0,"- ","- ",,,"SAN BERNARDINO","APPLE VALLEY",-117.20997,34.522210000000001
6711605,2014,2015-01-09,3600,2014-11-21,1807,D4301,HE218,5,5,5,3619,0,0,0,,0,002,"MAIN ST","I AV",185.00,W,N,A,-,N,,,,,,,,,,N,3,0,1,2,A,-,11,21954,A,N,G,B,D,A,H,-,C,A,0,Y,,,,Y,,N,60,0,1,0,0,1,0,0,0,0,"- ","- ",,,"SAN BERNARDINO",HESPERIA,-117.28367986000001,34.418908610000003
6713247,2014,2015-01-06,9870,2014-10-26,2150,20213,,7,2,9,3600,0,1,3,,1,031,"RT 62","WHITE FEATHER RD",675.00,W,N,A,-,Y,,,62,,,,,,,N,3,0,1,2,A,-,11,21954,A,F,G,B,E,A,H,-,C,D,0,Y,,,,Y,,N,60,0,1,0,0,1,0,0,0,0,"- ","- ",34.135080000000002,-116.27945,"SAN BERNARDINO",UNINCORPORATED,-116.27945,34.135082709999999
6714597,2014,2015-01-13,3600,2014-11-12,1826,F3085,HE132,3,5,5,3619,0,0,0,,0,HE1,"3RD AV","CAJON ST",0.00,,Y,A,-,N,,,,,,,,,,N,3,0,1,2,A,-,11,21954,A,N,G,B,E,A,H,-,D,A,0,Y,,,,Y,,N,60,0,1,0,0,1,0,0,0,0,"- ","- ",,,"SAN BERNARDINO",HESPERIA,-117.30546,34.428040039999999
6716352,2014,2015-01-22,3604,2014-10-09,1413,1136,,4,5,6,3604,0,0,0,,0,,"CATAWBA AV","RANDALL AV",159.00,S,N,A,-,N,,,,,,,,,,N,3,0,1,2,A,-,11,21955,,N,G,B,D,A,H,-,A,A,0,Y,,,,Y,,N,60,0,1,0,0,1,0,0,0,0,"- ","- ",,,"SAN BERNARDINO",FONTANA,-117.45808,34.08434433
6718308,2015,2017-04-04,9860,2015-01-02,0129,18275,,5,3,5,3608,0,1,1,,2,104,"RT 10","TENNESSEE ST",655.00,W,N,A,-,Y,SBD,8,10,-,-,29.700,H,-,E,N,1,1,0,2,A,-,11,21954,A,N,G,B,E,A,H,-,D,D,1,Y,,,Y,Y,Y,N,60,0,0,0,1,0,0,0,0,0,"- ","- ",34.065750000000001,-117.20158000000001,"SAN BERNARDINO",REDLANDS,-117.202337,34.066104690000003
6718421,2014,2015-12-30,9860,2014-07-21,2215,19132,,1,3,4,3603,0,1,1,,2,103,"RT 10","9TH ST",1051.00,W,N,A,-,Y,SBD,8,10,-,R,22.510,H,-,E,Y,1,1,0,2,A,-,11,21956,A,N,G,B,E,A,H,-,D,D,1,Y,,,,Y,,N,60,0,0,0,1,0,0,0,0,0,"- ","- ",34.358020000000003,-117.19343000000001,"SAN BERNARDINO",COLTON,-117.32645393,34.066159640000002
6718539,2014,2016-01-07,3600,2014-03-01,2149,D4301,HE128,6,5,5,3619,0,0,0,,0,005,"MAIN ST","MAPLE AV",279.00,W,N,B,-,N,,,,,,,,,,Y,1,1,0,3,A,-,11,21954,A,N,G,B,D,B,H,-,D,D,0,Y,,,,Y,Y,N,60,0,0,0,1,0,0,0,0,0,"- ","- ",,,"SAN BERNARDINO",HESPERIA,-117.34740677000001,34.426734690000004
6721362,2014,2015-01-05,3604,2014-10-13,0654,509,,1,5,6,3604,0,0,0,,0,,"SIERRA AV","MILLER AV",0.00,,Y,A,-,N,,,,,,,,,,N,4,0,1,2,A,-,08,22107,,F,D,G,A,A,H,-,A,A,0,,Y,,,Y,,A,01,0,0,1,0,0,0,1,0,0,"- ","- ",,,"SAN BERNARDINO",FONTANA,-117.43585007999999,34.113910109999999
6723303,2014,2015-01-06,3610,2014-10-10,2224,50601,,5,5,6,3610,0,0,0,,0,,"W KENDALL DR","LITTLE MOUNTAIN DR",0.00,,Y,A,-,N,,,,,,,,,,N,3,0,1,2,A,-,09,21801,A,N,H,G,A,A,H,-,C,A,0,,Y,,,Y,Y,A,07,0,1,0,0,0,0,1,0,0,"- ","- ",,,"SAN BERNARDINO","SAN BERNARDINO",-117.31643004999999,34.169140110000001
6723350,2014,2015-01-05,3610,2014-10-27,1213,50789,,1,5,6,3610,0,0,0,,0,,"NORTH WATERMAN AV","7TH ST",450.00,N,N,A,-,N,,,,,,,,,,N,3,0,1,2,B,-,22,,,N,D,G,A,A,G,-,A,D,0,,Y,,,Y,,L,04,0,1,0,0,0,0,1,0,0,"- ","- ",,,"SAN BERNARDINO","SAN BERNARDINO",-117.27878,34.113262769999999
6723799,2014,2014-12-30,3605,2014-10-27,1420,142,,1,5,4,3605,0,0,0,,0,,"SAN JOSE ST","RAMONA AV",0.00,,Y,A,-,N,,,,,,,,,,N,4,0,1,2,D,-,00,,,N,G,B,E,A,H,-,A,A,0,Y,,,,Y,,-,"- ",0,0,1,0,1,0,0,0,0,"- ","- ",,,"SAN BERNARDINO",MONTCLAIR,-117.70698001,34.085210029999999
6723866,2014,2015-02-12,3605,2014-11-04,1518,318,,2,5,4,3605,0,0,0,,0,,"CENTRAL AV","SAN BERNARDINO ST",0.00,,Y,A,-,N,,,,,,,,,,N,3,0,1,2,A,-,10,21950,A,N,G,B,B,A,H,-,A,A,0,Y,,,,Y,,A,01,0,1,0,0,1,0,0,0,0,"- ","- ",,,"SAN BERNARDINO",MONTCLAIR,-117.68961009,34.077670120000001
6726062,2014,2014-12-09,3611,2014-07-14,1141,2488,3611,1,5,5,3611,0,0,0,,0,001,"15TH ST","EUCLID AV",0.00,,Y,A,-,N,,,,,,,,,,N,3,0,1,2,A,-,09,21802,A,N,D,G,A,A,H,-,A,D,0,,Y,,,Y,,A,07,0,1,0,0,0,0,1,0,0,"- ","- ",,,"SAN BERNARDINO",UPLAND,-117.6513801,34.117910019999997
6726188,2014,2014-12-09,3611,2014-07-26,1037,1970,,6,5,5,3611,0,0,0,,0,004,"ARROW HWY","BIKE PATH",0.00,,Y,A,-,N,,,,,,,,,,N,3,0,1,2,A,-,09,21804,A,N,D,G,A,A,H,-,A,A,0,,Y,,,Y,,A,01,0,1,0,0,0,0,1,0,0,"- ","- ",,,"SAN BERNARDINO",UPLAND,,
6726240,2014,2014-12-09,3611,2014-07-28,1719,2520,3611,1,5,5,3611,0,0,0,,0,001,"MOUNTAIN AV","16TH ST",0.00,,Y,A,-,N,,,,,,,,,,N,3,0,1,2,D,-,00,,,N,D,G,A,A,H,-,A,A,0,,Y,,,Y,,-,"- ",0,1,0,0,0,0,1,0,0,"- ","- ",,,"SAN BERNARDINO",UPLAND,-117.67037012,34.121520060000002
6726402,2014,2014-12-24,3602,2014-10-08,0559,3304,,3,5,5,3602,0,0,0,,0,001,"WALNUT AV","EAST END AV",0.00,,Y,A,-,N,,,,,,,,,,N,4,0,1,2,D,-,00,,,N,D,G,A,A,H,-,E,A,0,,Y,,,Y,,-,"- ",0,0,1,0,0,0,1,0,0,"- ","- ",,,"SAN BERNARDINO",CHINO,-117.72424006,34.025070049999997
6726410,2014,2014-12-23,3602,2014-10-14,2032,3054,,2,5,5,3602,0,0,0,,0,005,"BEACON ST","MILL CREEK AV",54.00,E,N,A,-,N,,,,,,,,,,N,3,0,1,2,A,-,11,21950,B,N,G,B,D,A,H,-,C,A,0,Y,,,,Y,,N,60,0,1,0,0,1,0,0,0,0,"- ","- ",,,"SAN BERNARDINO",CHINO,-117.63202256,33.967536709999997
6729646,2014,2016-03-04,3604,2014-10-30,0836,925,,4,5,6,3604,0,0,0,,0,,FOOTHILL,BANANA,0.00,,Y,A,-,N,,,,,,,,,,N,3,0,1,2,A,-,10,21950,A,N,G,B,B,A,H,-,A,A,0,Y,,,,Y,,D,22,0,1,0,0,1,0,0,0,0,"- ","- ",,,"SAN BERNARDINO",FONTANA,-117.49752006,34.10657003
6732405,2014,2014-12-15,3600,2014-09-27,2032,B6735,RC073,6,5,6,3616,0,0,0,,0,004,"MILLIKEN AV","4TH ST",0.00,,Y,A,-,N,,,,,,,,,,N,2,0,1,2,A,-,11,21954,A,N,G,B,D,A,H,-,C,A,0,Y,,,,Y,Y,N,60,1,0,0,0,1,0,0,0,0,"- ","- ",,,"SAN BERNARDINO","RANCHO CUCAMONGA",-117.55840000000001,34.077350099999997
6735100,2014,2014-12-17,9855,2014-09-22,0959,016041,,1,1,9,3600,0,3,5,,2,004,"RIVERSIDE DR","EAST END AV",0.00,,Y,A,-,N,,,,,,,,,,N,3,0,1,1,A,-,08,22107,,N,E,I,A,A,H,-,A,D,0,,Y,,,Y,,L,04,0,1,0,0,0,0,1,0,0,"- ","- ",34.018830000000001,-117.72418,"SAN BERNARDINO",UNINCORPORATED,-117.72418011000001,34.018860089999997
6737977,2014,2015-01-20,9860,2014-11-06,0715,14963,,4,1,6,3610,0,1,1,,2,202,"RT 210","DEL ROSA AV",5.00,W,N,B,-,Y,,,210,,,,,,,N,4,0,1,2,A,-,10,21950,A,N,H,B,B,A,H,-,A,A,0,Y,,,,Y,,A,01,0,0,1,0,1,0,0,0,0,TO,"- ",34.141959999999997,-117.2526,"SAN BERNARDINO","SAN BERNARDINO",-117.25246893000001,34.142420139999999
6745394,2014,2015-01-22,3600,2014-11-24,1153,F3636,CH016,1,5,5,3630,0,0,0,,0,004,"BUTTERFIELD RANCH RD","SHADY VIEW LN",0.00,,Y,A,-,N,,,,,,,,,,N,3,0,1,2,A,-,10,21950,A,N,G,B,B,A,H,-,A,A,0,Y,,,,Y,,D,22,0,1,0,0,1,0,0,0,0,"- ","- ",,,"SAN BERNARDINO","CHINO HILLS",-117.66184010000001,33.930020120000002
6749241,2014,2015-01-21,3604,2014-11-07,1345,D171,,5,5,6,3604,0,0,0,,0,,"JUNIPER AV","SHASTA AV",185.00,N,N,A,-,N,,,,,,,,,,N,4,0,1,2,A,-,03,22350,,N,B,B,E,A,H,-,A,D,0,Y,,,,Y,Y,-,,0,0,1,0,1,0,0,0,0,"- ","- ",,,"SAN BERNARDINO",FONTANA,-117.44025975,34.130022869999998
6749454,2014,2015-01-29,9870,2014-11-28,1610,12674,,5,2,9,3600,0,1,3,,1,031,"RT 62","SUNSET RD",300.00,W,N,A,-,Y,,,62,,,,,,,N,3,0,1,1,A,-,03,22350,,N,F,A,A,A,H,-,A,D,0,,Y,,,Y,,L,04,0,1,0,0,0,0,1,0,0,"- ","- ",34.134749999999997,-116.31058,"SAN BERNARDINO",UNINCORPORATED,-116.31058055,34.13498989
6763677,2014,2015-01-22,3604,2014-11-05,1925,907,,3,5,6,3604,0,0,0,,0,,"SIERRA AV","SUMMIT AV",2323.00,N,N,A,G,N,,,,,,,,,,N,3,0,1,2,A,-,11,21954,A,N,G,B,E,A,H,-,D,D,0,Y,,,,Y,,N,60,0,1,0,0,1,0,0,0,0,"- ","- ",,,"SAN BERNARDINO",FONTANA,-117.43613999999999,34.156805009999999
6769024,2015,2015-05-12,3600,2015-04-08,0945,B9547,VC053,3,5,5,3612,0,0,0,,0,VC5,"PALMDALE RD","PARK AV",0.00,,Y,A,-,N,,,,,,,,,,N,3,0,1,2,A,-,10,21950,A,N,G,B,B,A,H,-,A,A,0,Y,,,,Y,,A,01,0,1,0,0,1,0,0,0,0,"- ","- ",,,"SAN BERNARDINO",VICTORVILLE,-117.32663003,34.507080090000002
6773420,2014,2015-02-17,3609,2014-12-02,0821,1041,056,2,5,5,3609,0,0,0,,0,001,"SPRUCE AV","LA GLORIA AV",27.00,S,N,B,-,N,,,,,,,,,,N,4,0,1,2,A,-,08,22107,,N,D,G,A,A,H,-,A,D,0,,Y,,,Y,,L,04,0,0,1,0,0,0,1,0,0,"- ","- ",,,"SAN BERNARDINO",RIALTO,-117.38797,34.14087602
6775219,2014,2015-02-13,3600,2014-12-07,1117,F3636,CH025,7,5,5,3630,0,0,0,,0,001,"GRAND AV","FOUNDERS DR",0.00,,Y,-,-,N,,,,,,,,,,N,3,0,1,2,A,-,08,22100,A,N,D,G,A,A,H,-,A,A,0,,Y,,,Y,,A,01,0,1,0,0,0,0,1,0,0,"- ","- ",,,"SAN BERNARDINO","CHINO HILLS",-117.76198001,33.993570089999999
6779510,2014,2015-02-12,3605,2014-12-11,1843,284,,4,5,4,3605,0,0,0,,0,,"HOLT BL","BENSON AV",0.00,,Y,A,-,N,,,,,,,,,,N,4,0,1,2,A,-,09,21804,A,N,D,G,A,A,H,-,C,A,0,,Y,,,Y,,A,01,0,0,1,0,0,0,1,0,0,"- ","- ",,,"SAN BERNARDINO",MONTCLAIR,-117.68082008,34.063290049999999
6780421,2014,2015-01-21,3607,2014-10-23,1226,80121,450,4,5,6,3607,0,0,0,,0,072,"RIVERSIDE DR","ARCHIBALD AV",800.00,E,N,A,-,N,,,,,,,,,,N,4,0,1,2,A,-,05,21202,A,N,D,G,A,A,H,-,A,D,0,,Y,,,Y,,L,04,0,0,1,0,0,0,1,0,0,"- ","- ",,,"SAN BERNARDINO",ONTARIO,-117.59055718,34.019120000000001
6793540,2015,2015-02-23,3607,2015-01-08,1519,80313,56,4,5,6,3607,0,0,0,,0,011,"MOUNTAIN AV","J ST",0.00,,Y,A,-,N,,,,,,,,,,Y,4,0,1,2,A,-,10,21950,A,N,G,B,B,A,H,-,A,A,0,Y,,,,Y,,-,,0,0,1,0,1,0,0,0,0,"- ","- ",,,"SAN BERNARDINO",ONTARIO,-117.67010012,34.076010089999997
6794930,2014,2015-02-12,9860,2014-12-30,1742,18131,,2,2,9,3600,0,1,3,,1,380,"RT 38","WARD WY",1320.00,E,N,C,-,Y,,,38,,,,,,,N,2,0,1,2,A,-,11,21954,A,N,G,B,E,B,H,-,D,D,0,Y,,,,Y,,N,60,1,0,0,0,1,0,0,0,0,"- ","- ",34.073219999999999,-117.08834,"SAN BERNARDINO",UNINCORPORATED,-117.08834045,34.073270839999999
6799857,2015,2015-03-05,3600,2015-01-10,2313,E3900,VC019,6,5,5,3612,0,0,0,,0,002,"7TH ST","7TH ST 14225",0.00,,N,C,-,N,,,,,,,,,,N,2,0,1,2,D,-,00,,,F,G,B,F,B,H,-,C,-,0,Y,,,,Y,,-,"- ",1,0,0,0,1,0,0,0,0,"- ","- ",,,"SAN BERNARDINO",VICTORVILLE,-117.31965065,34.509657619999999
6800000,2015,2016-04-29,3609,2015-01-23,1733,9632,130,5,5,5,3609,0,0,0,,0,002,"FOOTHILL BL","EUCALYPTUS AV",0.00,,Y,A,-,N,,,,,,,,,,N,4,0,1,2,A,-,10,21950,A,F,G,B,B,A,H,-,C,A,0,Y,,,,Y,,-,99,0,0,1,0,1,0,0,0,0,"- ","- ",,,"SAN BERNARDINO",RIALTO,-117.3572801,34.106770109999999
6813525,2015,2015-03-09,3600,2015-02-02,1432,C9392,RC053,1,5,6,3616,0,0,0,,0,RC1,"SAPPHIRE ST","LASENDA RD",5.00,N,N,A,-,N,,,,,,,,,,N,3,0,1,2,A,-,09,21801,A,N,D,G,A,A,H,-,A,D,0,,Y,,,Y,,A,01,0,1,0,0,0,0,1,0,0,"- ","- ",,,"SAN BERNARDINO","RANCHO CUCAMONGA",-117.62543008999999,34.159663700000003
6817555,2014,2015-02-23,3610,2014-10-16,0953,50829,,4,5,6,3610,0,0,0,,0,,"WEST HIGHLAND AV","N G ST",0.00,,Y,A,-,N,,,,,,,,,,N,4,0,1,2,A,-,10,21950,A,N,G,B,B,A,H,-,A,A,0,Y,,,,Y,,A,01,0,0,1,0,1,0,0,0,0,"- ","- ",,,"SAN BERNARDINO","SAN BERNARDINO",-117.29864008,34.136020039999998
6817599,2014,2015-02-23,3610,2014-10-04,1801,50654,,6,5,6,3610,0,0,0,,0,,"S BIG HORN MTN RD","W SPRING MTN RD",45.00,S,N,A,-,N,,,,,,,,,,N,3,0,1,2,A,-,11,21954,A,F,H,B,D,A,H,-,A,D,0,Y,,,,Y,,N,60,0,1,0,0,1,0,0,0,0,"- ","- ",,,"SAN BERNARDINO","SAN BERNARDINO",-117.33174,34.09838671
6818086,2015,2016-10-04,3605,2015-01-11,2050,362,,7,5,4,3605,0,0,0,,0,,"CENTRAL AV","RT 10",2.00,E,N,A,-,Y,SBD,8,10,-,-,1.356,R,3,E,N,4,0,1,2,D,-,00,,,N,G,B,B,B,H,-,C,A,0,Y,,,,Y,,-,"- ",0,0,1,0,1,0,0,0,0,"- ",WO,,,"SAN BERNARDINO",MONTCLAIR,-117.68785395,34.086106649999998
6818142,2015,2015-02-27,3605,2015-01-29,1726,208,,4,5,4,3605,0,0,0,,0,,"S MONTCLAIR PLAZA LN","MONTE VISTA AV",244.00,E,N,B,-,N,,,,,,,,,,N,3,0,1,2,A,-,05,21650,1,N,H,G,A,A,H,-,-,A,0,,Y,,,Y,Y,L,04,0,1,0,0,0,0,1,0,0,"- ","- ",,,"SAN BERNARDINO",MONTCLAIR,-117.69738793,34.085019160000002
6818454,2015,2015-02-26,3610,2015-01-14,1214,50749,,3,5,6,3610,0,0,0,,0,,"NORTH ARROWHEAD AV","W MARSHALL BL",9.63,N,N,A,-,N,,,,,,,,,,N,4,0,1,2,A,-,10,21950,A,N,G,B,B,-,A,H,A,D,0,Y,,,,Y,,A,01,0,0,1,0,1,0,0,0,0,"- ","- ",,,"SAN BERNARDINO","SAN BERNARDINO",-117.28957,34.149506379999998
6818462,2015,2015-02-26,3610,2015-01-07,1854,50525,,3,5,6,3610,0,0,0,,0,,"NORTH ARROWHEAD AV","W 10TH ST",120.00,N,N,A,-,N,,,,,,,,,,Y,2,0,1,2,A,-,11,21954,A,N,G,B,D,A,H,-,C,D,0,Y,,,,Y,,N,60,1,0,0,0,1,0,0,0,0,"- ","- ",,,"SAN BERNARDINO","SAN BERNARDINO",-117.28964999999999,34.117968740000002
6821303,2014,2015-03-09,3607,2014-12-16,0317,80473,174,2,5,6,3607,0,0,0,,0,042,"ETIWANDA AV","AIRPORT DR",0.00,,Y,B,-,N,,,,,,,,,,N,3,0,1,2,A,-,12,21453,A,N,C,C,A,A,H,-,C,A,0,,Y,,,Y,,L,04,0,1,0,0,0,0,1,0,0,"- ","- ",,,"SAN BERNARDINO",ONTARIO,-117.52412003000001,34.062190020000003
6825255,2015,2015-08-12,3600,2015-01-23,1555,E5343,HE417,5,5,5,3619,0,0,0,,0,HE4,"FAIRBURN AV","OXFORD AV",2.00,W,N,A,-,N,,,,,,,,,,N,3,0,1,2,A,-,05,21202,A,N,B,G,A,A,H,-,A,A,0,,Y,,,Y,,L,04,0,1,0,0,0,0,1,0,0,"- ","- ",,,"SAN BERNARDINO",HESPERIA,-117.27848632,34.388618409999999
6825628,2015,2015-03-09,3607,2015-01-06,1256,80248,214,2,5,6,3607,0,0,0,,0,072,"TURNER AV","JURUPA ST",300.00,S,N,A,-,N,,,,,,,,,,N,4,0,1,2,A,-,11,21954,A,N,G,B,D,A,H,-,A,D,0,Y,,,,Y,,N,60,0,0,1,0,1,0,0,0,0,"- ","- ",,,"SAN BERNARDINO",ONTARIO,-117.58459886999999,34.04752817
6827319,2014,2015-03-09,3610,2014-11-27,1238,50840,,4,5,6,3610,0,0,0,,0,,"W FOOTHILL ST","N DALLAS AV",0.00,,Y,A,-,N,,,,,,,,,,N,3,0,1,2,A,-,03,22350,,N,D,G,A,A,H,-,A,A,0,,Y,,,Y,,L,04,0,1,0,0,0,0,1,0,0,"- ","- ",,,"SAN BERNARDINO","SAN BERNARDINO",-117.34476011,34.106800030000002
6827521,2014,2015-03-10,3611,2014-12-16,1836,2520,3611,2,5,5,3611,0,0,0,,0,002,"BENSON AV","FOOTHILL BL",630.00,S,N,A,-,N,,,,,,,,,,N,4,0,1,2,A,-,05,21650,1,N,D,G,A,A,H,-,C,D,0,,Y,,,Y,,L,04,0,0,1,0,0,0,1,0,0,"- ","- ",,,"SAN BERNARDINO",UPLAND,-117.68086907999999,34.105163390000001
6840163,2014,2015-03-26,3600,2014-10-22,1449,C2706,HI001,3,5,4,3618,0,0,0,,0,001,"STERLING AV","6TH ST",0.00,,Y,A,-,N,,,,,,,,,,N,4,0,1,2,A,-,12,22450,,N,B,B,A,A,H,-,A,A,0,,Y,,,Y,,L,04,0,0,1,0,0,0,1,0,0,"- ","- ",,,"SAN BERNARDINO",HIGHLAND,-117.24369014,34.110180040000003
6842761,2014,2015-03-26,3611,2014-10-24,1720,2963,,5,5,5,3611,0,0,0,,0,003,"FOOTHILL BL","CAMPUS AV",215.00,W,N,A,-,N,,,,,,,,,,N,4,0,1,2,D,-,00,,,N,G,B,F,A,H,-,A,D,0,Y,,,,Y,,-,"- ",0,0,1,0,1,0,0,0,0,"- ","- ",,,"SAN BERNARDINO",UPLAND,-117.64222832999999,34.107032920000002
6842782,2014,2015-03-30,3600,2014-10-12,1353,D7736,HI004,7,5,4,3618,0,0,0,,0,,"ELM AV","JANE ST",167.00,N,N,A,-,N,,,,,,,,,,N,4,0,1,2,A,-,17,21200,A,N,D,G,A,A,H,-,A,A,0,,Y,,,Y,,L,04,0,0,1,0,0,0,1,0,0,"- ","- ",,,"SAN BERNARDINO",HIGHLAND,-117.2453,34.124167069999999