CASE_ID,ACCIDENT_YEAR,PROC_DATE,JURIS,COLLISION_DATE,COLLISION_TIME,OFFICER_ID,REPORTING_DISTRICT,DAY_OF_WEEK,CHP_SHIFT,POPULATION,CNTY_CITY_LOC,SPECIAL_COND,BEAT_TYPE,CHP_BEAT_TYPE,CITY_DIVISION_LAPD,CHP_BEAT_CLASS,BEAT_NUMBER,PRIMARY_RD,SECONDARY_RD,DISTANCE,DIRECTION,INTERSECTION,WEATHER_1,WEATHER_2,STATE_HWY_IND,CALTRANS_COUNTY,CALTRANS_DISTRICT,STATE_ROUTE,ROUTE_SUFFIX,POSTMILE_PREFIX,POSTMILE,LOCATION_TYPE,RAMP_INTERSECTION,SIDE_OF_HWY,TOW_AWAY,COLLISION_SEVERITY,NUMBER_KILLED,NUMBER_INJURED,PARTY_COUNT,PRIMARY_COLL_FACTOR,PCF_CODE_OF_VIOL,PCF_VIOL_CATEGORY,PCF_VIOLATION,PCF_VIOL_SUBSECTION,HIT_AND_RUN,TYPE_OF_COLLISION,MVIW,PED_ACTION,ROAD_SURFACE,ROAD_COND_1,ROAD_COND_2,LIGHTING,CONTROL_DEVICE,CHP_ROAD_TYPE,PEDESTRIAN_ACCIDENT,BICYCLE_ACCIDENT,MOTORCYCLE_ACCIDENT,TRUCK_ACCIDENT,NOT_PRIVATE_PROPERTY,ALCOHOL_INVOLVED,STWD_VEHTYPE_AT_FAULT,CHP_VEHTYPE_AT_FAULT,COUNT_SEVERE_INJ,COUNT_VISIBLE_INJ,COUNT_COMPLAINT_PAIN,COUNT_PED_KILLED,COUNT_PED_INJURED,COUNT_BICYCLIST_KILLED,COUNT_BICYCLIST_INJURED,COUNT_MC_KILLED,COUNT_MC_INJURED,PRIMARY_RAMP,SECONDARY_RAMP,LATITUDE,LONGITUDE,COUNTY,CITY,POINT_X,POINT_Y
8294767,2017,2017-02-06,3607,2017-01-02,1158,80248,22,1,5,6,3607,0,0,0,,0,011,"MOUNTAIN AV","PRINCETON ST",20.00,N,N,A,-,N,,,,,,,,,,N,3,0,1,2,A,-,11,21950,B,N,-,B,D,A,H,-,A,A,0,Y,,,,Y,Y,N,60,0,1,0,0,1,0,0,0,0,"- ","- ",,,"SAN BERNARDINO",ONTARIO,-117.67012058,34.079724810000002
8306040,2017,2017-02-24,3605,2017-01-30,1830,272,,1,5,4,3605,0,0,0,,0,,"LINDERO AV","MORENO ST",7.00,S,N,A,-,N,,,,,,,,,,N,4,0,1,2,A,-,03,22350,,N,D,G,A,A,H,-,C,A,0,,Y,,,Y,,A,01,0,0,1,0,0,0,1,0,0,"- ","- ",,,"SAN BERNARDINO",MONTCLAIR,-117.69559,34.088709999999999
8307073,2017,2018-07-20,3610,2017-01-03,2135,50614,,2,5,6,3610,0,0,0,,0,,"WEST HIGHLAND AV","N NUSCUPIABE AV",0.00,,Y,A,-,N,,,,,,,,,,N,4,0,1,2,A,-,03,22350,,N,G,B,B,A,H,-,-,A,0,Y,,,,Y,,A,01,0,0,1,0,1,0,0,0,0,"- ","- ",,,"SAN BERNARDINO","SAN BERNARDINO",-117.30769783,34.136029890000003
8311567,2017,2017-03-08,3603,2017-01-25,0734,CL4807,COLTO,3,5,4,3603,0,0,0,,0,001,"PENNSYLVANIA AV","LAUREL ST",0.00,,Y,A,-,N,,,,,,,,,,N,3,0,1,2,A,-,09,21802,B,N,D,G,A,A,H,-,A,D,0,,Y,,,Y,,L,04,0,1,0,0,0,0,1,0,0,"- ","- ",,,"SAN BERNARDINO",COLTON,-117.32710009,34.081220100000003
8313323,2017,2017-02-28,3600,2017-01-24,1916,D8554,AP025,2,5,5,3621,0,0,0,,0,AP3,"APPLE VALLEY RD","PIMLICO RD",0.00,,Y,A,-,N,,,,,,,,,,N,4,0,1,2,A,-,10,21950,A,N,G,B,B,A,H,-,C,A,0,Y,,,,Y,,A,01,0,0,1,0,1,0,0,0,0,"- ","- ",,,"SAN BERNARDINO","APPLE VALLEY",-117.24237008,34.474200009999997
8315370,2017,2017-03-13,3610,2017-02-07,1941,50184,,2,5,6,3610,0,0,0,,0,,"HARRIMAN PL","TIPPECANOE AV",0.00,,Y,C,-,N,,,,,,,,,,N,4,0,1,2,A,-,10,21950,A,M,G,B,B,B,H,-,C,A,0,Y,,,,Y,,D,22,0,0,1,0,1,0,0,0,0,"- ","- ",,,"SAN BERNARDINO","SAN BERNARDINO",-117.26130001,34.066780090000002
8321398,2017,2017-03-15,3611,2017-01-26,1708,3062,3611,4,5,5,3611,0,0,0,,0,001,"FOOTHILL BL","WILSON AV",330.00,E,N,A,-,N,,,,,,,,,,N,3,0,1,2,A,-,08,22107,,N,G,B,D,A,H,-,A,D,0,Y,,,,Y,Y,A,01,0,1,0,0,1,0,0,0,0,"- ","- ",,,"SAN BERNARDINO",UPLAND,-117.67398294,34.10707412
8322685,2016,2017-03-14,3600,2016-08-25,1240,C9392,RC030,4,5,6,3616,0,0,0,,0,005,"RAMONA AV","FOOTHILL BL",0.00,N,N,A,-,N,,,,,,,,,,N,4,0,1,2,A,-,11,21954,A,N,G,B,D,A,H,-,A,D,0,Y,,,,Y,,N,60,0,0,1,0,1,0,0,0,0,"- ","- ",,,"SAN BERNARDINO","RANCHO CUCAMONGA",-117.58911006,34.106540080000002
8324497,2017,2017-03-17,3602,2017-01-31,0700,1127,,2,5,5,3602,0,0,0,,0,002,"JACARANDA AV","WALNUT AV",0.00,,Y,A,-,N,,,,,,,,,,N,3,0,1,2,A,-,09,21804,A,N,D,G,A,A,H,-,A,A,0,,Y,,,Y,,A,01,0,1,0,0,0,0,1,0,0,"- ","- ",,,"SAN BERNARDINO",CHINO,-117.68243004,34.026310039999998
8326283,2017,2017-03-22,3605,2017-02-14,1638,378,3605,2,5,4,3605,0,0,0,,0,,"ORCHARD ST","RAMONA AV",26.00,E,N,A,-,N,,,,,,,,,,N,3,0,1,2,A,-,12,22450,A,N,D,G,A,A,H,-,A,A,0,,Y,,,Y,,L,04,0,1,0,0,0,0,1,0,0,"- ","- ",,,"SAN BERNARDINO",MONTCLAIR,-117.70693439,34.070478430000001
8327481,2017,2017-04-21,3600,2017-02-27,1832,G3599,HE105,1,5,5,3619,0,0,0,,0,HE1,"BEAR VALLEY RD","HESPERIA RD",570.00,W,N,A,-,N,,,,,,,,,,N,3,0,1,2,A,-,11,21954,A,N,G,B,D,B,H,-,C,A,0,Y,,,,Y,,N,60,0,1,0,0,1,0,0,0,0,"- ","- ",,,"SAN BERNARDINO",HESPERIA,-117.29385531,34.470910279999998
8328881,2017,2017-03-28,3600,2017-02-03,1307,F3069,VC048,5,5,5,3612,0,0,0,,0,VC6,"VILLAGE DR","PUESTA DEL SOL DR",0.00,,Y,A,-,N,,,,,,,,,,N,2,0,1,2,A,-,11,21954,A,N,G,B,D,A,H,-,A,A,0,Y,,,,Y,,N,60,1,0,0,0,1,0,0,0,0,"- ","- ",,,"SAN BERNARDINO",VICTORVILLE,-117.3210801,34.542480040000001
8337022,2017,2017-05-15,3602,2017-03-24,1958,3641,,5,5,5,3602,0,0,0,,0,002,"PHILADELPHIA ST","TOWN SQUARE",9.00,E,N,A,-,N,,,,,,,,,,N,4,0,1,2,A,-,12,21453,A,N,D,G,A,A,H,-,C,A,0,,Y,,,Y,,L,04,0,0,1,0,0,0,1,0,0,"- ","- ",,,"SAN BERNARDINO",CHINO,-117.68510877999999,34.033538309999997
8339574,2017,2017-04-04,3608,2017-03-18,0153,3821,,6,5,5,3608,0,0,0,,0,,"ALESSANDRO RD","REBECCA CREST",186.00,N,N,A,-,N,,,,,,,,,,N,3,0,1,2,A,-,11,21950,B,N,G,B,D,A,H,-,D,D,0,Y,,,,Y,Y,N,60,0,1,0,0,1,0,0,0,0,"- ","- ",,,"SAN BERNARDINO",REDLANDS,-117.1786747,34.026982799999999
8340984,2017,2017-04-12,3610,2017-03-26,0445,51041,,7,5,6,3610,0,0,0,,0,,"SOUTH WATERMAN AV","S ORANGE SHOW RD",0.00,,Y,A,-,N,,,,,,,,,,Y,4,0,1,2,A,-,11,21954,A,F,G,B,E,A,H,-,C,D,0,Y,,,,Y,,A,01,0,0,1,0,1,0,0,0,0,"- ","- ",,,"SAN BERNARDINO","SAN BERNARDINO",-117.27879000999999,34.079780020000001
8341963,2017,2018-02-07,3608,2017-03-29,1314,3804,3608,3,5,5,3608,0,0,0,,0,,"RT 38","WESTERN AV",221.00,S,N,A,-,Y,SBD,8,38,-,-,0.400,H,-,E,N,3,0,1,2,A,-,05,21650,1,N,A,G,A,A,H,-,A,D,0,,Y,,,Y,,L,04,0,1,0,0,0,0,1,0,0,"- ","- ",,,"SAN BERNARDINO",REDLANDS,-117.18252056999999,34.067597159999998
8344291,2017,2017-04-19,3607,2017-03-16,1916,15043,326,4,5,6,3607,0,0,0,,0,041,"VIA TERRANO ST","VIA DOLCETTO",0.00,W,N,A,-,N,,,,,,,,,,N,4,0,1,2,A,-,03,22350,,N,A,G,A,A,H,-,B,D,0,,Y,,,Y,,L,04,0,0,1,0,0,0,1,0,0,"- ","- ",,,"SAN BERNARDINO",ONTARIO,-117.59087009,34.07150008
8344633,2017,2017-04-19,3607,2017-02-20,1808,19790,89,1,5,6,3607,0,0,0,,0,011,"G ST","LAUREL AV",0.00,,Y,A,-,N,,,,,,,,,,N,3,0,1,2,A,-,10,21950,A,N,G,B,A,A,H,-,C,D,0,,Y,,,Y,,-,,0,1,0,0,0,0,1,0,0,"- ","- ",,,"SAN BERNARDINO",ONTARIO,-117.65239003000001,34.070610100000003
8348778,2017,2018-06-07,3607,2017-02-14,1730,19790,159,2,5,6,3607,0,0,0,,0,031,"EUCLID AV","NEVADA ST",0.00,,Y,A,-,Y,SBD,8,83,-,-,9.006,I,5,S,N,4,0,1,2,A,-,10,21950,A,N,G,G,A,A,H,-,B,A,0,,Y,,,Y,,-,,0,0,1,0,0,0,1,0,0,"- ","- ",,,"SAN BERNARDINO",ONTARIO,-117.65114923,34.056816230000003
8348782,2017,2018-02-17,3607,2017-03-11,2121,80502,293,6,5,6,3607,0,0,0,,0,062,"EUCLID AV","RT 60",0.00,,Y,A,-,Y,SBD,8,60,-,R,4.789,R,3,E,N,4,0,1,2,A,-,05,21202,A,N,D,G,A,A,H,-,C,A,0,,Y,,,Y,,L,04,0,0,1,0,0,0,1,0,0,"- ","- ",,,"SAN BERNARDINO",ONTARIO,-117.64723822000001,34.03032889
8349876,2017,2017-05-02,3604,2017-04-08,1505,1043,,6,5,6,3604,0,0,0,,0,,"VALLEY BL","PALMETTO AV",739.00,E,N,G,-,N,,,,,,,,,,N,4,0,1,2,A,-,05,21650,1,N,D,G,A,A,H,-,A,D,0,,Y,,,Y,,L,04,0,0,1,0,0,0,1,0,0,"- ","- ",,,"SAN BERNARDINO",FONTANA,-117.42450682,34.070419999999999
8354696,2017,2017-05-05,3607,2017-04-04,1955,80505,117,2,5,6,3607,0,0,0,,0,032,"D ST","CORONA AV",0.00,,Y,A,-,N,,,,,,,,,,N,3,0,1,2,A,-,10,21950,A,F,G,B,B,A,H,-,C,A,0,Y,,,,Y,,-,,0,1,0,0,1,0,0,0,0,"- ","- ",,,"SAN BERNARDINO",ONTARIO,-117.6134201,34.067130050000003
8355097,2017,2017-05-09,3608,2017-04-24,1339,4342,,1,5,5,3608,0,0,0,,0,,"REDLANDS BL","ALABAMA ST",204.00,W,N,A,-,N,,,,,,,,,,N,4,0,1,2,A,-,05,21650,1,N,D,G,A,A,H,-,A,D,0,,Y,,,Y,,L,04,0,0,1,0,0,0,1,0,0,"- ","- ",,,"SAN BERNARDINO",REDLANDS,-117.20948125,34.062823289999997
8355105,2017,2017-05-09,3608,2017-04-27,1705,4298,,4,5,5,3608,0,0,0,,0,,"ALMOND AV","MT VIEW AV",0.00,,Y,A,-,N,,,,,,,,,,N,4,0,1,2,A,-,10,21950,A,N,G,B,B,A,H,-,A,A,0,Y,,,,Y,,A,07,0,0,1,0,1,0,0,0,0,"- ","- ",,,"SAN BERNARDINO",REDLANDS,-117.24363001,34.074269999999999
8358707,2017,2017-05-15,3600,2017-03-30,1527,D6180,HE421,4,5,5,3619,0,0,0,,0,HE4,"RANCHERO RD","NEWHALL AV",0.00,,Y,A,-,N,,,,,,,,,,N,2,0,1,2,A,-,11,21954,A,N,D,B,D,A,H,-,A,A,0,Y,,,,Y,,N,60,1,0,0,0,1,0,0,0,0,"- ","- ",,,"SAN BERNARDINO",HESPERIA,-117.27856001000001,34.383800119999997
8360991,2017,2017-05-12,3605,2017-04-14,1500,142,,5,5,4,3605,0,0,0,,0,,"CENTRAL AV","MORENO ST",10.00,S,N,A,-,N,,,,,,,,,,N,4,0,1,2,A,-,08,22107,,F,B,C,B,A,H,-,A,A,0,Y,,,,Y,,-,99,0,0,1,0,1,0,0,0,0,"- ","- ",,,"SAN BERNARDINO",MONTCLAIR,-117.68971000000001,34.088742590000003
8363584,2017,2017-05-16,3610,2017-04-01,1215,50994,,6,5,6,3610,0,0,0,,0,POLICE,"N UNIVERSITY PKWY","WEST STATE ST",200.00,N,N,A,-,N,,,,,,,,,,N,3,0,1,2,A,-,03,22350,,N,B,B,D,A,H,-,A,D,0,Y,,,,Y,,A,07,0,1,0,0,1,0,0,0,0,"- ","- ",34.166069999999998,-117.33197,"SAN BERNARDINO","SAN BERNARDINO",-117.332251,34.167735010000001
8366864,2017,2017-05-22,3600,2017-04-20,1637,D5273,LL13,4,5,3,3615,0,0,0,,0,LL1,"BARTON RD","BENTON ST",0.00,,Y,A,-,N,,,,,,,,,,N,3,0,1,2,A,-,10,21950,A,F,G,B,B,A,H,-,A,A,0,Y,,,,Y,,-,,0,1,0,0,1,0,0,0,0,"- ","- ",,,"SAN BERNARDINO","LOMA LINDA",-117.25240005000001,34.048440059999997
8377580,2017,2017-06-09,3600,2017-04-17,2002,F7785,YC210,1,5,4,3640,0,0,0,,0,YC2,"AVENUE B","SOUTH CLP",3.00,S,N,A,-,N,,,,,,,,,,N,3,0,1,2,A,-,00,12951,A,N,G,B,E,A,H,-,C,D,0,Y,,,,Y,,A,01,0,1,0,0,1,0,0,0,0,"- ","- ",,,"SAN BERNARDINO",YUCAIPA,,
8383350,2017,2017-06-07,3609,2017-05-20,1530,2120,3609,6,5,5,3609,0,0,0,,0,002,"NORTH WILLOW AV","FOOTHILL BL",276.00,N,N,A,-,N,,,,,,,,,,N,4,0,1,2,A,-,10,21950,A,N,-,B,D,A,H,-,A,D,0,Y,,,,Y,,D,22,0,0,1,0,1,0,0,0,0,"- ","- ",34.627569999999999,-117.22287,"SAN BERNARDINO",RIALTO,-117.37475000000001,34.107516189999998
8385376,2017,2017-07-13,3600,2017-05-24,0713,S2984,YC309,3,5,4,3640,0,0,0,,0,YC1,"6TH PL","WILDWOOD CANYON RD",0.00,,Y,A,-,N,,,,,,,,,,N,4,0,1,2,A,-,09,21804,A,N,D,G,A,A,H,-,A,-,0,,Y,,,Y,,L,04,0,0,1,0,0,0,1,0,0,"- ","- ",,,"SAN BERNARDINO",YUCAIPA,-117.06254010000001,34.015150089999999
8387148,2017,2018-04-24,3607,2017-05-30,2134,19833,294,2,5,6,3607,0,0,0,,0,061,"S EUCLID AV","E WALNUT AV",0.00,,Y,A,-,Y,SBD,8,83,-,-,6.913,I,5,S,N,3,0,1,2,A,-,09,21804,A,N,H,G,A,A,H,-,C,A,0,,Y,,,Y,,L,04,0,1,0,0,0,0,1,0,0,"- ","- ",,,"SAN BERNARDINO",ONTARIO,-117.65100755,34.0265773
8388134,2017,2017-06-14,3610,2017-05-19,1425,50936,,5,5,6,3610,0,0,0,,0,CHARLI,"EAST BASELINE ST","WALL AV",33.00,W,N,A,-,N,,,,,,,,,,N,2,0,1,2,A,-,11,21954,A,F,G,B,D,A,H,-,A,A,0,Y,,,,Y,,N,60,1,0,0,0,1,0,0,0,0,"- ","- ",34.12133,-117.28137,"SAN BERNARDINO","SAN BERNARDINO",-117.2814687,34.12133
8391436,2017,2017-06-19,3604,2017-04-19,2346,744,,3,5,6,3604,0,0,0,,0,,"SIERRA AV","RANDALL AV",325.00,N,N,A,-,N,,,,,,,,,,N,2,0,1,2,A,-,11,21954,A,N,G,B,C,A,H,-,C,A,0,Y,,,,Y,,N,60,1,0,0,0,1,0,0,0,0,"- ","- ",,,"SAN BERNARDINO",FONTANA,-117.43571179,34.0857405
8397838,2017,2017-07-24,3600,2017-03-31,2105,F8534,YV011,5,5,3,3631,0,0,0,,0,YV1,"YUCCA TRL","DUMOSA AV",0.00,,N,A,-,N,,,,,,,,,,N,4,0,1,3,A,-,11,21954,A,N,B,B,D,A,H,-,D,A,0,Y,,,,Y,,N,60,0,0,1,0,1,0,0,0,0,"- ","- ",34.120600000000003,-116.41735,"SAN BERNARDINO","YUCCA VALLEY",-116.41780013,34.120590079999999
8399349,2017,2017-07-06,3603,2017-05-21,1048,CL4830,COLTO,7,5,4,3603,0,0,0,,0,001,"SAN BERNARDINO AV",SYCAMORE,250.00,E,N,A,-,N,,,,,,,,,,N,4,0,1,2,A,-,05,21202,A,N,D,G,A,A,H,-,A,D,0,,Y,,,Y,,L,04,0,0,1,0,0,0,1,0,0,"- ","- ",,,"SAN BERNARDINO",COLTON,-117.36508691,34.077742239999999
8399567,2017,2017-10-13,3611,2017-05-23,1520,2325,3611,2,5,5,3611,0,0,0,,0,004,"11TH ST","EUCLID AV",194.00,W,N,A,-,N,,,,,,,,,,N,4,0,1,2,A,-,05,21650,,N,D,G,A,A,H,-,A,A,0,,Y,,,Y,,L,04,0,0,1,0,0,0,1,0,0,"- ","- ",,,"SAN BERNARDINO",UPLAND,-117.65197913999999,34.103364890000002
8402114,2017,2017-07-31,3602,2017-04-30,1857,2798,,7,5,5,3602,0,0,0,,0,005,"KIMBALL AV","EUCLID AV",657.00,E,N,A,-,N,,,,,,,,,,N,2,0,1,2,A,-,08,22107,,N,B,G,A,A,H,-,A,D,0,,Y,,,Y,,A,01,1,0,0,0,0,0,1,0,0,"- ","- ",,,"SAN BERNARDINO",CHINO,-117.64860520000001,33.968413419999997
8403000,2017,2017-07-12,3605,2017-06-02,0750,252,,5,5,4,3605,0,0,0,,0,,"ORCHARD ST","FREMONT AV",8.00,W,N,A,-,N,,,,,,,,,,N,4,0,1,2,A,-,12,22450,A,M,D,G,A,A,H,-,A,A,0,,Y,,,Y,,D,22,0,0,1,0,0,0,1,0,0,"- ","- ",,,"SAN BERNARDINO",MONTCLAIR,-117.69392635,34.070379719999998
8404604,2016,2018-05-11,3600,2016-11-07,0718,S2984,YC103,1,5,4,3640,0,0,0,,0,YC1,"OAK GLEN RD","CHAPMAN HEIGHTS RD",0.00,,Y,A,-,N,,,,,,,,,,N,1,1,1,3,A,-,10,21950,A,N,G,B,B,A,H,-,B,A,0,Y,,,,Y,,A,07,0,0,1,1,1,0,0,0,0,"- ","- ",,,"SAN BERNARDINO",YUCAIPA,-117.06718008,34.037240079999997
8404633,2017,2018-05-22,3600,2017-02-15,1832,S3852,HI001,3,5,4,3618,0,0,0,,0,001,"DEL ROSA AV","3RD ST",107.00,N,N,A,-,N,,,,,,,,,,N,1,1,0,2,A,-,11,21955,,N,G,B,D,A,H,-,A,A,0,Y,,,,Y,,N,60,0,0,0,1,0,0,0,0,0,"- ","- ",,,"SAN BERNARDINO",HIGHLAND,-117.25001322,34.1048331
8404945,2018,2018-07-17,3609,2018-03-27,2021,9156,86,2,5,5,3609,0,0,0,,0,001,"BASELINE RD","TAMARIND AV",275.00,W,N,A,-,N,,,,,,,,,,Y,1,1,0,2,A,-,11,21954,A,N,G,B,E,A,H,-,C,A,0,Y,,,,Y,Y,N,60,0,0,0,1,0,0,0,0,0,"- ","- ",34.121368408203125,-117.42385864257812,"SAN BERNARDINO",RIALTO,-117.42369842529297,34.121330261230469
8410885,2017,2017-08-18,3610,2017-06-10,2500,51029,,6,5,6,3610,0,0,0,,0,POLICE,"N CENTRAL AV","E PACIFIC AV",127.00,N,N,A,-,N,,,,,,,,,,N,4,0,1,2,A,-,03,22350,,F,A,B,D,A,H,-,C,D,0,Y,,,,Y,Y,-,,0,0,1,0,1,0,0,0,0,"- ","- ",34.128529999999998,-117.21742999999999,"SAN BERNARDINO","SAN BERNARDINO",-117.21756787,34.128867890000002
8410897,2017,2017-07-21,3600,2017-06-30,1758,D6180,HE313,5,5,5,3619,0,0,0,,0,HE5,"ORANGE ST","3RD AV",314.00,W,N,A,-,N,,,,,,,,,,N,2,0,1,2,A,-,11,21954,A,N,D,B,E,A,H,-,A,D,0,Y,,,,Y,,N,60,1,0,0,0,1,0,0,0,0,"- ","- ",,,"SAN BERNARDINO",HESPERIA,-117.30816252,34.420348140000002
8413907,2017,2017-08-08,3611,2017-05-10,1445,3154,3611,3,5,5,3611,0,0,0,,0,002,"FOOTHILL BL","REDDING WY",0.00,,Y,B,C,N,,,,,,,,,,N,3,0,1,2,A,-,10,21950,A,N,G,B,B,B,H,-,A,A,0,Y,,,,Y,,A,01,0,1,0,0,1,0,0,0,0,"- ","- ",,,"SAN BERNARDINO",UPLAND,-117.65607004,34.106990009999997
8414407,2017,2017-09-19,3610,2017-08-28,1326,50734,,1,5,6,3610,0,0,0,,0,CHARLI,"NORTH ANTON ST","EAST GILBERT ST",0.00,,Y,A,-,N,,,,,,,,,,N,3,0,1,2,D,-,00,,,N,B,B,E,A,H,-,A,D,0,Y,,,,Y,,-,"- ",0,1,0,0,1,0,0,0,0,"- ","- ",34.12688,-117.26889,"SAN BERNARDINO","SAN BERNARDINO",-117.2689001,34.126780089999997
8414444,2017,2017-09-19,3610,2017-08-19,0450,51042,,6,5,6,3610,0,0,0,,0,ADAM,"WEST RIALTO AV","NORTH PEPPER AV",0.00,,Y,A,-,N,,,,,,,,,,N,3,0,1,2,A,-,10,21950,A,N,G,B,B,A,H,-,B,A,0,Y,,,,Y,,A,01,0,1,0,0,1,0,0,0,0,"- ","- ",34.097670000000001,-117.34162999999999,"SAN BERNARDINO","SAN BERNARDINO",-117.35289007,34.09953007
8414771,2017,2017-10-05,3611,2017-07-03,2034,3133,3611,1,5,5,3611,0,0,0,,0,004,"N 3RD AV","11TH ST",0.00,,Y,A,-,N,,,,,,,,,,N,3,0,1,2,A,-,09,21801,A,N,D,G,A,A,H,-,B,D,0,,Y,,,Y,,A,07,0,1,0,0,0,0,1,0,0,"- ","- ",,,"SAN BERNARDINO",UPLAND,-117.64710003,34.103380049999998
8415231,2018,2018-03-09,3604,2018-02-08,1746,1195,,4,5,6,3604,0,0,0,,0,,"TOKAY AV","MALAGA AV",240.00,N,N,A,-,N,,,,,,,,,,N,3,0,1,2,A,-,11,21954,A,N,G,B,D,A,H,-,B,A,0,Y,,,,Y,,N,60,0,1,0,0,1,0,0,0,0,"- ","- ",,,"SAN BERNARDINO",FONTANA,-117.45589447021484,34.112396240234375
8416966,2017,2017-07-28,3600,2017-06-27,1949,C9392,RC020,2,5,6,3616,0,0,0,,0,,"MILLIKEN AV","CHURCH ST",0.00,,Y,A,-,N,,,,,,,,,,Y,3,0,1,2,A,-,11,21954,A,N,E,B,B,A,H,-,A,A,0,Y,,,,Y,,N,60,0,1,0,0,1,0,0,0,0,"- ","- ",,,"SAN BERNARDINO","RANCHO CUCAMONGA",-117.55754005,34.109260040000002
8418591,2017,2017-07-28,3600,2017-06-17,0228,E8923,HI004,6,5,4,3618,0,0,0,,0,HI1,"PACIFIC ST","DEL ROSA",25.00,E,N,A,-,N,,,,,,,,,,N,3,0,1,2,A,-,09,21800,A,N,D,G,A,A,H,-,C,A,0,,Y,,,Y,,L,04,0,1,0,0,0,0,1,0,0,"- ","- ",,,"SAN BERNARDINO",HIGHLAND,-117.25228765999999,34.128588839999999
8421155,2017,2017-08-09,3600,2017-05-15,1446,E7438,YC105,1,5,4,3640,0,0,0,,0,YC1,"STONEWOOD DR","YALE DR",49.00,W,N,A,-,N,,,,,,,,,,N,4,0,1,2,-,-,"- ",,,N,G,B,D,A,H,-,A,D,0,Y,,,,Y,,-,"- ",0,0,1,0,1,0,0,0,0,"- ","- ",,,"SAN BERNARDINO",YUCAIPA,-117.05005499000001,34.044603850000001
8421443,2017,2017-08-10,3608,2017-07-27,2028,3372,,4,5,5,3608,0,0,0,,0,REDLAN,"EAST HIGHLAND AV","CIMARRON DR",150.00,W,N,A,-,N,,,,,,,,,,Y,4,0,1,1,C,-,18,,,N,H,H,A,A,H,-,B,D,0,,Y,,,Y,,-,"- ",0,0,1,0,0,0,1,0,0,"- ","- ",,,"SAN BERNARDINO",REDLANDS,-117.15946823,34.048081789999998
8428721,2017,2018-06-19,3610,2017-07-26,2116,,,3,5,6,3610,0,0,0,,0,BAKER,"NORTH UNIVERSITY PKWY","RT 215",3.00,E,N,A,-,Y,SBD,8,215,-,-,11.458,R,4,S,N,4,0,1,2,A,-,12,21453,A,N,G,G,A,A,H,-,C,A,0,,Y,,,Y,,L,04,0,0,1,0,0,0,1,0,0,"- ",SO,,,"SAN BERNARDINO","SAN BERNARDINO",-117.33149202,34.16218379
8428794,2017,2017-08-22,3610,2017-07-30,2245,51068,,7,5,6,3610,0,0,0,,0,ADAM,"SOUTH E ST","FAIRWAY DR",0.00,,Y,A,-,N,,,,,,,,,,N,3,0,1,2,A,-,03,22350,,M,C,G,A,A,H,-,C,D,0,,Y,,,Y,Y,-,99,0,1,0,0,0,0,1,0,0,"- ","- ",34.068869999999997,-117.29419,"SAN BERNARDINO","SAN BERNARDINO",-117.29412010999999,34.068850019999999
8429968,2017,2018-06-19,3609,2017-07-08,0407,9252,192,6,5,5,3609,0,0,0,,0,004,"RIVERSIDE AV","RT 10",0.00,,Y,A,-,Y,SBD,8,10,-,-,20.137,R,4,W,N,4,0,1,2,A,-,05,21650,1,N,D,G,A,A,H,-,C,A,0,,Y,,,Y,,D,22,0,0,1,0,0,0,1,0,0,"- ",WF,34.069299999999998,-117.37004,"SAN BERNARDINO",RIALTO,-117.36742105,34.068914120000002
8432872,2017,2017-08-28,3600,2017-07-01,1334,F6917,BL207,6,5,2,3680,0,0,0,,0,,"SANDALWOOD DR","BUSINESS CENTER DR",0.00,,Y,A,-,N,,,,,,,,,,N,4,0,1,2,A,-,10,21950,C,F,G,B,E,A,H,-,A,D,0,Y,,,,Y,,N,60,0,0,1,0,1,0,0,0,0,"- ","- ",,,"SAN BERNARDINO","BIG BEAR LAKE",-116.88775007,34.25069002
84359071,2024,2024-08-19,3609,2024-07-26,1208,01932,,5,5,5,3609,0,0,0,,0,004,"RIVERSIDE AVE","RIALTO MARKETPLACE",0.00,,Y,A,-,N,,,,,,,,,,N,3,0,1,2,A,-,11,21950,B,F,G,B,D,A,H,-,A,A,0,Y,,,,Y,,N,60,0,1,0,0,1,0,0,0,0,"- ","- ",,,"SAN BERNARDINO",RIALTO,-117.37046813964844,34.098724365234375
8437132,2017,2017-09-22,3600,2017-08-20,0758,D8582,YV008,7,5,3,3631,0,0,0,,0,0YV,"COBALT RD","ROWELL RD",0.00,,Y,A,-,N,,,,,,,,,,N,3,0,1,2,A,-,11,21954,A,N,G,B,D,A,B,-,A,D,0,Y,,,,Y,,N,60,0,1,0,0,1,0,0,0,0,"- ","- ",,,"SAN BERNARDINO","YUCCA VALLEY",-116.42040013,34.149730030000001
8437965,2017,2017-08-25,3600,2017-07-16,0213,F6907,VC058,7,5,5,3612,0,0,0,,0,VC6,"PALMDALE RD","CANTINA DR",440.00,W,N,A,-,N,,,,,,,,,,N,3,0,1,2,A,-,11,21954,A,N,G,B,D,A,H,-,C,D,0,Y,,,,Y,,N,60,0,1,0,0,1,0,0,0,0,"- ","- ",,,"SAN BERNARDINO",VICTORVILLE,-117.39654613,34.506680000000003
8438165,2017,2017-08-28,3610,2017-07-19,2020,50749,,3,5,6,3610,0,0,0,,0,BAKER,"N PALM AV","IRVINGTON AV",12.00,S,N,A,-,N,,,,,,,,,,,3,0,1,2,A,-,10,21952,,N,G,B,B,A,H,-,C,A,0,Y,,,,Y,,A,01,0,1,0,0,1,0,0,0,0,"- ","- ",34.195770000000003,-117.35842,"SAN BERNARDINO","SAN BERNARDINO",-117.35840827,34.195740839999999
84385342,2024,2024-09-09,3611,2024-07-26,"634 ",3416,,5,5,5,3611,0,0,0,,0,004,"9TH ST","BODENHAMER ST (W)",150.00,E,N,A,-,N,,,,,,,,,,N,2,0,1,2,A,-,05,21650,1,N,D,G,A,A,H,-,A,A,0,,Y,,,Y,,L,04,1,0,0,0,0,0,1,0,0,"- ","- ",34.096408843994141,-117.63282012939453,"SAN BERNARDINO",UPLAND,-117.63223266601562,34.09613037109375