CASE_ID,ACCIDENT_YEAR,PROC_DATE,JURIS,COLLISION_DATE,COLLISION_TIME,OFFICER_ID,REPORTING_DISTRICT,DAY_OF_WEEK,CHP_SHIFT,POPULATION,CNTY_CITY_LOC,SPECIAL_COND,BEAT_TYPE,CHP_BEAT_TYPE,CITY_DIVISION_LAPD,CHP_BEAT_CLASS,BEAT_NUMBER,PRIMARY_RD,SECONDARY_RD,DISTANCE,DIRECTION,INTERSECTION,WEATHER_1,WEATHER_2,STATE_HWY_IND,CALTRANS_COUNTY,CALTRANS_DISTRICT,STATE_ROUTE,ROUTE_SUFFIX,POSTMILE_PREFIX,POSTMILE,LOCATION_TYPE,RAMP_INTERSECTION,SIDE_OF_HWY,TOW_AWAY,COLLISION_SEVERITY,NUMBER_KILLED,NUMBER_INJURED,PARTY_COUNT,PRIMARY_COLL_FACTOR,PCF_CODE_OF_VIOL,PCF_VIOL_CATEGORY,PCF_VIOLATION,PCF_VIOL_SUBSECTION,HIT_AND_RUN,TYPE_OF_COLLISION,MVIW,PED_ACTION,ROAD_SURFACE,ROAD_COND_1,ROAD_COND_2,LIGHTING,CONTROL_DEVICE,CHP_ROAD_TYPE,PEDESTRIAN_ACCIDENT,BICYCLE_ACCIDENT,MOTORCYCLE_ACCIDENT,TRUCK_ACCIDENT,NOT_PRIVATE_PROPERTY,ALCOHOL_INVOLVED,STWD_VEHTYPE_AT_FAULT,CHP_VEHTYPE_AT_FAULT,COUNT_SEVERE_INJ,COUNT_VISIBLE_INJ,COUNT_COMPLAINT_PAIN,COUNT_PED_KILLED,COUNT_PED_INJURED,COUNT_BICYCLIST_KILLED,COUNT_BICYCLIST_INJURED,COUNT_MC_KILLED,COUNT_MC_INJURED,PRIMARY_RAMP,SECONDARY_RAMP,LATITUDE,LONGITUDE,COUNTY,CITY,POINT_X,POINT_Y
9755086,2024,2024-12-30,3610,2024-09-28,2037,51494,,6,5,6,3610,0,0,0,,0,,"BASELINE ST","VALENCIA AV",0.00,,Y,A,-,N,,,,,,,,,,N,4,0,1,2,A,-,08,22107,,N,G,B,A,A,H,-,C,D,0,,Y,,,Y,,A,01,0,0,1,0,0,0,1,0,0,"- ","- ",34.121330261230469,-117.27191925048828,"SAN BERNARDINO","SAN BERNARDINO",-117.27194213867188,34.121330261230469
9755477,2024,2024-11-20,3600,2024-10-29,"738 ",G4510,HI007,2,5,4,3618,0,0,0,,0,HI1,"6TH ST","LANKERSHIM AV",0.00,,Y,A,-,N,,,,,,,,,,N,3,0,1,2,A,-,09,21801,A,N,D,G,A,A,H,-,B,A,0,,Y,,,Y,,A,01,0,1,0,0,0,0,1,0,0,"- ","- ",34.110260009765625,-117.23491668701172,"SAN BERNARDINO",HIGHLAND,-117.23490905761719,34.110332489013672
9755478,2024,2024-11-20,3600,2024-10-21,2158,H3191,HI015,1,5,4,3618,0,0,0,,0,HI2,"9TH ST","CENTRAL AV",110.00,W,N,A,-,N,,,,,,,,,,N,3,0,1,2,A,-,11,21954,A,N,G,B,D,A,H,-,D,A,0,Y,,Y,,Y,,N,60,0,1,0,0,1,0,0,0,0,"- ","- ",34.115699768066406,-117.21750640869141,"SAN BERNARDINO",HIGHLAND,-117.21787261962891,34.115684509277344
9758693,2024,2024-12-13,3608,2024-10-27,2115,5257,REDLA,7,5,5,3608,0,0,0,,0,901,"E BROCKTON AV","JUDSON ST",184.00,W,N,A,-,N,,,,,,,,,,N,4,0,1,2,A,-,21,22106,,N,G,B,F,A,H,-,D,A,0,Y,,,,Y,,A,01,0,0,1,0,1,0,0,0,0,"- ","- ",,,"SAN BERNARDINO",REDLANDS,-117.15695190429688,34.066379547119141
9759938,2024,2025-01-21,3604,2024-12-12,1800,1346,,4,5,6,3604,0,0,0,,0,,CATAWBA,"DIANTHUS ST",0.00,,Y,A,-,N,,,,,,,,,,N,3,0,1,2,A,-,10,21950,,N,C,B,B,A,H,-,D,D,0,Y,,,,Y,,A,07,0,1,0,0,1,0,0,0,0,"- ","- ",,,"SAN BERNARDINO",FONTANA,-117.45806121826172,34.087013244628906
9760735,2024,2024-12-09,3608,2024-06-11,2200,6351,3608,2,5,5,3608,0,0,0,,0,,"E CITRUS AV","S CHURCH ST",0.00,,Y,A,-,N,,,,,,,,,,N,2,0,1,2,D,-,00,,,F,G,B,B,A,H,-,C,A,0,Y,,,,Y,,-,"- ",1,0,0,0,1,0,0,0,0,"- ","- ",,,"SAN BERNARDINO",REDLANDS,-117.17385101318359,34.0555419921875
9761329,2024,2024-12-18,3610,2024-10-07,1949,51511,,1,5,6,3610,0,0,0,,0,,"W RIALTO","PEPPER AV",400.00,E,N,A,-,N,,,,,,,,,,N,3,0,1,2,A,-,11,21954,A,N,G,B,D,A,H,-,-,A,0,Y,,,,Y,Y,N,60,0,1,0,0,1,0,0,0,0,"- ","- ",,,"SAN BERNARDINO","SAN BERNARDINO",-117.35157012939453,34.099529266357422
9761588,2024,2025-02-07,3600,2024-11-02,1145,I7906,HI018,6,5,4,3618,0,0,0,,0,HI3,BASELINE,"RT 210",0.00,,Y,A,-,Y,SBD,8,210,-,R,29.216,R,1,W,N,3,0,1,2,A,-,11,21950,B,N,G,G,A,A,H,-,A,A,0,,Y,,,Y,,L,04,0,1,0,0,0,0,1,0,0,"- ","- ",34.121089935302734,-117.20005798339844,"SAN BERNARDINO",HIGHLAND,-117.20053863525391,34.122772216796875
9762291,2024,2024-12-18,3600,2024-12-05,"750 ",H5854,RC042,4,5,6,3616,0,0,0,,0,RC1,"BANYAN ST","BERYL ST",0.00,,Y,A,-,N,,,,,,,,,,N,4,0,1,2,A,-,12,22450,A,N,G,G,A,A,H,-,A,A,0,,Y,,,Y,,-,99,0,0,1,0,0,0,1,0,0,"- ","- ",,,"SAN BERNARDINO","RANCHO CUCAMONGA",-117.60735321044922,34.143768310546875
9764452,2024,2025-01-27,3610,2024-11-09,1133,51465,,6,5,6,3610,0,0,0,,0,,"MILL ST","WATERMAN AV",155.00,W,N,A,-,N,,,,,,,,,,Y,4,0,1,2,A,-,11,21954,A,N,G,B,D,A,H,-,A,D,0,Y,,,,Y,,N,60,0,0,1,0,1,0,0,0,0,"- ","- ",34.092140197753906,-117.27873992919922,"SAN BERNARDINO","SAN BERNARDINO",-117.27935028076172,34.092140197753906
9764453,2024,2025-01-27,3610,2024-11-08,1924,51553,,5,5,6,3610,0,0,0,,0,BAKER,"KENDALL DR","REVERE AV",1.00,W,N,A,-,N,,,,,,,,,,N,2,0,1,2,A,-,11,21954,A,N,G,B,D,-,H,-,D,D,0,Y,,,,Y,,N,60,1,0,0,0,1,0,0,0,0,"- ","- ",,,"SAN BERNARDINO","SAN BERNARDINO",-117.33547973632812,34.178340911865234
9766147,2024,2025-03-13,3600,2024-12-17,2143,J4384,CH013,2,5,5,3630,0,0,0,,0,CH02,"LOS SERRANOS COUNTRY CLUB DR","HERITAGE DR",0.00,,Y,A,-,N,,,,,,,,,,N,2,0,1,2,A,-,03,22350,,N,G,B,D,A,H,-,C,D,0,Y,,,,Y,,A,01,1,0,0,0,1,0,0,0,0,"- ","- ",33.966030120849609,-117.69847106933594,"SAN BERNARDINO","CHINO HILLS",-117.69852447509766,33.966098785400391
9767644,2024,2024-12-31,3603,2024-09-03,1833,4914,CPD,2,5,4,3603,0,0,0,,0,001,"W LAUREL ST","N VALENCIA DR",200.00,E,N,A,-,N,,,,,,,,,,N,4,0,1,2,A,-,00,23103,,N,D,G,A,A,H,-,A,A,0,,Y,,,Y,Y,L,04,0,0,1,0,0,0,1,0,0,"- ","- ",34.081050872802734,-117.33347320556641,"SAN BERNARDINO",COLTON,-117.33306121826172,34.081211090087891
9768794,2024,2025-01-22,3604,2024-11-13,1826,1416,,3,5,6,3604,0,0,0,,0,,"CYPRESS AV","MERRILL AV",0.00,S,N,A,-,N,,,,,,,,,,N,3,0,1,2,A,-,05,21650,,N,D,G,A,A,H,-,D,A,0,,Y,,,Y,,L,04,0,1,0,0,0,0,1,0,0,"- ","- ",,,"SAN BERNARDINO",FONTANA,-117.44445037841797,34.092109680175781
9769724,2024,2025-06-25,3610,2024-10-20,1640,51385,,7,5,6,3610,0,0,0,,0,CHARLI,"W BASELINE ST","NORTH SIERRA WY",15.00,E,N,A,-,N,,,,,,,,,,N,3,0,1,2,A,-,09,21801,A,N,G,B,B,A,H,-,A,A,0,Y,,,,Y,,A,01,0,1,0,0,1,0,0,0,0,"- ","- ",34.121330261230469,-117.28513336181641,"SAN BERNARDINO","SAN BERNARDINO",-117.28510284423828,34.121341705322266
9771353,2024,2025-01-13,3605,2024-09-03,"945 ",501,,2,5,4,3605,0,0,0,,0,,"MONTE VISTA AV","HOLT BL",0.00,,Y,A,-,N,,,,,,,,,,N,4,0,1,2,A,-,10,21950,A,F,D,G,A,A,H,-,A,A,0,,Y,,,Y,Y,A,07,0,0,1,0,0,0,1,0,0,"- ","- ",34.062980651855469,-117.69830322265625,"SAN BERNARDINO",MONTCLAIR,-117.69829559326172,34.063083648681641
9771679,2024,2025-01-13,3604,2024-11-01,1306,768,,5,5,6,3604,0,0,0,,0,,"MERRILL AV","MANGO AV",0.00,,Y,A,-,N,,,,,,,,,,N,2,0,1,2,D,-,00,,,F,D,G,A,A,H,-,A,A,0,,Y,,,Y,,-,"- ",1,0,0,0,0,0,1,0,0,"- ","- ",,,"SAN BERNARDINO",FONTANA,-117.43138122558594,34.092144012451172
9772263,2024,2025-01-17,3600,2024-12-18,"753 ",G9804,LOMAL,3,5,3,3615,0,0,0,,0,,"ANDERSON ST","MOUND ST",0.00,,Y,A,-,N,,,,,,,,,,N,3,0,1,2,A,-,10,21950,A,M,G,B,B,A,H,-,A,D,0,Y,,,,Y,Y,A,01,0,1,0,0,1,0,0,0,0,"- ","- ",,,"SAN BERNARDINO","LOMA LINDA",-117.26290893554688,34.053291320800781
9773182,2024,2025-01-07,3604,2024-10-09,"550 ",539,3604,3,5,6,3604,0,0,0,,0,003,"VALLEY BL","SIERRA AV",136.00,E,N,A,-,N,,,,,,,,,,N,4,0,1,2,A,-,05,21650,1,N,D,G,A,A,H,-,C,D,0,,Y,,,Y,,L,04,0,0,1,0,0,0,1,0,0,"- ","- ",34.070690155029297,-117.43569946289062,"SAN BERNARDINO",FONTANA,-117.43523406982422,34.070369720458984
9775236,2024,2025-01-28,3608,2024-12-21,1401,5218,3608,6,5,5,3608,0,0,0,,0,901,"W CYPRESS AV","VIOLET ST",81.00,W,N,A,-,Y,,,,,,,,,,N,3,0,1,2,A,-,10,21954,B,N,G,B,E,A,H,-,A,A,0,Y,,,,Y,,A,01,0,1,0,0,1,0,0,0,0,"- ","- ",,,"SAN BERNARDINO",REDLANDS,-117.19725036621094,34.035915374755859
9775397,2024,2025-01-30,3608,2024-11-20,1545,4345,"SAN B",3,5,5,3608,0,0,0,,0,,"LUGONIA AV","TEXAS ST",73.00,W,N,A,-,N,,,,,,,,,,N,2,0,1,2,A,-,11,21954,A,N,G,B,D,A,H,-,A,A,0,Y,,,,Y,,N,60,1,0,0,0,1,0,0,0,0,"- ","- ",,,"SAN BERNARDINO",REDLANDS,-117.19141387939453,34.070083618164062
9775966,2024,2025-01-31,3608,2024-12-08,1557,5258,3608,7,5,5,3608,0,0,0,,0,901,"EAST PALM AV","EAST REDLANDS BL",194.00,W,N,A,-,N,,,,,,,,,,N,3,0,1,2,A,-,09,21804,,N,B,G,A,A,H,-,A,A,0,,Y,,,Y,,A,01,0,1,0,0,0,0,1,0,0,"- ","- ",,,"SAN BERNARDINO",REDLANDS,-117.16940307617188,34.046890258789062
9776022,2024,2025-01-30,3610,2024-11-18,2152,51400,,1,5,6,3610,0,0,0,,0,BAKER,"W BASELINE","N MAYFIELD N",0.00,,Y,A,-,N,,,,,,,,,,N,4,0,1,2,A,-,11,21954,A,N,G,B,E,A,H,-,C,D,0,Y,,,,Y,Y,N,60,0,0,1,0,1,0,0,0,0,"- ","- ",,,"SAN BERNARDINO","SAN BERNARDINO",-117.29080200195312,34.121349334716797
9776515,2024,2025-01-22,3604,2024-12-10,1742,680,,2,5,6,3604,0,0,0,,0,,"SAN BERNARDINO AV","OLEANDER AV",0.00,,Y,A,-,N,,,,,,,,,,N,3,0,1,2,A,-,05,21650,,N,H,G,A,A,H,-,C,A,0,,Y,,,Y,,L,04,0,1,0,0,0,0,1,0,0,"- ","- ",,,"SAN BERNARDINO",FONTANA,-117.44876861572266,34.077529907226562
9782068,2024,2025-02-18,3610,2024-12-07,1758,51349,,6,5,6,3610,0,0,0,,0,ADAM,"WEST 5TH","W 5TH ST 1472",0.00,,-,A,-,N,,,,,,,,,,N,4,0,1,2,A,-,11,21954,A,N,G,B,D,A,H,-,C,D,0,Y,,,,Y,,N,60,0,0,1,0,1,0,0,0,0,"- ","- ",34.108619689941406,-117.31790161132812,"SAN BERNARDINO","SAN BERNARDINO",-117.30245971679688,34.108352661132812
9782069,2024,2025-02-18,3610,2024-12-10,1600,51487,,2,5,6,3610,0,0,0,,0,BAKER,"N BERKELEY AV","W BASE LINE ST W",0.00,,Y,A,-,N,,,,,,,,,,N,2,0,1,2,A,-,09,21801,A,F,G,B,D,A,H,-,A,D,0,Y,,,,Y,,A,01,1,0,0,0,1,0,0,0,0,"- ","- ",34.121440887451172,-117.29753112792969,"SAN BERNARDINO","SAN BERNARDINO",-117.29754638671875,34.121341705322266
9782155,2024,2025-05-16,3605,2024-12-10,1058,509,,2,5,4,3605,0,0,0,,0,,"KINGSLEY ST","POULSEN AV",20.00,W,N,A,-,N,,,,,,,,,,N,3,0,1,2,A,-,08,22107,,N,C,G,A,A,H,-,A,A,0,,Y,,,Y,,A,01,0,1,0,0,0,0,1,0,0,"- ","- ",34.06671142578125,-117.68238067626953,"SAN BERNARDINO",MONTCLAIR,-117.69126892089844,34.066730499267578
9782156,2024,2025-02-13,3605,2024-12-07,1612,401,,6,5,4,3605,0,0,0,,0,,"MONTE VISTA AV","KINGSLEY ST",10.00,S,N,A,-,N,,,,,,,,,,N,3,0,1,2,A,-,10,21950,A,N,G,B,B,A,H,-,B,A,0,Y,,,,Y,,A,01,0,1,0,0,1,0,0,0,0,"- ","- ",34.066619873046875,-117.69831085205078,"SAN BERNARDINO",MONTCLAIR,-117.69828796386719,34.066692352294922
9782602,2024,2025-02-24,3610,2024-12-02,1719,51439,,1,5,6,3610,0,0,0,,0,BAKER,"48TH ST","KENDALL DR",0.00,,Y,A,-,N,,,,,,,,,,N,4,0,1,2,A,-,05,21650,,F,G,G,A,A,H,-,C,A,0,,Y,,,Y,Y,L,04,0,0,1,0,0,0,1,0,0,"- ","- ",34.171791076660156,-117.31484222412109,"SAN BERNARDINO","SAN BERNARDINO",-117.32059478759766,34.171352386474609
9784291,2024,2025-02-24,3602,2024-10-19,1659,4190,,6,5,5,3602,0,0,0,,0,,"WALNUT AV","CENTRAL AV",106.00,W,N,A,-,N,,,,,,,,,,N,3,0,1,2,A,-,00,21560,1,N,D,G,A,A,H,-,A,D,0,,Y,,,Y,,L,04,0,1,0,0,0,0,1,0,0,"- ","- ",34.026279449462891,-117.63942718505859,"SAN BERNARDINO",CHINO,-117.68982696533203,34.026290893554688
9786008,2024,2025-02-26,3605,2024-08-10,"513 ",501,,6,5,4,3605,0,0,0,,0,,"HOLT BL","BENSON AV",452.00,W,N,A,-,N,,,,,,,,,,N,1,1,0,1,A,-,08,22107,,N,H,I,A,A,H,-,C,D,0,,Y,,,Y,Y,L,04,0,0,0,0,0,1,0,0,0,"- ","- ",34.063278198242188,-117.68092346191406,"SAN BERNARDINO",MONTCLAIR,-117.68229675292969,34.063350677490234
9786109,2024,2025-04-09,3600,2024-11-02,1823,I8688,VC048,6,5,5,3612,0,0,0,,0,VC8,"MOJAVE DR","VILLAGE DR",0.00,,Y,A,-,N,,,,,,,,,,N,1,1,0,2,A,-,05,21202,,N,-,G,A,A,H,-,C,A,0,,Y,,,Y,,L,04,0,0,0,0,0,1,0,0,0,"- ","- ",34.52886962890625,-117.31829071044922,"SAN BERNARDINO",VICTORVILLE,-117.31831359863281,34.528896331787109
9786171,2024,2025-04-25,3610,2024-09-08,2120,50469,,7,5,6,3610,0,0,0,,0,,"W TRENTON ST","N MT VERNON AVE",372.00,W,N,A,-,N,,,,,,,,,,N,1,1,1,2,A,-,11,21956,A,N,G,B,E,A,H,-,D,D,0,Y,,,,Y,,N,60,0,0,1,1,0,0,0,0,0,"- ","- ",,,"SAN BERNARDINO","SAN BERNARDINO",-117.31503295898438,34.129730224609375
9786364,2024,2025-06-20,3605,2024-08-05,"531 ",473,,1,5,4,3605,0,0,0,,0,,"CENTRAL AV","BENITO ST",14.00,S,N,A,-,N,,,,,,,,,,N,1,1,0,2,A,-,11,21950,B,F,G,B,B,A,H,-,C,A,0,Y,,,,Y,,N,60,0,0,0,1,0,0,0,0,0,"- ","- ",,,"SAN BERNARDINO",MONTCLAIR,-117.68962860107422,34.073970794677734
6290027,2014,2014-12-05,9855,2014-02-07,2245,19138,,5,3,6,3616,0,1,1,,2,203,"RT 210","AMETHYST ST",668.00,W,N,A,-,Y,SBD,8,210,-,-,5.500,H,-,W,Y,1,1,1,3,A,-,01,23152,A,N,G,B,E,A,H,-,C,D,1,Y,,,,Y,Y,A,01,1,0,0,1,0,0,0,0,0,"- ","- ",34.135210000000001,-117.60042,"SAN BERNARDINO","RANCHO CUCAMONGA",-117.60049555000001,34.135165039999997
6290090,2014,2014-03-11,9855,2014-02-26,2500,19146,,3,4,9,3600,0,3,5,,2,001,"SAN BERNARDINO AV","COMMERCE DR",0.00,E,N,B,-,N,,,,,,,,,,N,1,1,0,2,A,-,11,21954,A,F,G,B,D,A,H,-,D,D,0,Y,,,,Y,,N,60,0,0,0,1,0,0,0,0,0,"- ","- ",34.077309999999997,-117.50942000000001,"SAN BERNARDINO",UNINCORPORATED,-117.51540009999999,34.077190090000002
6290366,2014,2015-12-29,9870,2014-03-20,2036,19593,,4,2,9,3600,0,3,5,,2,004,"VALLE VISTA RD","SHERMAN HOYT AV",383.00,W,N,A,-,N,,,,,,,,,,Y,1,1,0,2,A,-,05,21202,A,N,H,G,A,A,H,-,D,D,0,,Y,,,Y,,L,04,0,0,0,0,0,1,0,0,0,"- ","- ",34.194119999999998,-116.02918,"SAN BERNARDINO",UNINCORPORATED,-116.02924058000001,34.194140040000001
6290750,2014,2014-06-19,9870,2014-04-29,2025,19709,,2,2,9,3600,0,1,3,,1,011,"RT 62","PARK AV",159.00,E,N,A,-,Y,SBD,8,62,-,-,1.430,H,-,E,Y,1,1,0,2,A,-,11,21954,A,N,G,B,D,A,H,-,D,D,0,Y,,,,Y,,N,60,0,0,0,1,0,0,0,0,0,"- ","- ",34.049329999999998,-116.57802,"SAN BERNARDINO",UNINCORPORATED,-116.57816619,34.049323260000001
6291031,2014,2014-10-20,3609,2014-05-18,2048,9632,135,7,5,5,3609,0,0,0,,0,003,"FOOTHILL BL","EDISON POLE CEP 202861",18.00,E,N,A,-,N,,,,,,,,,,Y,1,1,0,2,A,-,11,21954,A,N,G,B,D,A,H,-,C,D,0,Y,,,,Y,,N,60,0,0,0,1,0,0,0,0,0,"- ","- ",,,"SAN BERNARDINO",RIALTO,,
6291158,2014,2014-08-22,9860,2014-01-28,0135,17190,,2,3,9,3600,0,2,4,,2,411,"CEDAR AV","RT 10",200.00,S,N,A,-,N,,,10,,,,,,,Y,1,1,0,3,A,-,01,23152,A,F,G,B,E,A,H,-,C,D,0,Y,,,Y,Y,Y,A,01,0,0,0,1,0,0,0,0,0,"- ","- ",34.067720000000001,-117.39614,"SAN BERNARDINO",UNINCORPORATED,-117.39619467,34.068405849999998
6291291,2014,2014-10-02,3600,2014-01-12,0020,B5753,AP023,7,5,5,3621,0,0,0,,0,AP3,"RT 18","WINTUN RD",0.00,,Y,A,-,Y,SBD,8,18,-,-,91.000,H,-,S,Y,1,1,0,3,A,-,11,21954,A,F,G,B,D,A,H,-,D,A,0,Y,,,,Y,,N,60,0,0,0,1,0,0,0,0,0,"- ","- ",,,"SAN BERNARDINO","APPLE VALLEY",-117.21793623000001,34.524457030000001
6291633,2014,2014-11-19,3610,2014-08-14,2118,50749,,4,5,6,3610,0,0,0,,0,,"N CAJON BL","N WESTERN AV",0.00,S,N,A,-,N,,,,,,,,,,N,1,1,0,2,-,-,"- ",,,F,G,B,E,A,H,-,D,D,0,Y,,,,Y,,-,"- ",0,0,0,1,0,0,0,0,0,"- ","- ",,,"SAN BERNARDINO","SAN BERNARDINO",-117.31781011,34.139010059999997
6291877,2014,2015-01-28,9860,2014-09-29,0535,13945,,1,3,6,3610,0,1,1,,2,214,"RT 215","RIALTO AV",300.00,S,N,B,-,Y,SBD,8,215,-,-,6.600,H,-,S,N,1,1,0,2,A,-,11,21954,A,N,G,B,E,A,H,-,C,D,1,Y,,,,Y,,N,60,0,0,0,1,0,0,0,0,0,"- ","- ",34.099890000000002,-117.30186,"SAN BERNARDINO","SAN BERNARDINO",-117.30205623000001,34.099767780000001
6291880,2014,2015-09-21,9860,2014-07-05,2148,19699,,6,2,4,3640,0,1,1,,2,106,"RT 10","COUNTY LINE RD",1320.00,W,N,A,-,Y,SBD,8,10,-,R,38.840,H,-,E,N,1,1,0,2,A,-,11,21954,A,N,G,B,E,A,H,-,D,D,1,Y,,,Y,Y,Y,N,60,0,0,0,1,0,0,0,0,0,"- ","- ",34.006500000000003,-117.06662,"SAN BERNARDINO",YUCAIPA,-117.06751518999999,34.008185390000001
6291910,2014,2016-01-14,9860,2014-11-09,2345,020051,,7,3,6,3610,0,1,1,,2,103,"RT 10","ORANGE SHOW RD",2548.00,S,N,B,-,Y,SBD,8,215,-,-,4.501,R,2,N,Y,1,1,0,2,A,-,11,21954,A,N,G,B,E,A,H,-,C,D,1,Y,,,,Y,Y,N,60,0,0,0,1,0,0,0,0,0,TO,"- ",34.071109999999997,-117.29535,"SAN BERNARDINO","SAN BERNARDINO",-117.29558967,34.070654769999997
6291931,2014,2015-02-10,9860,2014-12-03,2338,019391,,3,3,9,3600,0,1,1,,2,151,"RT 15","KENWOOD AV",2597.00,N,N,B,C,Y,SBD,8,15,-,R,15.480,H,-,S,Y,1,1,1,5,A,-,03,22350,,N,D,C,E,B,D,-,C,D,1,Y,,,,Y,,A,08,0,1,0,1,1,0,0,0,0,"- ","- ",34.239490000000004,-117.42903,"SAN BERNARDINO",UNINCORPORATED,-117.43185680000001,34.241564910000001
6291948,2014,2015-02-06,3610,2014-12-29,1201,50789,,1,5,6,3610,0,0,0,,0,,"E LYNWOOD DR","W HARRISON ST",165.00,S,N,A,-,N,,,,,,,,,,N,1,1,0,2,-,-,"- ",,,N,C,G,A,A,B,-,C,D,0,,Y,,,Y,,-,"- ",0,0,0,0,0,1,0,0,0,"- ","- ",,,"SAN BERNARDINO","SAN BERNARDINO",-117.26443999999999,34.14676
6292110,2014,2016-01-07,3611,2014-11-21,1714,626,,5,5,5,3611,0,0,0,,0,002,"7TH ST","BENSON AV",720.00,E,N,A,-,N,,,,,,,,,,Y,1,1,0,2,A,-,11,21954,A,N,G,B,D,A,H,-,C,A,0,Y,,,,Y,,N,60,0,0,0,1,0,0,0,0,0,"- ","- ",,,"SAN BERNARDINO",UPLAND,-117.67849818000001,34.088746100000002
6292260,2015,2017-04-04,3609,2015-05-12,2120,9632,133,2,5,5,3609,0,0,0,,0,003,"FOOTHILL BL","LARCH AV",429.00,W,N,A,-,N,,,,,,,,,,Y,1,1,0,2,A,-,11,21954,A,N,G,B,D,A,H,-,C,D,0,Y,,,,Y,Y,N,60,0,0,0,1,0,0,0,0,0,"- ","- ",,,"SAN BERNARDINO",RIALTO,-117.39359302,34.106732110000003
6292413,2015,2017-04-21,3600,2015-02-18,0019,E3900,VC019,3,5,5,3612,0,0,0,,0,002,"7TH ST","TATUM RD",293.00,S,N,A,-,N,,,,,,,,,,N,1,1,0,2,A,-,11,21954,A,F,-,B,E,A,H,-,C,D,0,Y,,,,Y,,N,60,0,0,0,1,0,0,0,0,0,"- ","- ",,,"SAN BERNARDINO",VICTORVILLE,-117.30558197000001,34.52372312
6292585,2015,2017-03-29,9860,2015-06-09,2051,16658,,2,2,9,3600,0,2,4,,1,410,"VALLEY BL","VINE ST",200.00,E,N,B,-,N,,,,,,,,,,N,1,1,0,2,A,-,11,21954,A,F,G,B,D,A,H,-,D,A,0,Y,,,,Y,Y,N,60,0,0,0,1,0,0,0,0,0,"- ","- ",34.070590000000003,-117.39296,"SAN BERNARDINO",UNINCORPORATED,-117.39324152,34.070489999999999
6292693,2015,2015-09-29,3609,2015-07-10,0739,1041,133,5,5,5,3609,0,0,0,,0,003,"CEDAR AV","2ND ST",185.00,S,N,B,-,N,,,,,,,,,,N,1,1,0,2,A,-,12,21453,A,N,G,B,C,A,H,-,A,A,0,Y,,,,Y,,A,01,0,0,0,1,0,0,0,0,0,"- ","- ",,,"SAN BERNARDINO",RIALTO,-117.39655006,34.101873189999999
6292901,2017,2019-04-05,3604,2017-05-18,2044,718,,4,5,6,3604,0,0,0,,0,,"SLOVER AV","ALMOND AV",74.00,E,N,A,-,N,,,,,,,,,,N,1,1,0,2,A,-,11,21956,A,N,G,B,E,A,H,-,D,D,0,Y,,,,Y,Y,N,60,0,0,0,1,0,0,0,0,0,"- ","- ",,,"SAN BERNARDINO",FONTANA,-117.49297636,34.062860000000001
6293027,2016,2017-12-15,3600,2016-10-21,1828,D8554,AP4,5,5,5,3621,0,0,0,,0,AP015,"NAVAJO RD","OUTER HWY 18 NORTH",336.00,N,N,A,-,N,,,,,,,,,,Y,1,1,0,2,A,-,11,21956,,N,G,B,D,A,H,-,D,D,0,Y,,,,Y,,N,60,0,0,0,1,0,0,0,0,0,"- ","- ",,,"SAN BERNARDINO","APPLE VALLEY",-117.19025817000001,34.501700220000004
6330002,2014,2014-05-16,3601,2014-01-01,0253,,,3,5,3,3601,0,0,0,,0,,"YUCCA AV","EAST MAIN ST",309.00,N,N,A,-,N,,,,,,,,,,N,4,0,1,2,A,-,21,22106,,N,G,B,E,A,H,-,C,D,0,Y,,,,Y,,J,48,0,0,1,0,1,0,0,0,0,"- ","- ",34.89705,-117.00646,"SAN BERNARDINO",BARSTOW,-117.00654428999999,34.896815160000003
6350568,2016,2016-03-29,3610,2016-02-04,1500,50680,,4,5,6,3610,0,0,0,,0,POLICE,"S E ST","W VALLEY ST",0.00,,Y,A,-,N,,,,,,,,,,N,4,0,1,2,A,-,10,21950,A,N,G,B,B,A,H,-,A,A,0,Y,,,,Y,Y,A,07,0,0,1,0,1,0,0,0,0,"- ","- ",34.095619999999997,-117.29474999999999,"SAN BERNARDINO","SAN BERNARDINO",-117.29417013,34.095970020000003
6350604,2016,2016-03-24,3610,2016-02-04,1200,50964,,4,5,6,3610,0,0,0,,0,POLICE,"E 9TH ST","N TIPPECANOE",0.00,,Y,A,-,N,,,,,,,,,,N,3,0,1,2,A,-,11,21954,A,N,G,B,D,A,H,-,A,A,0,Y,,,,Y,Y,N,60,0,1,0,0,1,0,0,0,0,"- ","- ",34.115740000000002,-117.26098,"SAN BERNARDINO","SAN BERNARDINO",-117.26099001,34.115740000000002
6371078,2014,2014-06-11,3600,2014-01-07,1233,C9389,VC030,2,5,5,3612,0,0,0,,0,VC2,"GREEN TREE BL","HESPERIA RD",0.00,,Y,A,-,N,,,,,,,,,,N,3,0,1,2,A,-,09,21801,A,F,B,B,A,A,H,-,A,D,0,,Y,,,Y,Y,A,01,0,1,0,0,0,0,1,0,0,"- ","- ",,,"SAN BERNARDINO",VICTORVILLE,-117.29352011,34.50026012
6371094,2014,2014-06-11,3600,2014-01-19,1851,E2055,VC059,7,5,5,3612,0,0,0,,0,VC4,"BEAR VALLEY RD","AMETHYST RD",153.00,W,N,A,-,N,,,,,,,,,,N,2,0,1,2,A,-,11,21954,A,N,G,B,D,A,H,-,D,A,0,Y,,,,Y,,N,60,1,0,0,0,1,0,0,0,0,"- ","- ",,,"SAN BERNARDINO",VICTORVILLE,-117.36482599999999,34.47040045