CASE_ID,ACCIDENT_YEAR,PROC_DATE,JURIS,COLLISION_DATE,COLLISION_TIME,OFFICER_ID,REPORTING_DISTRICT,DAY_OF_WEEK,CHP_SHIFT,POPULATION,CNTY_CITY_LOC,SPECIAL_COND,BEAT_TYPE,CHP_BEAT_TYPE,CITY_DIVISION_LAPD,CHP_BEAT_CLASS,BEAT_NUMBER,PRIMARY_RD,SECONDARY_RD,DISTANCE,DIRECTION,INTERSECTION,WEATHER_1,WEATHER_2,STATE_HWY_IND,CALTRANS_COUNTY,CALTRANS_DISTRICT,STATE_ROUTE,ROUTE_SUFFIX,POSTMILE_PREFIX,POSTMILE,LOCATION_TYPE,RAMP_INTERSECTION,SIDE_OF_HWY,TOW_AWAY,COLLISION_SEVERITY,NUMBER_KILLED,NUMBER_INJURED,PARTY_COUNT,PRIMARY_COLL_FACTOR,PCF_CODE_OF_VIOL,PCF_VIOL_CATEGORY,PCF_VIOLATION,PCF_VIOL_SUBSECTION,HIT_AND_RUN,TYPE_OF_COLLISION,MVIW,PED_ACTION,ROAD_SURFACE,ROAD_COND_1,ROAD_COND_2,LIGHTING,CONTROL_DEVICE,CHP_ROAD_TYPE,PEDESTRIAN_ACCIDENT,BICYCLE_ACCIDENT,MOTORCYCLE_ACCIDENT,TRUCK_ACCIDENT,NOT_PRIVATE_PROPERTY,ALCOHOL_INVOLVED,STWD_VEHTYPE_AT_FAULT,CHP_VEHTYPE_AT_FAULT,COUNT_SEVERE_INJ,COUNT_VISIBLE_INJ,COUNT_COMPLAINT_PAIN,COUNT_PED_KILLED,COUNT_PED_INJURED,COUNT_BICYCLIST_KILLED,COUNT_BICYCLIST_INJURED,COUNT_MC_KILLED,COUNT_MC_INJURED,PRIMARY_RAMP,SECONDARY_RAMP,LATITUDE,LONGITUDE,COUNTY,CITY,POINT_X,POINT_Y
6374153,2014,2014-06-12,3605,2014-02-06,1426,354,,4,5,4,3605,0,0,0,,0,,"BENSON AV","J ST",0.00,,Y,C,-,N,,,,,,,,,,Y,3,0,1,3,D,-,00,,,N,C,C,A,B,H,-,A,D,0,,Y,,,Y,,-,"- ",0,1,0,0,0,0,1,0,0,"- ","- ",,,"SAN BERNARDINO",MONTCLAIR,-117.68083000999999,34.075970120000001
6377708,2014,2014-06-09,3609,2014-01-17,0639,1041,131,5,5,5,3609,0,0,0,,0,003,"LINDEN AV","RIALTO AV",300.00,N,N,A,-,N,,,,,,,,,,N,3,0,1,2,A,-,11,21954,A,N,G,B,D,A,H,-,A,D,0,Y,,,,Y,,N,60,0,1,0,0,1,0,0,0,0,"- ","- ",,,"SAN BERNARDINO",RIALTO,-117.40089537,34.100341960000002
6384996,2014,2014-06-06,3600,2014-01-25,1648,C9392,RC072,6,5,6,3616,0,0,0,,0,,"PINOT PL","RIVER OAKS DR",0.00,,Y,A,-,N,,,,,,,,,,N,4,0,1,2,A,-,"- ",,,N,-,B,-,-,-,-,A,D,0,Y,,,,Y,,A,01,0,0,1,0,1,0,0,0,0,"- ","- ",,,"SAN BERNARDINO","RANCHO CUCAMONGA",-117.51820008999999,34.115710010000001
6385343,2014,2014-06-16,3600,2014-02-05,1619,F1596,RC038,3,5,6,3616,0,0,0,,0,005,"ARCHIBALD AV",CHURCH,0.00,,Y,A,-,N,,,,,,,,,,N,3,0,1,2,A,-,05,21650,1,N,A,G,A,A,H,-,A,A,0,,Y,,,Y,,L,04,0,1,0,0,0,0,1,0,0,"- ","- ",,,"SAN BERNARDINO","RANCHO CUCAMONGA",-117.59349005,34.114060090000002
6387215,2014,2014-06-03,3600,2014-01-29,1412,B7126,VC070,3,5,5,3612,0,0,0,,0,VC5,"LA MESA RD","DILLON LN",0.00,,Y,A,-,N,,,,,,,,,,N,4,0,1,2,D,-,00,,,F,G,B,D,A,H,-,A,A,0,Y,,,,Y,,-,"- ",0,0,1,0,1,0,0,0,0,"- ","- ",,,"SAN BERNARDINO",VICTORVILLE,-117.36600012,34.484900109999998
6388905,2014,2014-06-05,9860,2014-01-30,0800,011960,,4,1,9,3600,0,3,5,,2,001,"MARION AV","NEDLEE AV",100.00,N,N,B,-,N,,,,,,,,,,N,2,0,1,1,A,-,03,22350,,N,F,A,A,A,H,-,A,D,0,,Y,,,Y,,L,04,1,0,0,0,0,0,1,0,0,"- ","- ",34.228769999999997,-117.40770999999999,"SAN BERNARDINO",UNINCORPORATED,-117.40780519,34.22865865
6388909,2014,2014-06-05,9860,2014-01-30,2110,15041,,4,2,6,3610,0,3,5,,2,002,"BASELINE ST","DWIGHT WY",10560.00,E,N,B,-,N,,,,,,,,,,Y,2,0,1,2,A,-,08,22107,,F,G,B,F,B,H,-,C,D,0,Y,,,,Y,,A,01,1,0,0,0,1,0,0,0,0,"- ","- ",34.128459999999997,-117.25646,"SAN BERNARDINO","SAN BERNARDINO",-117.25252,34.121310000000001
6388950,2014,2014-06-05,3600,2014-01-12,2006,C8324,CH011,7,5,5,3630,0,0,0,,0,CH02,"LOS SERRANOS BL","PIPELINE AV",0.00,,Y,A,-,N,,,,,,,,,,N,4,0,1,2,A,-,14,21201,D,N,D,F,A,A,H,-,C,D,0,,Y,,,Y,Y,L,04,0,0,1,0,0,0,1,0,0,"- ","- ",,,"SAN BERNARDINO","CHINO HILLS",-117.71503001000001,33.973840060000001
6389394,2014,2014-07-03,3600,2014-02-01,1755,D6174,VC019,6,5,5,3612,0,0,0,,0,002,"7TH ST","CIRCLE ST",175.00,N,N,A,-,N,,,,,,,,,,N,3,0,2,3,A,-,11,21954,A,N,G,B,D,A,H,-,D,D,0,Y,,,,Y,,N,60,0,1,1,0,2,0,0,0,0,"- ","- ",,,"SAN BERNARDINO",VICTORVILLE,-117.30400078,34.524861919999999
6389398,2014,2014-07-03,3600,2014-02-05,1453,C9389,VC073,3,5,5,3612,0,0,0,,0,VC5,"HOOK BL","ROSEMARY RD",0.00,,Y,A,-,N,,,,,,,,,,N,4,0,1,2,A,-,11,21950,B,N,G,B,B,A,H,-,A,D,0,Y,,,,Y,Y,N,60,0,0,1,0,1,0,0,0,0,"- ","- ",,,"SAN BERNARDINO",VICTORVILLE,-117.34162001,34.521310030000002
6396343,2014,2014-06-05,3607,2014-01-21,2004,80251,136,2,5,6,3607,0,0,0,,0,032,"HOLT BL","IMPERIAL AV",0.00,,Y,A,-,N,,,,,,,,,,,3,0,1,2,A,-,11,21954,A,N,G,B,D,A,H,-,D,-,0,Y,,,,Y,,N,60,0,1,0,0,1,0,0,0,0,"- ","- ",,,"SAN BERNARDINO",ONTARIO,-117.62285008000001,34.063450080000003
6403701,2014,2014-06-28,3600,2014-02-05,1647,F7969,H1004,3,5,4,3618,0,0,0,,0,,"STERLING AV","BYRON ST",0.00,,Y,A,-,N,,,,,,,,,,N,4,0,1,2,A,-,05,21650,1,N,H,G,A,A,H,-,A,D,0,,Y,,,Y,,L,04,0,0,1,0,0,0,1,0,0,"- ","- ",,,"SAN BERNARDINO",HIGHLAND,-117.24366001999999,34.127360060000001
6406883,2014,2014-06-11,3600,2014-01-31,2229,E3005,RC204,5,5,6,3616,0,0,0,,0,006,"FOOTHILL BL","RT 15",23.00,E,N,A,-,Y,,,,,,,,,,N,4,0,1,2,A,-,11,21955,,N,G,C,D,A,H,-,C,A,0,Y,,,,Y,Y,N,60,0,0,1,0,1,0,0,0,0,"- ","- ",,,"SAN BERNARDINO","RANCHO CUCAMONGA",-117.53234426,34.106258150000002
6408973,2014,2014-06-10,3608,2014-02-26,1820,4345,,3,5,5,3608,0,0,0,,0,,"NEW JERSEY ST","REDLANDS BL",18.00,N,N,A,-,N,,,,,,,,,,N,4,0,1,2,A,-,09,21804,,F,D,G,A,A,H,-,C,A,0,,Y,,,Y,Y,A,01,0,0,1,0,0,0,1,0,0,"- ","- ",,,"SAN BERNARDINO",REDLANDS,-117.22181,34.063129310000001
6413694,2014,2014-06-19,3607,2014-02-19,1713,80388,128,3,5,6,3607,0,0,0,,0,022,"CAMPUS AV","D ST",100.00,N,N,A,-,N,,,,,,,,,,Y,3,0,1,2,A,-,05,21202,A,N,G,G,A,A,H,-,B,D,0,,Y,,,Y,,L,04,0,1,0,0,0,0,1,0,0,"- ","- ",,,"SAN BERNARDINO",ONTARIO,-117.64134224999999,34.067284059999999
6413772,2014,2014-06-17,3609,2014-01-25,1744,6935,191,6,5,5,3609,0,0,0,,0,004,"RIVERSIDE AV","RT 10",20.00,S,N,A,-,Y,,,,,,,,,,N,3,0,1,1,A,-,"- ",,,N,E,J,A,A,H,-,C,D,0,,Y,,,Y,,L,04,0,1,0,0,0,0,1,0,0,"- ",WO,,,"SAN BERNARDINO",RIALTO,-117.37027,34.068915199999999
6418888,2014,2014-07-03,3604,2014-02-27,1845,1134,,4,5,6,3604,0,0,0,,0,003,"MERRILL AV","PALMETTO AV",435.00,W,N,A,-,N,,,,,,,,,,N,4,0,1,2,A,-,05,21650,1,N,D,G,A,A,H,-,B,D,0,,Y,,,Y,,L,04,0,0,1,0,0,0,1,0,0,"- ","- ",,,"SAN BERNARDINO",FONTANA,-117.42846261,34.092156269999997
6418943,2014,2014-06-23,3604,2014-03-12,1837,768,,3,5,6,3604,0,0,0,,0,,"PEPPER AV","EDISON POLE # 1210499E",12.00,S,N,A,-,N,,,,,,,,,,N,3,0,1,2,A,-,11,21954,A,N,G,B,D,A,H,-,A,D,0,Y,,,,Y,,N,60,0,1,0,0,1,0,0,0,0,"- ","- ",,,"SAN BERNARDINO",FONTANA,,
6419544,2014,2014-06-25,3607,2014-02-02,1559,80221,117,7,5,6,3607,0,0,0,,0,032,"FLORA ST","MARIPOSA AV",200.00,E,N,B,-,N,,,,,,,,,,N,4,0,1,2,A,-,11,21954,A,M,G,B,D,A,H,-,A,D,0,Y,,,,Y,,N,60,0,0,1,0,1,0,0,0,0,"- ","- ",,,"SAN BERNARDINO",ONTARIO,-117.61607139,34.069294970000001
6419548,2014,2014-06-25,3607,2014-02-22,2109,14516,129,6,5,6,3607,0,0,0,,0,022,"HOLT BL","ALLYN AV",0.00,,Y,A,-,N,,,,,,,,,,N,2,0,1,2,A,-,10,21950,A,N,G,B,B,A,H,-,C,A,0,Y,,,,Y,,-,,1,0,0,0,1,0,0,0,0,"- ","- ",,,"SAN BERNARDINO",ONTARIO,-117.63721012000001,34.063380019999997
6420536,2014,2014-06-13,3609,2014-02-21,2356,3156,128,5,5,5,3609,0,0,0,,0,002,"SYCAMORE AV","VICTORIA ST",60.00,S,N,A,-,N,,,,,,,,,,N,3,0,1,2,A,-,11,21954,A,F,G,B,E,A,H,-,C,D,0,Y,,,,Y,,N,60,0,1,0,0,1,0,0,0,0,"- ","- ",,,"SAN BERNARDINO",RIALTO,-117.36602000000001,34.111605609999998
6420705,2014,2014-06-20,3607,2014-02-20,1912,14757,224,4,5,6,3607,0,0,0,,0,052,"FRANCIS ST",BOULDER,0.00,,Y,A,-,N,,,,,,,,,,N,4,0,1,2,A,-,10,21950,A,N,G,-,C,A,H,-,C,A,0,Y,,,,Y,,-,,0,0,1,0,1,0,0,0,0,"- ","- ",,,"SAN BERNARDINO",ONTARIO,-117.66573003000001,34.04099008
6420810,2014,2016-02-18,9865,2014-03-10,0915,018336,,1,1,9,3600,0,1,3,,1,039,"RT 38","BALDWIN LN",0.00,,Y,-,-,Y,SBD,8,38,-,-,47.230,I,5,E,N,4,0,1,2,A,-,08,22107,,M,G,B,E,A,H,-,A,D,0,Y,,,,Y,,-,99,0,0,1,0,1,0,0,0,0,"- ","- ",34.250549999999997,-116.81559,"SAN BERNARDINO",UNINCORPORATED,-116.8157824,34.250732130000003
6423032,2014,2014-06-16,3608,2014-02-26,1941,2952,,3,5,5,3608,0,0,0,,0,,"ORANGE ST","COLTON AV",12.00,S,N,A,-,N,,,,,,,,,,N,3,0,1,2,A,-,08,22107,,N,B,B,-,A,H,-,C,A,0,Y,,,,Y,,A,01,0,1,0,0,1,0,0,0,0,"- ","- ",,,"SAN BERNARDINO",REDLANDS,-117.18252067,34.06279713
6426145,2014,2016-02-22,3600,2014-03-08,1817,E7439,BL202,6,5,2,3680,0,0,0,,0,BL2,"RT 18","EUREKA DR",0.00,,Y,A,-,Y,SBD,8,18,-,-,49.870,H,-,N,N,3,0,1,2,A,-,11,21954,A,N,G,B,D,A,H,-,C,D,0,Y,,,,Y,,N,60,0,1,0,0,1,0,0,0,0,"- ","- ",,,"SAN BERNARDINO","BIG BEAR LAKE",-116.89815683,34.243494720000001
6437927,2014,2014-07-05,9860,2014-02-10,1500,019763,,1,2,9,3600,0,3,5,,2,004,"LINDEN AV","HAWTHORN AV",200.00,S,N,A,-,N,,,,,,,,,,N,4,0,1,3,A,-,03,22350,,N,G,B,E,A,H,-,A,D,0,Y,,,,Y,,M,47,0,0,1,0,1,0,0,0,0,"- ","- ",34.080129999999997,-117.40079,"SAN BERNARDINO",UNINCORPORATED,-117.40082848,34.080742020000002
6438218,2014,2014-06-30,3604,2014-02-11,1437,1107,,2,5,6,3604,0,0,0,,0,,"JUNIPER AV","WALNUT ST",0.00,,Y,A,-,N,,,,,,,,,,N,3,0,1,2,A,-,12,22450,A,F,D,G,A,A,H,-,A,A,0,,Y,,,Y,Y,L,04,0,1,0,0,0,0,1,0,0,"- ","- ",,,"SAN BERNARDINO",FONTANA,-117.44026014000001,34.128630029999997
6438222,2014,2014-06-30,3604,2014-02-10,1919,680,,1,5,6,3604,0,0,0,,0,,CHERRY,VILLAGE,0.00,,Y,A,-,N,,,,,,,,,,N,3,0,1,2,A,-,"- ",,,N,G,B,B,A,H,-,C,A,0,Y,,,,Y,,A,01,0,1,0,0,1,0,0,0,0,"- ","- ",,,"SAN BERNARDINO",FONTANA,-117.48729007,34.042580110000003
6439714,2014,2014-06-30,3608,2014-03-13,1037,3675,,4,5,5,3608,0,0,0,,0,,"ALABAMA AV","ORANGE AV",400.00,S,N,A,-,N,,,,,,,,,,Y,2,0,1,2,A,-,08,22107,,N,D,G,A,A,H,-,A,D,0,,Y,,,Y,,L,04,1,0,0,0,0,0,1,0,0,"- ","- ",,,"SAN BERNARDINO",REDLANDS,-117.20869455,34.050894390000003
6439754,2014,2014-06-30,3608,2014-03-21,1530,3675,,5,5,5,3608,0,0,0,,0,,"GROVE AV","CENTRAL AV",0.00,,Y,A,-,N,,,,,,,,,,N,3,0,1,2,A,-,12,22450,A,N,D,G,A,A,A,-,A,A,0,,Y,,,Y,,L,04,0,1,0,0,0,0,1,0,0,"- ","- ",,,"SAN BERNARDINO",REDLANDS,-117.16048004,34.057140089999997
6441543,2014,2014-09-03,3611,2014-01-10,1429,2365,"1 4",5,5,5,3611,0,0,0,,0,004,"EUCLID AV","23RD ST",0.00,,Y,A,-,N,,,,,,,,,,N,3,0,1,2,A,-,09,21800,A,N,D,G,A,A,H,-,A,A,0,,Y,,,Y,,D,22,0,1,0,0,0,0,1,0,0,"- ","- ",,,"SAN BERNARDINO",UPLAND,-117.6515101,34.14695012
6442264,2014,2014-07-01,3609,2014-02-16,1444,3281,55,7,5,5,3609,0,0,0,,0,001,"W CRAIG ST","W CRAIG ST 1086",0.00,,Y,A,-,N,,,,,,,,,,N,4,0,1,2,C,-,18,,,N,G,B,F,A,-,-,A,-,0,Y,,,,Y,,-,"- ",0,0,1,0,1,0,0,0,0,"- ","- ",,,"SAN BERNARDINO",RIALTO,-117.39168763000001,34.142376890000001
6445802,2014,2014-06-13,3611,2014-01-16,1432,2062,,4,5,5,3611,0,0,0,,0,001,"EUCLID AV","17TH ST",300.00,S,N,A,-,N,,,,,,,,,,N,3,0,1,1,B,-,22,,,N,E,I,A,A,H,-,A,D,0,,Y,,,Y,,L,04,0,1,0,0,0,0,1,0,0,"- ","- ",,,"SAN BERNARDINO",UPLAND,-117.65140638,34.124357799999999
6445830,2014,2014-06-13,3611,2014-01-27,0816,1323,,1,5,5,3611,0,0,0,,0,003,"14TH ST","2ND AV",0.00,,Y,A,-,N,,,,,,,,,,N,4,0,2,3,A,-,10,21950,A,N,G,B,B,A,H,-,A,A,0,Y,,,,Y,,-,,0,0,2,0,2,0,0,0,0,"- ","- ",,,"SAN BERNARDINO",UPLAND,-117.6485601,34.114280090000001
6445838,2014,2014-06-13,3611,2014-01-25,0925,1970,,6,5,5,3611,0,0,0,,0,003,"16TH ST","TANGLEWOOD AV",0.00,,Y,A,-,N,,,,,,,,,,N,3,0,1,2,A,-,10,21950,A,N,G,B,B,A,H,-,A,A,0,Y,,,,Y,,-,,0,1,0,0,1,0,0,0,0,"- ","- ",,,"SAN BERNARDINO",UPLAND,-117.6247401,34.121560019999997
6446490,2014,2014-07-12,3609,2014-04-02,1518,9632,172,3,5,5,3609,0,0,0,,0,004,"WILLOW AV","MONTROSE AV",25.00,N,N,B,C,N,,,,,,,,,,N,3,0,1,2,A,-,11,21954,A,N,G,B,D,B,H,-,A,D,0,Y,,,,Y,,N,60,0,1,0,0,1,0,0,0,0,"- ","- ",,,"SAN BERNARDINO",RIALTO,-117.37465951999999,34.083628490000002
6446557,2014,2014-07-12,3609,2014-04-07,1824,3156,605,1,5,5,3609,0,0,0,,0,002,"JACKSON ST","LILAC AV",0.00,E,N,A,-,N,,,,,,,,,,N,3,0,1,2,A,-,11,21954,A,N,G,B,D,A,H,-,A,D,0,Y,,,,Y,,N,60,0,1,0,0,1,0,0,0,0,"- ","- ",,,"SAN BERNARDINO",RIALTO,-117.37915003000001,34.119930009999997
6450305,2014,2016-01-22,3607,2014-02-06,1500,15021,44,4,5,6,3607,0,0,0,,0,021,"J ST","EUCLID BL",5.00,E,N,B,C,Y,SBD,8,83,-,-,10.341,I,5,N,N,4,0,1,2,A,-,10,21950,A,M,G,B,B,B,H,-,A,A,0,Y,,,,Y,,-,,0,0,1,0,1,0,0,0,0,"- ","- ",,,"SAN BERNARDINO",ONTARIO,-117.65089777,34.076165119999999
6450900,2014,2014-07-07,3610,2014-03-17,0000,54496,SBO,1,5,6,3610,0,0,0,,0,,"NORTHPARK BL","LITTLE MOUNTAIN DR",0.00,,Y,A,-,N,,,,,,,,,,N,4,0,1,2,A,-,08,22107,,N,B,G,A,A,H,-,A,A,0,,Y,,,Y,,L,04,0,0,1,0,0,0,1,0,0,"- ","- ",,,"SAN BERNARDINO","SAN BERNARDINO",-117.31395001,34.179090029999998
6453950,2014,2014-07-24,3608,2014-04-03,0924,4345,,4,5,5,3608,0,0,0,,0,901,"SAN BERNARDINO AV","ORANGE ST",0.00,,Y,A,-,N,,,,,,,,,,N,2,0,1,2,A,-,10,21950,A,N,G,B,B,A,H,-,A,A,0,Y,,,,Y,,D,22,1,0,0,0,1,0,0,0,0,"- ","- ",,,"SAN BERNARDINO",REDLANDS,-117.18240011,34.077270120000001
6455672,2014,2014-07-28,9860,2014-04-02,0610,020758,,3,1,9,3600,0,2,4,,2,411,"CEDAR AV","ORANGE ST",5.00,S,N,B,-,N,,,,,,,,,,N,4,0,1,2,A,-,12,21453,A,N,H,G,A,B,H,-,B,A,0,,Y,,,Y,,-,"- ",0,0,1,0,0,0,1,0,0,"- ","- ",34.064959999999999,-117.39637999999999,"SAN BERNARDINO",UNINCORPORATED,-117.39644,34.064976299999998
6460192,2014,2015-09-11,3604,2014-03-29,2116,295,3604,6,5,6,3604,0,0,0,,0,003,"RT 66","PALMETTO AV",0.00,,Y,A,-,N,,,,,,,,,,N,4,0,1,2,A,-,08,22107,,F,G,B,B,A,H,-,C,A,0,Y,,,,Y,,A,01,0,0,1,0,1,0,0,0,0,"- ","- ",,,"SAN BERNARDINO",FONTANA,-117.4270995,34.106651999999997
6466402,2014,2015-09-11,3609,2014-02-10,1836,3156,130,1,5,5,3609,0,0,0,,0,004,"FOOTHILL BL","PEPPER AV",15.00,W,N,A,-,N,,,,,,,,,,N,3,0,1,2,A,-,10,21950,A,N,G,B,B,A,H,-,C,A,0,Y,,,,Y,,A,01,0,1,0,0,1,0,0,0,0,"- ","- ",,,"SAN BERNARDINO",RIALTO,-117.3529594,34.106769999999997
6468665,2014,2014-06-30,3610,2014-02-07,0740,50582,,5,5,6,3610,0,0,0,,0,,"CITRUS DR","INDIAN CANYON CT",0.00,,Y,B,-,N,,,,,,,,,,N,4,0,1,2,A,-,05,21650,1,N,H,G,A,A,H,-,A,D,0,,Y,Y,,Y,,L,04,0,0,1,0,0,0,1,0,0,"- ","- ",,,"SAN BERNARDINO","SAN BERNARDINO",-117.22256002,34.144880069999999
6468705,2014,2014-06-25,3610,2014-02-20,1651,50717,,4,5,6,3610,0,0,0,,0,,"N MEDICAL CENTER DR","WEST HIGHLAND AV",168.00,S,N,A,-,N,,,,,,,,,,N,3,0,1,2,A,-,11,21956,,F,G,B,E,A,H,-,A,D,0,Y,,,,Y,,N,60,0,1,0,0,1,0,0,0,0,"- ","- ",,,"SAN BERNARDINO","SAN BERNARDINO",-117.32257,34.135649739999998
6469361,2014,2014-06-18,3611,2014-01-09,0833,2365,24,4,5,5,3611,0,0,0,,0,002,"EUCLID AV","11TH ST",4.00,N,N,A,-,N,,,,,,,,,,N,4,0,1,2,A,-,12,21453,A,N,D,G,A,A,H,-,A,A,0,,Y,,,Y,,L,04,0,0,1,0,0,0,1,0,0,"- ","- ",,,"SAN BERNARDINO",UPLAND,-117.6513401,34.103380960000003
6475155,2014,2014-06-17,3605,2014-01-28,0615,131,,2,5,4,3605,0,0,0,,0,,"ORCHARD ST","TUDOR ST",0.00,,Y,A,-,N,,,,,,,,,,N,2,0,1,2,A,-,10,21950,A,F,G,B,B,A,H,-,E,A,0,Y,,,,Y,,A,01,1,0,0,0,1,0,0,0,0,"- ","- ",,,"SAN BERNARDINO",MONTCLAIR,-117.70043010000001,34.070390009999997
6475607,2014,2014-07-07,3607,2014-03-18,2020,15198,52,2,5,6,3607,0,0,0,,0,031,"4TH ST","DEL RIO AV",300.00,W,N,A,-,N,,,,,,,,,,N,3,0,1,2,A,-,05,21202,A,F,D,G,A,A,H,-,C,D,0,,Y,,,Y,,L,04,0,1,0,0,0,0,1,0,0,"- ","- ",,,"SAN BERNARDINO",ONTARIO,-117.60464803000001,34.077564180000003
6481508,2014,2014-07-28,3608,2014-04-27,1123,4341,,7,5,5,3608,0,0,0,,0,,"5TH ST","DEARBORN ST",842.00,W,N,A,-,N,,,,,,,,,,N,3,0,1,2,C,-,18,,,N,B,G,A,A,H,-,A,A,0,,Y,,,Y,,-,"- ",0,1,0,0,0,0,1,0,0,"- ","- ",,,"SAN BERNARDINO",REDLANDS,-117.15040046999999,34.048376709999999
6483014,2014,2014-07-17,3604,2014-04-08,0806,643,,2,5,6,3604,0,0,0,,0,001,KNOX,SUMMIT,528.00,S,N,A,-,N,,,,,,,,,,N,4,0,1,2,A,-,"- ",,,F,G,B,D,A,H,-,A,D,0,Y,,,,Y,,N,60,0,0,1,0,1,0,0,0,0,"- ","- ",,,"SAN BERNARDINO",FONTANA,-117.46218532,34.149013250000003
6488552,2014,2015-03-12,3600,2014-04-17,0857,E8923,BL209,4,5,2,3680,0,0,0,,0,,"JUNIPER DR","SILVER PICK RD",81.00,W,N,A,-,N,,,,,,,,,,N,3,0,1,2,A,-,21,22106,,N,G,B,E,A,H,-,A,A,0,Y,,,,Y,,A,07,0,1,0,0,1,0,0,0,0,"- ","- ",,,"SAN BERNARDINO","BIG BEAR LAKE",-116.87773704,34.250504110000001
6489184,2014,2014-07-23,3610,2014-01-20,1738,50802,,1,5,6,3610,0,0,0,,0,,"E BASELINE ST","N  WALL ST",0.00,,Y,A,-,N,,,,,,,,,,N,4,0,1,2,A,-,10,21950,A,N,G,B,B,A,H,-,C,D,0,Y,,,,Y,,D,22,0,0,1,0,1,0,0,0,0,"- ","- ",,,"SAN BERNARDINO","SAN BERNARDINO",-117.28136007000001,34.12133008
6489369,2014,2014-06-26,3611,2014-02-18,1433,2387,,2,5,5,3611,0,0,0,,0,004,"C ST","2ND AV",10.00,W,N,A,-,N,,,,,,,,,,N,4,0,1,2,A,-,09,21802,A,N,D,G,A,A,H,-,A,A,0,,Y,,,Y,,D,22,0,0,1,0,0,0,1,0,0,"- ","- ",,,"SAN BERNARDINO",UPLAND,-117.64843294000001,34.097290000000001
6489981,2014,2014-08-04,3604,2014-05-01,1812,768,,4,5,6,3604,0,0,0,,0,,"BASELINE AV","JUNIPER AV",381.00,W,N,A,-,N,,,,,,,,,,N,3,0,1,2,A,-,09,21804,A,N,D,G,A,A,H,-,A,D,0,,Y,,,Y,,D,22,0,1,0,0,0,0,1,0,0,"- ","- ",,,"SAN BERNARDINO",FONTANA,-117.44149523,34.121430009999997
6497352,2014,2014-07-22,3610,2014-01-08,0730,50621,,3,5,6,3610,0,0,0,,0,,"MEDICAL CENTER DR","BASELINE ST",405.00,N,N,A,-,N,,,,,,,,,,N,4,0,1,3,A,-,11,21954,A,N,G,B,D,A,H,-,A,D,0,Y,,,,Y,,N,60,0,0,1,0,1,0,0,0,0,"- ","- ",,,"SAN BERNARDINO","SAN BERNARDINO",-117.32256518,34.12242955
6500691,2014,2015-11-12,3600,2014-03-25,2044,H3376,3600,2,5,3,3613,0,0,0,,0,024,"RT 395","STATOR BROTHERS EXIT",0.00,,Y,A,-,Y,SBD,8,395,-,-,11.310,H,-,S,N,4,0,1,2,A,-,10,21950,A,N,G,B,B,A,H,-,C,A,0,Y,,,,Y,,A,07,0,0,1,0,1,0,0,0,0,"- ","- ",,,"SAN BERNARDINO",ADELANTO,-117.3995568,34.50864164
6503583,2014,2014-07-15,3602,2014-04-08,1436,3172,,2,5,5,3602,0,0,0,,0,004,"RIVERSIDE DR","OAKS AV",0.00,,Y,A,-,N,,,,,,,,,,N,3,0,1,2,A,-,12,21453,A,N,D,G,A,A,H,-,A,A,0,,Y,,,Y,,L,04,0,1,0,0,0,0,1,0,0,"- ","- ",,,"SAN BERNARDINO",CHINO,-117.67624012,34.019170109999997
6505704,2014,2014-08-13,3600,2014-05-19,0744,B5098,YC105,1,5,4,3640,0,0,0,,0,YC1,"STONEWOOD DR","YALE DR",0.00,,Y,A,-,N,,,,,,,,,,N,4,0,1,2,A,-,09,21804,A,N,D,G,A,A,H,-,A,A,0,,Y,,,Y,,L,04,0,0,1,0,0,0,1,0,0,"- ","- ",,,"SAN BERNARDINO",YUCAIPA,-117.05000006,34.044730020000003
6506322,2014,2014-07-17,9855,2014-04-21,0705,11856,,1,1,9,3600,0,3,5,,2,001,"SAN BERNARDINO AV","HEMLOCK AV",5.00,W,N,A,-,N,,,,,,,,,,N,4,0,1,2,A,-,10,21950,A,N,G,B,B,A,H,-,A,A,0,Y,,,,Y,,A,01,0,0,1,0,1,0,0,0,0,"- ","- ",,,"SAN BERNARDINO",UNINCORPORATED,-117.47558646,34.077449719999997
6508540,2014,2014-08-04,3608,2014-05-10,2044,4345,,6,5,5,3608,0,0,0,,0,901,"CENTER ST","BROOKSIDE AV",0.00,,Y,A,-,N,,,,,,,,,,N,3,0,1,2,A,-,12,21453,A,N,D,G,A,A,H,-,C,A,0,,Y,,,Y,,L,04,0,1,0,0,0,0,1,0,0,"- ","- ",,,"SAN BERNARDINO",REDLANDS,-117.19101007,34.052460029999999
6508630,2014,2014-07-31,3600,2014-05-14,0811,D3390,VC001,3,5,5,3612,0,0,0,,0,001,"MOJAVE DR","SIXTH ST",390.00,W,N,A,-,N,,,,,,,,,,N,3,0,1,2,A,-,06,21755,,N,D,G,A,A,H,-,A,D,0,,Y,,,Y,,L,04,0,1,0,0,0,0,1,0,0,"- ","- ",,,"SAN BERNARDINO",VICTORVILLE,-117.30392611000001,34.529000000000003
6509019,2014,2014-08-04,9865,2014-05-21,1525,014696,,3,2,9,3600,0,2,4,,2,013,"LAKE DR","ROSE HILL DR",294.00,E,N,A,-,N,,,,,,,,,,N,3,0,1,1,A,-,01,21200,5,N,D,I,A,A,H,-,A,A,0,,Y,,,Y,Y,L,04,0,1,0,0,0,0,1,0,0,"- ","- ",34.242260000000002,-117.28758999999999,"SAN BERNARDINO",UNINCORPORATED,-117.28750247000001,34.242490109999999