CASE_ID,ACCIDENT_YEAR,PROC_DATE,JURIS,COLLISION_DATE,COLLISION_TIME,OFFICER_ID,REPORTING_DISTRICT,DAY_OF_WEEK,CHP_SHIFT,POPULATION,CNTY_CITY_LOC,SPECIAL_COND,BEAT_TYPE,CHP_BEAT_TYPE,CITY_DIVISION_LAPD,CHP_BEAT_CLASS,BEAT_NUMBER,PRIMARY_RD,SECONDARY_RD,DISTANCE,DIRECTION,INTERSECTION,WEATHER_1,WEATHER_2,STATE_HWY_IND,CALTRANS_COUNTY,CALTRANS_DISTRICT,STATE_ROUTE,ROUTE_SUFFIX,POSTMILE_PREFIX,POSTMILE,LOCATION_TYPE,RAMP_INTERSECTION,SIDE_OF_HWY,TOW_AWAY,COLLISION_SEVERITY,NUMBER_KILLED,NUMBER_INJURED,PARTY_COUNT,PRIMARY_COLL_FACTOR,PCF_CODE_OF_VIOL,PCF_VIOL_CATEGORY,PCF_VIOLATION,PCF_VIOL_SUBSECTION,HIT_AND_RUN,TYPE_OF_COLLISION,MVIW,PED_ACTION,ROAD_SURFACE,ROAD_COND_1,ROAD_COND_2,LIGHTING,CONTROL_DEVICE,CHP_ROAD_TYPE,PEDESTRIAN_ACCIDENT,BICYCLE_ACCIDENT,MOTORCYCLE_ACCIDENT,TRUCK_ACCIDENT,NOT_PRIVATE_PROPERTY,ALCOHOL_INVOLVED,STWD_VEHTYPE_AT_FAULT,CHP_VEHTYPE_AT_FAULT,COUNT_SEVERE_INJ,COUNT_VISIBLE_INJ,COUNT_COMPLAINT_PAIN,COUNT_PED_KILLED,COUNT_PED_INJURED,COUNT_BICYCLIST_KILLED,COUNT_BICYCLIST_INJURED,COUNT_MC_KILLED,COUNT_MC_INJURED,PRIMARY_RAMP,SECONDARY_RAMP,LATITUDE,LONGITUDE,COUNTY,CITY,POINT_X,POINT_Y
7014144,2015,2015-08-18,3609,2015-07-18,1315,9252,160,6,5,5,3609,0,0,0,,0,004,"LILAC AV","JAMES ST",0.00,,Y,A,-,N,,,,,,,,,,N,3,0,1,2,A,-,11,21956,B,N,G,B,E,A,H,-,A,D,0,Y,,,,Y,,N,60,0,1,0,0,1,0,0,0,0,"- ","- ",,,"SAN BERNARDINO",RIALTO,-117.37906006,34.089100039999998
7014462,2015,2015-08-17,3608,2015-07-22,1555,2938,,3,5,5,3608,0,0,0,,0,,"CITRUS AV","ORANGE ST",0.00,,Y,A,-,N,,,,,,,,,,N,3,0,1,2,A,-,09,21801,A,N,D,G,A,A,H,-,A,A,0,,Y,,,Y,,-,,0,1,0,0,0,0,1,0,0,"- ","- ",,,"SAN BERNARDINO",REDLANDS,-117.18259006,34.055550050000001
7014533,2015,2015-08-14,3608,2015-07-20,2000,3445,,1,5,5,3608,0,0,0,,0,901,"TEXAS ST","COLTON AV",141.00,N,N,A,-,N,,,,,,,,,,N,3,0,1,2,A,-,11,21954,A,N,G,B,D,A,H,-,A,A,0,Y,,,,Y,,N,60,0,1,0,0,1,0,0,0,0,"- ","- ",,,"SAN BERNARDINO",REDLANDS,-117.19122389,34.063263399999997
7022662,2015,2017-01-17,9835,2015-07-06,0332,021090,,1,3,9,3600,0,1,1,,2,074,"RT 15","BASIN RD",26453.00,S,N,A,-,Y,SBD,8,15,-,R,115.320,H,-,N,N,3,0,1,3,C,-,18,,,N,C,C,-,A,H,-,D,D,1,Y,,,Y,Y,,-,"- ",0,1,0,0,1,0,0,0,0,"- ","- ",,,"SAN BERNARDINO",UNINCORPORATED,-116.35091195,35.086435080000001
7023977,2015,2015-10-07,3604,2015-07-13,2118,958,,1,5,6,3604,0,0,0,,0,,"PINE VALLEY DR","SILVERADO WY",94.00,N,N,A,-,N,,,,,,,,,,N,3,0,1,2,A,-,09,21804,A,F,D,G,A,A,H,-,A,D,0,,Y,,,Y,,L,04,0,1,0,0,0,0,1,0,0,"- ","- ",,,"SAN BERNARDINO",FONTANA,-117.43761797000001,34.145983000000001
7024086,2015,2017-01-18,3605,2015-07-23,2025,142,,4,5,4,3605,0,0,0,,0,,"CENTRAL AV","RT 10",0.00,,Y,A,-,Y,SBD,8,10,-,-,1.361,R,4,W,N,4,0,1,2,D,-,00,,,N,D,G,A,A,H,-,C,A,0,,Y,,,Y,,-,"- ",0,0,1,0,0,0,1,0,0,"- ",WF,,,"SAN BERNARDINO",MONTCLAIR,-117.68779527,34.086377720000002
7024617,2015,2015-09-03,3610,2015-07-04,1844,50700,,6,5,6,3610,0,0,0,,0,,"S SUTTER ST","W ESPERANZA ST",114.00,N,N,A,-,N,,,,,,,,,,N,4,0,1,2,A,-,11,21956,,N,G,B,E,A,H,-,A,D,0,Y,,,,Y,,N,60,0,0,1,0,1,0,0,0,0,"- ","- ",,,"SAN BERNARDINO","SAN BERNARDINO",-117.34638637,34.09076228
7024625,2015,2015-09-02,3610,2015-07-02,2227,50360,,4,5,6,3610,0,0,0,,0,,"W 40TH","N NEWMARK AV",53.00,E,N,A,-,N,,,,,,,,,,N,3,0,1,2,A,-,11,21956,,N,G,B,E,A,H,-,C,A,0,Y,,,,Y,,N,60,0,1,0,0,1,0,0,0,0,"- ","- ",,,"SAN BERNARDINO","SAN BERNARDINO",-117.29157533,34.164679999999997
7027762,2015,2015-08-25,3603,2015-06-08,2216,CL3863,COLTO,1,5,4,3603,0,0,0,,0,002,"LA CADENA DR","VALLEY BL",0.00,,Y,A,-,N,,,,,,,,,,N,4,0,1,2,A,-,10,21950,A,F,G,B,B,A,H,-,C,A,0,Y,,,,Y,,-,99,0,0,1,0,1,0,0,0,0,"- ","- ",,,"SAN BERNARDINO",COLTON,-117.32433008,34.06687007
7028747,2015,2015-08-26,3610,2015-07-04,2000,50734,,6,5,6,3610,0,0,0,,0,,"E DATE ST","E DATE ST 1400",0.00,,-,A,-,N,,,,,,,,,,N,4,0,1,2,A,-,11,21954,A,F,G,B,D,A,G,-,B,D,0,Y,,,,Y,,N,60,0,0,1,0,1,0,0,0,0,"- ","- ",,,"SAN BERNARDINO","SAN BERNARDINO",-117.25714356,34.141278010000001
7031144,2015,2015-09-01,3600,2015-08-14,0744,F3086,LL001,5,5,3,3615,0,0,0,,0,,"BEAUMONT AV","WHITTIER AV",0.00,,Y,A,-,N,,,,,,,,,,N,3,0,1,2,A,-,08,22107,A,N,B,G,A,A,H,-,A,A,0,,Y,,,Y,,A,01,0,1,0,0,0,0,1,0,0,"- ","- ",,,"SAN BERNARDINO","LOMA LINDA",-117.23041001,34.037460019999997
7036786,2015,2015-09-21,3607,2015-07-13,1459,80267,208,1,5,6,3607,0,0,0,,0,061,"GROVE AV","FRANCIS AV",500.00,N,N,A,-,N,,,,,,,,,,N,4,0,1,2,A,-,05,21650,1,N,G,G,A,A,H,-,A,D,0,,Y,,,Y,,L,04,0,0,1,0,0,0,1,0,0,"- ","- ",,,"SAN BERNARDINO",ONTARIO,-117.62839547,34.042460679999998
7038313,2015,2015-09-01,3600,2015-08-05,0801,C9392,RC048,3,5,6,3616,0,0,0,,0,RC01,"BASELINE RD","CARNELIAN AV",305.00,E,N,A,-,N,,,,,,,,,,N,4,0,1,2,A,-,05,21650,1,N,G,B,F,A,-,-,A,D,0,Y,,,,Y,,N,60,0,0,1,0,1,0,0,0,0,"- ","- ",,,"SAN BERNARDINO","RANCHO CUCAMONGA",-117.61510495,34.121549999999999
7038781,2015,2015-09-11,3608,2015-08-14,1750,3219,,5,5,5,3608,0,0,0,,0,,"BROOKSIDE AV","BELLEVUE ST",0.00,,Y,A,-,N,,,,,,,,,,Y,4,0,1,2,A,-,03,22350,,F,D,B,-,A,H,-,A,D,0,Y,,,,Y,,A,01,0,0,1,0,1,0,0,0,0,"- ","- ",,,"SAN BERNARDINO",REDLANDS,-117.20569007,34.044690009999997
7039099,2015,2016-11-28,3600,2015-06-21,1726,F4496,AP007,7,5,5,3621,0,0,0,,0,AP2,"RT 18","NAVAJO RD",29.00,W,N,A,-,Y,SBD,8,18,-,-,88.871,I,6,N,N,4,0,1,2,A,-,11,21954,A,N,H,G,A,A,H,-,A,A,0,,Y,,,Y,Y,L,04,0,0,1,0,0,0,1,0,0,"- ","- ",,,"SAN BERNARDINO","APPLE VALLEY",-117.19026818,34.500577370000002
7039740,2015,2015-08-29,3607,2015-07-12,1357,14931,185,7,5,6,3607,0,0,0,,0,061,"PHILLIPS ST","PLUM AV",25.00,E,N,A,-,N,,,,,,,,,,Y,3,0,1,2,A,-,09,21804,A,N,A,G,A,A,H,-,A,D,0,,Y,,,Y,,L,04,0,1,0,0,0,0,1,0,0,"- ","- ",,,"SAN BERNARDINO",ONTARIO,-117.6482479,34.050544909999999
7042878,2015,2017-02-01,9860,2015-06-30,1755,19674,,2,2,4,3603,0,1,1,,2,103,"RT 10","LA CADENA DR",13.00,W,N,A,-,Y,SBD,8,10,-,R,22.482,R,3,W,N,3,0,2,3,A,-,10,21950,A,N,G,B,B,A,H,-,A,D,1,Y,,,,Y,,D,22,0,1,1,0,2,0,0,0,0,FR,"- ",34.06664,-117.32454,"SAN BERNARDINO",COLTON,-117.32690681,34.066355700000003
7045112,2015,2017-01-12,9860,2015-07-27,2030,019251,,1,2,6,3610,0,1,1,,2,216,"RT 215","5TH ST",500.00,N,N,A,-,Y,SBD,8,215,-,-,7.900,H,-,N,Y,3,0,1,2,A,-,11,21954,A,F,G,B,E,A,H,-,C,D,1,Y,,,,Y,Y,N,60,0,1,0,0,1,0,0,0,0,"- ","- ",34.111310000000003,-117.30249999999999,"SAN BERNARDINO","SAN BERNARDINO",-117.30265405,34.118662550000003
7045170,2015,2015-09-09,3600,2015-08-13,1615,F3091,VC069,4,5,5,3612,0,0,0,,0,VC5,"HAPPY HILLS LN","HIDDEN PINES CT",0.00,,Y,A,-,N,,,,,,,,,,N,4,0,1,2,A,-,11,21954,A,N,G,B,D,A,H,-,A,A,0,Y,,,,Y,,N,60,0,0,1,0,1,0,0,0,0,"- ","- ",,,"SAN BERNARDINO",VICTORVILLE,-117.40735001,34.501120069999999
7045401,2015,2015-09-08,3600,2015-08-15,1047,A9113,RC014,6,5,6,3616,0,0,0,,0,004,"MOUNTAIN VIEW DR","GRAPEVINE ST",0.00,,Y,A,-,N,,,,,,,,,,N,3,0,1,2,A,-,09,21802,A,N,D,G,A,A,H,-,A,A,0,,Y,,,Y,,A,07,0,1,0,0,0,0,1,0,0,"- ","- ",,,"SAN BERNARDINO","RANCHO CUCAMONGA",-117.55085,34.119770080000002
7049194,2015,2015-09-18,3600,2015-08-05,1850,D8559,HE411,3,5,5,3619,0,0,0,,0,HE4,"CACTUS ST","C AV",155.00,E,N,A,-,N,,,,,,,,,,N,3,0,1,2,A,-,03,22350,,N,C,G,A,A,H,-,A,D,0,,Y,,,Y,,L,04,0,1,0,0,0,0,1,0,0,"- ","- ",,,"SAN BERNARDINO",HESPERIA,-117.30087664,34.399431139999997
7053864,2015,2015-09-21,3600,2015-08-12,1021,E7439,HE201,3,5,5,3619,0,0,0,,0,,"SEQUOIA ST","I AV",0.00,,Y,A,-,N,,,,,,,,,,Y,3,0,1,2,A,-,10,21950,A,N,H,B,D,A,H,-,A,D,0,Y,,,,Y,,-,,0,1,0,0,1,0,0,0,0,"- ","- ",,,"SAN BERNARDINO",HESPERIA,-117.27440014,34.46996008
7054941,2015,2015-09-29,3600,2015-08-24,2320,D9598,HI009,1,5,4,3618,0,0,0,,0,,"9TH ST","VICTORIA AV",0.00,,-,A,-,N,,,,,,,,,,N,3,0,1,2,A,-,11,21954,A,N,G,B,E,A,H,-,C,A,0,Y,,,,Y,,N,60,0,1,0,0,1,0,0,0,0,"- ","- ",,,"SAN BERNARDINO",HIGHLAND,-117.22619002,34.115700019999998
7056813,2015,2015-10-03,3610,2015-08-27,0708,50570,,4,5,6,3610,0,0,0,,0,POLICE,"N E ST","25TH ST",25.00,S,N,A,-,N,,,,,,,,,,N,3,0,1,2,A,-,11,21954,A,N,G,B,D,A,H,-,A,A,0,Y,,,,Y,,N,60,0,1,0,0,1,0,0,0,0,"- ","- ",34.137059999999998,-117.29412000000001,"SAN BERNARDINO","SAN BERNARDINO",-117.29413,34.139031510000002
7057218,2015,2015-10-19,3604,2015-09-06,1951,680,,7,5,6,3604,0,0,0,,0,,SIERRA,"SAN BERNARDINO",434.00,S,N,A,-,N,,,,,,,,,,N,3,0,1,2,A,-,11,21955,,N,G,B,D,A,H,-,C,D,0,Y,,,,Y,,N,60,0,1,0,0,1,0,0,0,0,"- ","- ",,,"SAN BERNARDINO",FONTANA,-117.43568,34.076390840000002
7058225,2015,2015-11-20,9860,2015-08-13,1335,16821,,4,1,9,3600,0,3,5,,2,004,"CEDAR AV","ORANGE ST",0.00,,Y,B,-,N,,,,,,,,,,N,3,0,1,2,A,-,05,21202,A,N,H,G,A,A,H,-,A,D,0,,Y,,,Y,,L,04,0,1,0,0,0,0,1,0,0,"- ","- ",34.06503,-117.39621,"SAN BERNARDINO",UNINCORPORATED,-117.39644005,34.064990100000003
7058293,2015,2015-10-13,3611,2015-08-03,0900,2963,,1,5,5,3611,0,0,0,,0,,"FOOTHILL BL","MOUNTAIN AV",0.00,,Y,A,-,N,,,,,,,,,,N,3,0,1,2,A,-,10,21950,A,M,G,B,B,A,H,-,A,A,0,Y,,,,Y,,A,01,0,1,0,0,1,0,0,0,0,"- ","- ",,,"SAN BERNARDINO",UPLAND,-117.67020003,34.106960039999997
7060055,2015,2015-10-09,3603,2015-07-05,1907,CL4710,COLTO,7,5,4,3603,0,0,0,,0,002,"HOLLY AV","HILLCREST AV",0.00,,Y,A,-,N,,,,,,,,,,N,3,0,1,2,A,-,11,21956,A,N,G,B,E,A,H,-,A,D,0,Y,,,,Y,,N,60,0,1,0,0,1,0,0,0,0,"- ","- ",,,"SAN BERNARDINO",COLTON,-117.31264004000001,34.083140120000003
7060091,2015,2015-10-08,3604,2015-09-07,2128,958,,1,5,6,3604,0,0,0,,0,,"SIERRA AV","MARYGOLD AV",50.00,S,N,A,-,N,,,,,,,,,,N,3,0,1,2,A,-,11,21956,A,N,G,B,D,A,H,-,C,D,0,Y,,,,Y,,N,60,0,1,0,0,1,0,0,0,0,"- ","- ",,,"SAN BERNARDINO",FONTANA,-117.43568,34.073863000000003
7061668,2015,2015-10-23,9835,2015-08-24,2210,21035,,1,3,9,3600,0,3,5,,2,034,"WILLIAMS ST","4TH ST",82.00,W,N,A,-,N,,,,,,,,,,Y,2,0,2,2,A,-,03,22350,,N,G,B,E,A,H,-,D,D,0,Y,,Y,,Y,,C,02,2,0,0,0,1,0,0,0,1,"- ","- ",,,"SAN BERNARDINO",UNINCORPORATED,-116.81714621,34.907253519999998
7066563,2015,2015-09-18,3602,2015-05-07,1737,3618,,4,5,5,3602,0,0,0,,0,003,"RIVERSIDE DR","RUSSELL AV",0.00,,Y,A,-,N,,,,,,,,,,N,3,0,1,1,A,-,05,21650,,N,A,I,A,A,H,-,A,A,0,,Y,,,Y,Y,L,04,0,1,0,0,0,0,1,0,0,"- ","- ",,,"SAN BERNARDINO",CHINO,-117.70018003,34.018990039999998
7069029,2015,2017-01-13,3600,2015-08-16,0518,D4324,3600,7,5,5,3621,0,0,0,,0,AP1,"RT 18","KASOTA RD",0.00,,Y,A,-,Y,SBD,8,18,-,-,94.090,H,-,N,N,4,0,1,2,C,-,18,,,N,G,B,D,A,H,-,C,A,0,Y,,,,Y,,-,"- ",0,0,1,0,1,0,0,0,0,"- ","- ",,,"SAN BERNARDINO","APPLE VALLEY",-117.26706799999999,34.540679910000001
7070435,2015,2015-09-21,3604,2015-08-11,1920,832,,2,5,6,3604,0,0,0,,0,004,"MARTOS RD","BELMONTE RD",220.00,W,N,A,-,N,,,,,,,,,,N,2,0,1,2,A,-,11,21954,A,N,G,B,E,A,H,-,A,D,0,Y,,,,Y,,N,60,1,0,0,0,1,0,0,0,0,"- ","- ",,,"SAN BERNARDINO",FONTANA,-117.46802282,34.041342129999997
7073666,2015,2016-01-08,3600,2015-08-15,2004,F3794,VC042,6,5,5,3612,0,0,0,,0,,"D ST","11TH ST",160.00,E,N,A,-,N,,,,,,,,,,Y,4,0,1,2,A,-,11,21954,A,N,G,B,D,A,H,-,C,A,0,Y,,,,Y,,N,60,0,0,1,0,1,0,0,0,0,"- ","- ",,,"SAN BERNARDINO",VICTORVILLE,-117.28934,34.533659999999998
7075500,2015,2016-07-25,3609,2015-09-19,1626,4655,126,6,5,5,3609,0,0,0,,0,004,"FOOTHILL BL","LILAC AV",0.00,,Y,A,-,N,,,,,,,,,,N,3,0,1,2,A,-,06,21755,A,N,B,G,A,A,H,-,A,D,0,,Y,,,Y,,L,04,0,1,0,0,0,0,1,0,0,"- ","- ",,,"SAN BERNARDINO",RIALTO,-117.37910005000001,34.106750040000001
7076852,2015,2015-10-03,3600,2015-08-27,1508,D3311,RC038,4,5,6,3616,0,0,0,,0,RC02,"FOOTHILL BL","MALACHITE AV",0.00,,Y,A,-,N,,,,,,,,,,Y,3,0,1,2,A,-,09,21801,A,N,D,G,A,A,H,-,A,A,0,,Y,,,Y,,D,22,0,1,0,0,0,0,1,0,0,"- ","- ",,,"SAN BERNARDINO","RANCHO CUCAMONGA",-117.59740008,34.106680009999998
7079295,2015,2015-10-19,3608,2015-09-28,0737,4345,,1,5,5,3608,0,0,0,,0,901,"SAN JACINTO ST","HIGHLAND AV",21.00,S,N,A,-,N,,,,,,,,,,N,2,0,1,2,A,-,11,21954,A,N,G,B,D,A,H,-,A,A,0,Y,,,,Y,,N,60,1,0,0,0,1,0,0,0,0,"- ","- ",,,"SAN BERNARDINO",REDLANDS,-117.18432274,34.034281559999997
7079375,2015,2015-10-27,3608,2015-10-06,2221,2825,,2,5,5,3608,0,0,0,,0,,"OLIVE AV","NORDINA ST",30.00,W,N,A,-,N,,,,,,,,,,N,3,0,2,2,A,-,10,21954,B,N,G,G,D,A,H,-,C,D,0,Y,Y,,,Y,Y,L,,0,1,1,0,1,0,1,0,0,"- ","- ",,,"SAN BERNARDINO",REDLANDS,-117.18026299,34.05395549
7080003,2015,2015-09-28,3605,2015-09-02,0745,338,,3,5,4,3605,0,0,0,,0,,"TUDOR AV","ORCHARD ST",7.00,S,N,A,-,N,,,,,,,,,,N,4,0,1,2,A,-,12,22450,A,F,G,B,D,A,H,-,A,A,0,Y,,,,Y,Y,A,01,0,0,1,0,1,0,0,0,0,"- ","- ",,,"SAN BERNARDINO",MONTCLAIR,-117.70043800000001,34.07037201
7081506,2015,2015-10-17,3611,2015-08-03,1750,3025,,1,5,5,3611,0,0,0,,0,,"MOUNTAIN AV","ARROW HWY",635.00,S,N,A,-,N,,,,,,,,,,N,4,0,1,2,A,-,12,21453,A,N,D,G,A,A,H,-,A,A,0,,Y,,,Y,,-,"- ",0,0,1,0,0,0,1,0,0,"- ","- ",,,"SAN BERNARDINO",UPLAND,-117.67025,34.097929630000003
7087931,2015,2015-10-08,3608,2015-09-10,1410,4335,3608,4,5,5,3608,0,0,0,,0,,"CYPRESS AV","CAJON ST",0.00,,Y,C,-,N,,,,,,,,,,N,3,0,1,2,A,-,09,21802,A,N,D,G,A,B,H,-,A,A,0,,Y,,,Y,,A,07,0,1,0,0,0,0,1,0,0,"- ","- ",,,"SAN BERNARDINO",REDLANDS,-117.17648011999999,34.047380080000003
7088021,2015,2015-10-10,3604,2015-08-28,0705,948,,5,5,6,3604,0,0,0,,0,,"BASELINE AV","PALMETTO AV",0.00,,Y,A,-,N,,,,,,,,,,N,3,0,1,2,A,-,09,21801,A,N,D,G,A,A,H,-,A,-,0,,Y,,,Y,,A,01,0,1,0,0,0,0,1,0,0,"- ","- ",,,"SAN BERNARDINO",FONTANA,-117.42728001,34.12134004
7088805,2015,2015-10-20,3607,2015-08-23,0300,80506,67,7,5,6,3607,0,0,0,,0,031,"FOURTH ST","BAKER AV",150.00,W,N,A,-,N,,,,,,,,,,N,3,0,1,2,A,-,11,21955,,F,B,B,D,A,H,-,C,A,0,Y,,,,Y,Y,N,60,0,1,0,0,1,0,0,0,0,"- ","- ",,,"SAN BERNARDINO",ONTARIO,-117.62032403000001,34.077629999999999
7089680,2015,2015-10-10,3609,2015-07-15,2500,7490,151,3,5,5,3609,0,0,0,,0,004,"SOUTH ST","RIVERSIDE AV",185.00,W,N,A,-,N,,,,,,,,,,N,3,0,1,2,A,-,08,22107,,N,B,G,A,A,H,-,A,D,0,,Y,,,Y,,L,04,0,1,0,0,0,0,1,0,0,"- ","- ",,,"SAN BERNARDINO",RIALTO,-117.37096925,34.094090000000001
7090177,2015,2015-10-07,3600,2015-09-11,1017,S3887,VC022,5,5,5,3612,0,0,0,,0,003,"HESPERIA RD","WINONA ST",0.00,,Y,A,-,N,,,,,,,,,,N,3,0,1,2,A,-,12,21453,A,M,G,G,A,A,H,-,A,A,0,,Y,,,Y,,A,07,0,1,0,0,0,0,1,0,0,"- ","- ",,,"SAN BERNARDINO",VICTORVILLE,-117.29132013,34.489160060000003
7090222,2015,2015-10-07,3600,2015-09-08,2135,F5698,VC002,2,5,5,3612,0,0,0,,0,001,"MOJAVE DR","LA PAZ DR",22.00,W,N,C,-,N,,,,,,,,,,N,3,0,2,3,A,-,10,21950,A,N,G,B,B,B,H,-,D,A,0,Y,,,,Y,,A,01,0,2,0,0,2,0,0,0,0,"- ","- ",,,"SAN BERNARDINO",VICTORVILLE,-117.31294281,34.528958860000003
7092531,2015,2015-10-20,3609,2015-09-04,1140,5550,162,5,5,5,3609,0,0,0,,0,004,"RIVERSIDE AV","E ALRU ST",100.00,S,N,A,-,N,,,,,,,,,,N,3,0,1,2,A,-,05,21650,A,M,B,G,A,A,H,-,A,D,0,,Y,,,Y,,L,04,0,1,0,0,0,0,1,0,0,"- ","- ",,,"SAN BERNARDINO",RIALTO,-117.37033,34.086986019999998
7095302,2015,2015-10-15,3607,2015-08-26,1541,14931,338,3,5,6,3607,0,0,0,,0,041,"4TH ST","WINEVILLE AV",528.00,E,N,A,-,N,,,,,,,,,,N,4,0,1,2,A,-,09,21804,A,N,G,B,E,A,H,-,A,D,0,Y,,,,Y,,-,,0,0,1,0,1,0,0,0,0,"- ","- ",,,"SAN BERNARDINO",ONTARIO,-117.53928999999999,34.077210000000001
7095827,2015,2015-10-24,3600,2015-09-10,1403,F5137,VC057,4,5,5,3612,0,0,0,,0,VC5,"SENECA RD","AMETHYST RD",1172.00,E,N,A,-,N,,,,,,,,,,N,3,0,1,2,A,-,11,21950,B,N,G,B,C,A,H,-,A,D,0,Y,,,,Y,,N,60,0,1,0,0,1,0,0,0,0,"- ","- ",,,"SAN BERNARDINO",VICTORVILLE,-117.36049134,34.514040000000001
7095839,2015,2015-10-24,3600,2015-09-22,1912,S3887,VC028,2,5,5,3612,0,0,0,,0,003,"RODEO DR","PEBBLE BEACH DR",79.00,S,N,A,-,N,,,,,,,,,,N,2,0,1,2,A,-,08,22107,,N,A,G,A,A,H,-,C,A,0,,Y,,,Y,,L,04,1,0,0,0,0,0,1,0,0,"- ","- ",,,"SAN BERNARDINO",VICTORVILLE,-117.3038571,34.505893589999999
7095932,2015,2015-10-15,3607,2015-09-09,1339,80248,174,3,5,6,3607,0,0,0,,0,042,"SANTA ANA ST","ETIWANDA AV",300.00,W,N,C,-,N,,,,,,,,,,N,3,0,1,2,A,-,09,21804,A,N,G,B,E,B,H,-,A,D,0,Y,,,,Y,,-,,0,1,0,0,1,0,0,0,0,"- ","- ",,,"SAN BERNARDINO",ONTARIO,-117.52514769,34.055332970000002
7096562,2015,2015-10-15,3607,2015-09-14,1809,14578,119,1,5,6,3607,0,0,0,,0,012,"D ST","BENSON AV",12.00,E,N,A,-,N,,,,,,,,,,N,3,0,1,2,A,-,05,21650,1,N,D,G,A,A,H,-,A,D,0,,Y,,,Y,,L,04,0,1,0,0,0,0,1,0,0,"- ","- ",,,"SAN BERNARDINO",ONTARIO,-117.68076048,34.066890110000003
7097319,2015,2015-10-22,3604,2015-09-17,1925,907,,4,5,6,3604,0,0,0,,0,,"AUGUSTA DR","MEDINAH ST",0.00,,Y,A,-,N,,,,,,,,,,N,4,0,1,2,A,-,10,21950,A,N,G,B,E,A,H,-,C,D,0,Y,,,,Y,,A,01,0,0,1,0,1,0,0,0,0,"- ","- ",,,"SAN BERNARDINO",FONTANA,-117.45140001,34.142170110000002
7099759,2015,2015-10-28,3607,2015-09-30,1436,80313,180,3,5,6,3607,0,0,0,,0,051,"PHILLIPS ST","BOULDER ST",0.00,,Y,A,-,N,,,,,,,,,,N,4,0,1,2,A,-,05,21650,1,N,G,G,A,A,H,-,A,D,0,,Y,,,Y,,L,04,0,0,1,0,0,0,1,0,0,"- ","- ",,,"SAN BERNARDINO",ONTARIO,-117.66586009,34.04937005
7099809,2015,2015-11-04,3607,2015-09-13,2140,80249,81,7,5,6,3607,0,0,0,,0,MILL,"ONTARIO MILLS PKWY","FRANKLIN AV",0.00,,N,A,-,N,,,,,,,,,,N,3,0,1,2,A,-,05,21650,1,N,D,G,A,A,H,-,C,A,0,,Y,,,Y,,L,04,0,1,0,0,0,0,1,0,0,"- ","- ",,,"SAN BERNARDINO",ONTARIO,-117.55249005,34.07006003
7101587,2015,2016-01-13,3601,2015-11-30,1459,S7,,1,5,3,3601,0,0,0,,0,PATROL,"RIMROCK RD","MONTARA RD",62.00,E,N,A,-,N,,,,,,,,,,N,2,0,1,2,A,-,03,38305,,N,C,J,A,A,H,-,A,D,0,,Y,,,Y,,L,04,1,0,0,0,0,0,1,0,0,"- ","- ",,,"SAN BERNARDINO",BARSTOW,-116.99356407000001,34.876415020000003
7105991,2015,2015-11-03,3600,2015-10-05,2024,D8559,HE321,1,5,5,3619,0,0,0,,0,HE1,"EL CENTRO ST","HEMLOCK AV",0.00,,Y,A,-,N,,,,,,,,,,Y,2,0,3,3,A,-,03,22350,,N,A,G,A,B,H,-,C,D,0,,Y,Y,,Y,,L,04,3,0,0,0,0,0,2,0,1,"- ","- ",,,"SAN BERNARDINO",HESPERIA,-117.34507008999999,34.390440060000003
7107083,2015,2015-10-28,3600,2015-09-24,1800,E7439,,4,5,5,3619,0,0,0,,0,HE1,"KERN AV","KERN AV 10612",0.00,,N,A,-,N,,,,,,,,,,N,4,0,1,2,A,-,21,22106,,M,G,B,E,A,H,-,A,D,0,Y,,,,Y,,A,07,0,0,1,0,1,0,0,0,0,"- ","- ",,,"SAN BERNARDINO",HESPERIA,-117.3354882,34.443425589999997
7108142,2015,2015-11-05,3610,2015-09-29,1720,50976,,2,5,6,3610,0,0,0,,0,,"W HAZEL AV","I ST",52.00,W,N,A,-,N,,,,,,,,,,Y,4,0,1,3,A,-,08,22107,,N,B,E,E,A,H,-,A,D,0,Y,,,,Y,,A,01,0,0,1,0,1,0,0,0,0,"- ","- ",34.086849999999998,-117.30316999999999,"SAN BERNARDINO","SAN BERNARDINO",-117.30331122,34.087130760000001
7108280,2015,2015-11-04,3610,2015-09-18,1551,50608,,5,5,6,3610,0,0,0,,0,POLICE,"N SEPULVEDA AV","E 15TH ST",345.00,S,N,A,-,N,,,,,,,,,,N,3,0,1,2,A,-,11,21956,,N,G,B,D,A,H,-,A,D,0,Y,,,,Y,,N,60,0,1,0,0,1,0,0,0,0,"- ","- ",34.12621,-117.28224,"SAN BERNARDINO","SAN BERNARDINO",-117.28262497,34.126214879999999
7108288,2015,2015-11-04,3610,2015-09-17,1318,50732,,4,5,6,3610,0,0,0,,0,,"NORTH SIERRA WY","13TH ST",161.00,S,N,A,-,N,,,,,,,,,,N,3,0,1,2,A,-,05,21650,1,N,A,G,A,A,H,-,A,A,0,,Y,,,Y,,L,04,0,1,0,0,0,0,1,0,0,"- ","- ",,,"SAN BERNARDINO","SAN BERNARDINO",-117.28515779999999,34.122898939999999
7108319,2015,2015-11-03,3610,2015-09-21,0430,50789,,1,5,6,3610,0,0,0,,0,POLICE,"E 3RD ST","VICTORIA AV",200.00,E,N,A,-,N,,,,,,,,,,N,3,0,1,2,A,-,05,21202,A,F,C,G,A,A,D,-,D,D,0,,Y,,,Y,,L,04,0,1,0,0,0,0,1,0,0,"- ","- ",34.10727,-117.23399999999999,"SAN BERNARDINO","SAN BERNARDINO",-117.22553166,34.10674375