CASE_ID,ACCIDENT_YEAR,PROC_DATE,JURIS,COLLISION_DATE,COLLISION_TIME,OFFICER_ID,REPORTING_DISTRICT,DAY_OF_WEEK,CHP_SHIFT,POPULATION,CNTY_CITY_LOC,SPECIAL_COND,BEAT_TYPE,CHP_BEAT_TYPE,CITY_DIVISION_LAPD,CHP_BEAT_CLASS,BEAT_NUMBER,PRIMARY_RD,SECONDARY_RD,DISTANCE,DIRECTION,INTERSECTION,WEATHER_1,WEATHER_2,STATE_HWY_IND,CALTRANS_COUNTY,CALTRANS_DISTRICT,STATE_ROUTE,ROUTE_SUFFIX,POSTMILE_PREFIX,POSTMILE,LOCATION_TYPE,RAMP_INTERSECTION,SIDE_OF_HWY,TOW_AWAY,COLLISION_SEVERITY,NUMBER_KILLED,NUMBER_INJURED,PARTY_COUNT,PRIMARY_COLL_FACTOR,PCF_CODE_OF_VIOL,PCF_VIOL_CATEGORY,PCF_VIOLATION,PCF_VIOL_SUBSECTION,HIT_AND_RUN,TYPE_OF_COLLISION,MVIW,PED_ACTION,ROAD_SURFACE,ROAD_COND_1,ROAD_COND_2,LIGHTING,CONTROL_DEVICE,CHP_ROAD_TYPE,PEDESTRIAN_ACCIDENT,BICYCLE_ACCIDENT,MOTORCYCLE_ACCIDENT,TRUCK_ACCIDENT,NOT_PRIVATE_PROPERTY,ALCOHOL_INVOLVED,STWD_VEHTYPE_AT_FAULT,CHP_VEHTYPE_AT_FAULT,COUNT_SEVERE_INJ,COUNT_VISIBLE_INJ,COUNT_COMPLAINT_PAIN,COUNT_PED_KILLED,COUNT_PED_INJURED,COUNT_BICYCLIST_KILLED,COUNT_BICYCLIST_INJURED,COUNT_MC_KILLED,COUNT_MC_INJURED,PRIMARY_RAMP,SECONDARY_RAMP,LATITUDE,LONGITUDE,COUNTY,CITY,POINT_X,POINT_Y
8118960,2016,2016-09-13,3607,2016-08-26,1556,80410,258,5,5,6,3607,0,0,0,,0,071,"VINEYARD AV","BANYAN ST",200.00,N,N,A,-,N,,,,,,,,,,N,3,0,1,2,A,-,08,22107,,N,G,G,A,A,H,-,A,A,0,,Y,,,Y,,A,01,0,1,0,0,0,0,1,0,0,"- ","- ",,,"SAN BERNARDINO",ONTARIO,-117.611,34.02882812
8121982,2016,2016-09-19,3602,2016-09-01,1019,1127,,4,5,5,3602,0,0,0,,0,,"RIVERSIDE DR","ROBIN LN",480.00,E,N,A,-,N,,,,,,,,,,N,4,0,1,3,A,-,09,21801,A,N,E,B,F,A,D,E,A,A,0,Y,,,,Y,,A,07,0,0,1,0,1,0,0,0,0,"- ","- ",,,"SAN BERNARDINO",CHINO,-117.65987014,34.019266889999997
8122120,2016,2016-09-14,3607,2016-08-19,2023,80465,21,5,5,6,3607,0,0,0,,0,011,"MOUNTAIN AV","HAWTHORNE ST",0.00,,Y,A,-,N,,,,,,,,,,N,4,0,2,3,A,-,10,21950,A,M,G,B,B,A,H,-,B,A,0,Y,,,,Y,,-,,0,0,2,0,2,0,0,0,0,"- ","- ",,,"SAN BERNARDINO",ONTARIO,-117.67014009,34.083320049999998
8122289,2016,2016-09-14,3611,2016-07-10,1115,2488,3611,7,5,5,3611,0,0,0,,0,002,"ARROW RTE","CENTRAL AV",108.00,W,N,A,-,N,,,,,,,,,,N,3,0,1,2,A,-,03,22350,,N,C,C,A,A,H,-,A,D,0,,Y,,,Y,,L,04,0,1,0,0,0,0,1,0,0,"- ","- ",,,"SAN BERNARDINO",UPLAND,-117.69001582,34.09957
8125238,2016,2016-09-23,3610,2016-08-07,1321,50481,,7,5,6,3610,0,0,0,,0,POLICE,"E 5TH ST","NORTH SIERRA WY",0.00,,Y,A,-,N,,,,,,,,,,N,3,0,1,2,A,-,12,21453,A,N,D,G,A,A,H,-,A,A,0,,Y,,,Y,,L,04,0,1,0,0,0,0,1,0,0,"- ","- ",34.108350000000002,-117.28514,"SAN BERNARDINO","SAN BERNARDINO",-117.28514011999999,34.108310119999999
8125317,2016,2016-11-03,3610,2016-08-13,1100,50827,3,6,5,6,3610,0,0,0,,0,POLICE,"E 21ST ST","N KENWOOD AV",0.00,,Y,A,-,N,,,,,,,,,,N,2,0,1,2,A,-,12,22450,A,F,G,G,A,A,A,H,A,A,0,,Y,,,Y,,A,07,1,0,0,0,0,0,1,0,0,"- ","- ",34.157730000000001,-117.25688,"SAN BERNARDINO","SAN BERNARDINO",-117.27649011,34.134060030000001
8125358,2016,2016-09-26,3610,2016-08-14,0802,50852,,7,5,6,3610,0,0,0,,0,POLICE,"E CENTRAL AV","VALLEY VIEW AV",10.00,E,N,A,-,N,,,,,,,,,,Y,3,0,2,2,A,-,12,21453,A,N,G,G,A,A,H,-,A,A,0,,Y,,,Y,,L,04,0,1,1,0,0,0,1,0,0,"- ","- ",34.085929999999998,-117.27146,"SAN BERNARDINO","SAN BERNARDINO",-117.27152708,34.085899699999999
8125593,2016,2017-02-22,3607,2016-09-19,1632,80496,232,1,5,6,3607,0,0,0,,0,062,"SPRUCE ST","EUCLID AV",10.00,E,N,A,-,Y,SBD,8,83,-,-,7.502,I,6,N,N,4,0,1,2,A,-,05,21650,1,N,B,G,A,A,H,-,A,A,0,,Y,,,Y,,L,04,0,0,1,0,0,0,1,0,0,"- ","- ",,,"SAN BERNARDINO",ONTARIO,-117.65072652000001,34.035077090000001
8128937,2016,2016-09-26,3609,2016-08-30,1522,8510,137,2,5,5,3609,0,0,0,,0,004,"RIALTO AV","LILAC AV",7.00,E,N,A,-,N,,,,,,,,,,N,3,0,1,2,A,-,05,21650,,N,D,G,A,A,H,-,A,A,0,,Y,,,Y,,L,04,0,1,0,0,0,0,1,0,0,"- ","- ",,,"SAN BERNARDINO",RIALTO,-117.37905694,34.099519999999998
8130128,2016,2016-09-27,3600,2016-08-23,1341,D6180,HE118,2,5,5,3619,0,0,0,,0,HE1,"MAIN ST","PYRITE AV",171.00,W,N,A,-,N,,,,,,,,,,N,3,0,1,1,A,-,08,22107,,N,F,J,A,A,H,-,A,A,0,,Y,,,Y,,L,04,0,1,0,0,0,0,1,0,0,"- ","- ",,,"SAN BERNARDINO",HESPERIA,-117.36280537,34.426699999999997
8130895,2016,2016-09-28,3610,2016-08-11,2105,50756,,4,5,6,3610,0,0,0,,0,DAVID,"NORTH WATERMAN AV","E 2ND ST",0.00,,Y,A,-,N,,,,,,,,,,N,2,0,1,2,A,-,11,21456,B,N,G,B,B,A,H,-,C,A,0,Y,,,,Y,Y,N,60,1,0,0,0,1,0,0,0,0,"- ","- ",,,"SAN BERNARDINO","SAN BERNARDINO",-117.27876001,34.102710010000003
8130916,2016,2016-09-28,3610,2016-08-27,2258,50985,,6,5,6,3610,0,0,0,,0,BAKER,"W 30TH ST","N E ST",0.00,,Y,-,-,N,,,,,,,,,,Y,3,0,1,2,A,-,11,21456,B,N,G,B,B,A,H,-,C,A,0,Y,,,,Y,,N,60,0,1,0,0,1,0,0,0,0,"- ","- ",34.146180000000001,-117.29409,"SAN BERNARDINO","SAN BERNARDINO",-117.29410006000001,34.146230019999997
8130920,2016,2016-09-28,3610,2016-08-29,2500,50912,,1,5,6,3610,0,0,0,,0,CHARLI,"N STERLING AV","E CITRUS ST",0.00,,Y,A,-,N,,,,,,,,,,N,3,0,1,2,D,-,00,,,F,H,G,A,A,H,-,A,D,0,,Y,,,Y,,-,"- ",0,1,0,0,0,0,1,0,0,"- ","- ",34.047130000000003,-117.26117000000001,"SAN BERNARDINO","SAN BERNARDINO",-117.24369013,34.143990090000003
8132675,2016,2017-01-03,3604,2016-10-27,0645,683,,4,5,6,3604,0,0,0,,0,,CYPRESS,IRIS,0.00,,Y,B,-,N,,,,,,,,,,N,4,0,1,2,A,-,12,22450,A,F,G,B,-,A,H,-,A,A,0,Y,,,,Y,,D,22,0,0,1,0,1,0,0,0,0,"- ","- ",,,"SAN BERNARDINO",FONTANA,-117.44438012000001,34.072540099999998
8134332,2016,2016-10-04,3600,2016-09-11,2023,D8618,RC055,7,5,6,3616,0,0,0,,0,,"FOOTHILL BL","VINEYARD AV",0.00,,Y,A,-,N,,,,,,,,,,N,4,0,1,2,A,-,03,22350,,N,D,B,B,A,H,-,C,A,0,Y,,,,Y,,A,01,0,0,1,0,1,0,0,0,0,"- ","- ",,,"SAN BERNARDINO","RANCHO CUCAMONGA",-117.61107011,34.106740070000001
8134564,2016,2016-10-04,3600,2016-09-06,1006,D6180,HE105,2,5,5,3619,0,0,0,,0,HE1,"BEAR VALLEY RD","HESPERIA RD",18.00,E,N,A,-,N,,,,,,,,,,N,3,0,1,2,A,-,11,21451,C,N,A,B,B,A,H,-,A,A,0,Y,,,,Y,,N,60,0,1,0,0,1,0,0,0,0,"- ","- ",,,"SAN BERNARDINO",HESPERIA,-117.29191047,34.470920919999998
8136244,2016,2016-10-06,3609,2016-09-14,0656,1041,104,3,5,5,3609,0,0,0,,0,001,"BASELINE RD","LINDEN AV",0.00,,Y,A,-,N,,,,,,,,,,N,4,0,1,2,A,-,12,21453,A,F,G,B,B,A,H,-,A,A,0,Y,,,,Y,,A,01,0,0,1,0,1,0,0,0,0,"- ","- ",34.120899999999999,-117.3999,"SAN BERNARDINO",RIALTO,-117.62241005,34.121570040000002
8138365,2016,2016-10-12,3605,2016-09-21,0823,317,,3,5,4,3605,0,0,0,,0,,"RAMONA AV","ORCHARD ST",0.00,,Y,A,-,N,,,,,,,,,,Y,3,0,1,2,A,-,12,22450,A,N,D,G,A,A,H,-,A,A,0,,Y,,,Y,,A,08,0,1,0,0,0,0,1,0,0,"- ","- ",,,"SAN BERNARDINO",MONTCLAIR,-117.70702000999999,34.070480080000003
81398290,2020,2021-01-29,3607,2020-12-18,1742,19890,30,5,5,6,3607,0,0,0,,0,031,"GROVE AV","FIFTH ST (N)",400.00,N,N,A,-,N,,,,,,,,,,N,3,0,1,2,A,-,11,21954,A,N,G,B,D,A,H,-,C,D,0,Y,,,,Y,,N,60,0,1,0,0,1,0,0,0,0,"- ","- ",,,"SAN BERNARDINO",ONTARIO,-117.62857055664062,34.082355499267578
81401298,2021,2021-02-03,3607,2021-01-18,1245,80474,56,1,5,6,3607,0,0,0,,0,011,"I ST","MOUNTAIN AV",100.00,E,N,A,-,N,,,,,,,,,,N,4,0,1,2,A,-,09,21804,A,M,D,G,A,A,H,-,A,A,0,,Y,,,Y,,L,04,0,0,1,0,0,0,1,0,0,"- ","- ",,,"SAN BERNARDINO",ONTARIO,-117.66976165771484,34.074203491210938
81404841,2021,2021-02-09,3607,2021-01-25,2023,20388,285,1,5,6,3607,0,0,0,,0,072,"LYTLE CREEK LP","MILL CREEK RD",0.00,,Y,B,-,N,,,,,,,,,,N,4,0,1,2,A,-,10,21950,A,N,G,B,B,B,H,-,C,A,0,Y,,,,Y,,D,22,0,0,1,0,1,0,0,0,0,"- ","- ",,,"SAN BERNARDINO",ONTARIO,-117.56812286376953,34.02178955078125
8140683,2016,2016-10-10,3611,2016-08-12,1722,2963,3611,5,5,5,3611,0,0,0,,0,001,"16TH ST","MAYWOOD AV",0.00,,Y,A,-,N,,,,,,,,,,N,3,0,1,2,A,-,08,22107,,N,D,G,A,A,H,-,A,D,0,,Y,,,Y,,A,01,0,1,0,0,0,0,1,0,0,"- ","- ",,,"SAN BERNARDINO",UPLAND,-117.67474013,34.121540109999998
81414854,2020,2021-02-25,3607,2020-12-27,2243,19890,136,7,5,6,3607,0,0,0,,0,032,"HOLT BL","CORONA AV",1260.00,W,N,B,-,N,,,,,,,,,,Y,2,0,1,2,A,-,11,21954,A,N,G,B,D,A,H,-,C,D,0,Y,,,,Y,,N,60,1,0,0,0,1,0,0,0,0,"- ","- ",,,"SAN BERNARDINO",ONTARIO,-117.61756896972656,34.063461303710938
81420355,2021,2021-03-04,3607,2021-02-20,2058,20039,147,6,5,6,3607,0,0,0,,0,012,"HOLT BL","MOUNTAIN AV",640.00,W,N,A,-,N,,,,,,,,,,Y,2,0,1,2,A,-,01,23152,A,F,C,G,A,A,H,-,C,A,0,,Y,,,Y,Y,A,01,1,0,0,0,0,0,1,0,0,"- ","- ",,,"SAN BERNARDINO",ONTARIO,-117.67214965820312,34.063301086425781
8142457,2016,2016-10-27,3600,2016-07-22,0752,E6896,HI025,5,5,4,3618,0,0,0,,0,3600,"GREENSPOT RD","GOLD BUCKLE ST",0.00,,Y,A,-,N,,,,,,,,,,N,3,0,1,2,A,-,09,21801,A,N,D,G,A,A,H,-,A,D,0,,Y,,,Y,,A,07,0,1,0,0,0,0,1,0,0,"- ","- ",,,"SAN BERNARDINO",HIGHLAND,-117.16464009000001,34.109860089999998
81430634,2021,2021-03-19,3607,2021-03-01,1115,20388,290,1,5,6,3607,0,0,0,,0,072,"RIVERSIDE DR","COLONIAL AV",369.00,E,N,A,-,N,,,,,,,,,,N,3,0,1,2,A,-,05,21650,,F,D,G,A,A,H,-,A,D,0,,Y,,,Y,,L,04,0,1,0,0,0,0,1,0,0,"- ","- ",,,"SAN BERNARDINO",ONTARIO,-117.59574890136719,34.019149780273438
81433795,2021,2021-03-24,3607,2021-03-16,2202,19810,128,2,5,6,3607,0,0,0,,0,022,"D ST","SULTANA AV",50.00,E,N,A,-,N,,,,,,,,,,N,3,0,1,2,A,-,03,22350,,F,G,B,D,A,H,-,C,A,0,Y,,,,Y,,A,01,0,1,0,0,1,0,0,0,0,"- ","- ",,,"SAN BERNARDINO",ONTARIO,-117.64589691162109,34.066989898681641
81437548,2021,2021-03-29,3607,2021-03-23,1527,20349,12,2,5,6,3607,0,0,0,,0,021,"SIXTH ST","CAMPUS AV",6.00,W,N,A,-,N,,,,,,,,,,N,3,0,1,2,A,-,05,21650,1,N,D,G,A,A,H,-,A,A,0,,Y,,,Y,,L,04,0,1,0,0,0,0,1,0,0,"- ","- ",,,"SAN BERNARDINO",ONTARIO,-117.64142608642578,34.085208892822266
81441441,2021,2021-04-02,3607,2021-03-05,1526,20498,155,5,5,6,3607,0,0,0,,0,051,"SAN ANTONIO AV","STATE ST",0.00,,Y,A,-,N,,,,,,,,,,N,3,0,1,2,A,-,09,21453,C,F,G,B,B,A,H,-,A,A,0,Y,,,,Y,Y,-,"- ",0,1,0,0,1,0,0,0,0,"- ","- ",,,"SAN BERNARDINO",ONTARIO,-117.66059112548828,34.05999755859375
8145122,2016,2016-10-13,3604,2016-09-23,1703,302,,5,5,6,3604,0,0,0,,0,,SULTANA,"SCARLET OAK",85.00,S,N,A,-,N,,,,,,,,,,N,3,0,1,2,A,-,11,21954,A,N,G,B,E,A,H,-,A,D,0,Y,,,,Y,,N,60,0,1,0,0,1,0,0,0,0,"- ","- ",,,"SAN BERNARDINO",FONTANA,-117.46891862,34.119217089999999
81455683,2021,2021-04-22,3607,2021-04-17,2000,20211,19,6,5,6,3607,0,0,0,,0,031,"SIXTH ST","CORONA AV (E)",100.00,E,N,A,-,N,,,,,,,,,,N,2,0,1,2,A,-,11,21954,A,N,G,B,E,A,H,-,C,D,0,Y,,,,Y,,N,60,1,0,0,0,1,0,0,0,0,"- ","- ",,,"SAN BERNARDINO",ONTARIO,-117.61563873291016,34.08489990234375
8145650,2016,2016-10-14,3605,2016-10-04,0743,154,,2,5,4,3605,0,0,0,,0,,"ORCHARD ST","TUDOR AV",9.00,W,N,A,-,N,,,,,,,,,,N,2,0,1,2,A,-,10,21950,A,N,G,B,B,A,H,-,A,D,0,Y,,,,Y,,A,01,1,0,0,0,1,0,0,0,0,"- ","- ",,,"SAN BERNARDINO",MONTCLAIR,-117.70045964000001,34.070390000000003
81463746,2021,2021-05-03,3607,2021-03-24,0708,20497,60,3,5,6,3607,0,0,0,,0,011,"EUCLID AV","FOURTH ST",0.00,,Y,A,-,Y,,,,,,,,,,N,4,0,1,2,A,-,12,21453,A,N,D,G,A,A,H,-,A,A,0,,Y,,,Y,,-,"- ",0,0,1,0,0,0,1,0,0,"- ","- ",,,"SAN BERNARDINO",ONTARIO,-117.65125274658203,34.077907562255859
8146475,2016,2016-11-29,3600,2016-08-29,1726,E8923,HI003,1,5,4,3618,0,0,0,,0,HI1,"BASELINE ST","ELM ST",50.00,W,N,A,-,N,,,,,,,,,,N,3,0,1,2,A,-,05,21650,,N,A,G,A,A,H,-,A,D,0,,Y,,,Y,,A,07,0,1,0,0,0,0,1,0,0,"- ","- ",,,"SAN BERNARDINO",HIGHLAND,-117.24622469000001,34.121310000000001
8147135,2016,2016-10-17,3608,2016-10-01,1652,3372,,6,5,5,3608,0,0,0,,0,,"CHAPEL ST","E COLTON AV",69.00,S,N,A,-,N,,,,,,,,,,N,4,0,2,4,A,-,08,22107,,N,C,E,D,A,H,-,A,D,0,Y,,,,Y,,A,07,0,0,2,0,2,0,0,0,0,"- ","- ",,,"SAN BERNARDINO",REDLANDS,-117.16840999999999,34.062631000000003
8148110,2016,2016-10-19,3609,2016-09-28,0641,2493,161,3,5,5,3609,0,0,0,,0,004,"RIVERSIDE AV","MERRILL AV",0.00,,Y,A,-,N,,,,,,,,,,N,4,0,1,2,A,-,05,21650,1,N,-,G,A,A,H,-,A,A,0,,Y,,,Y,,L,04,0,0,1,0,0,0,1,0,0,"- ","- ",,,"SAN BERNARDINO",RIALTO,-117.37035001,34.092289999999998
81482630,2021,2021-05-27,3607,2021-05-05,0747,20304,284,3,5,6,3607,0,0,0,,0,072,"LYTLE CREEK LP","STONE CREEK WAY",0.00,E,Y,A,-,N,,,,,,,,,,N,4,0,1,2,A,-,09,21804,A,N,D,G,A,A,H,-,A,D,0,,Y,,,Y,,L,04,0,0,1,0,0,0,1,0,0,"- ","- ",,,"SAN BERNARDINO",ONTARIO,-117.56674194335938,34.024311065673828
81490240,2021,2021-06-07,3607,2021-04-15,1830,20315,131,4,5,6,3607,0,0,0,,0,032,"HOLT BL","GROVE AV",700.00,E,N,A,-,N,,,,,,,,,,Y,3,0,1,2,A,-,11,21954,A,N,G,B,D,A,H,-,A,D,0,Y,,,,Y,Y,N,60,0,1,0,0,1,0,0,0,0,"- ","- ",,,"SAN BERNARDINO",ONTARIO,-117.62619781494141,34.063438415527344
8149748,2016,2016-10-24,3600,2016-09-30,1544,A4209,HE417,5,5,5,3619,0,0,0,,0,HE4,"I AV","DUNKIRK ST",0.00,S,N,A,-,N,,,,,,,,,,N,3,0,1,2,A,-,08,22103,,N,-,C,A,A,H,-,A,-,0,,Y,,,Y,,L,04,0,1,0,0,0,0,1,0,0,"- ","- ",,,"SAN BERNARDINO",HESPERIA,-117.27579009,34.385480010000002
8150358,2016,2016-10-24,3610,2016-09-04,2046,50808,,7,5,6,3610,0,0,0,,0,POLICE,"E BASELINE ST","WATERMAN AV",2458.00,W,N,A,-,N,,,,,,,,,,N,2,0,1,2,A,-,11,21954,A,F,G,B,D,A,H,-,C,D,0,Y,,,,Y,Y,N,60,1,0,0,0,1,0,0,0,0,"- ","- ",,,"SAN BERNARDINO","SAN BERNARDINO",-117.28515,34.121340000000004
8150363,2016,2016-12-22,3610,2016-09-12,1815,50937,,1,5,6,3610,0,0,0,,0,POLICE,"EAST HIGHLAND AV","N EUCALYPTUS",24.00,W,N,A,-,N,,,,,,,,,,N,3,0,1,2,A,-,11,21954,A,N,B,B,D,-,H,-,-,A,0,Y,,,,Y,,N,60,0,1,0,0,1,0,0,0,0,"- ","- ",34.135840000000002,-117.23202999999999,"SAN BERNARDINO","SAN BERNARDINO",-117.23211904,34.13581172
8150379,2016,2016-10-26,3610,2016-09-10,2500,50994,,6,5,6,3610,0,0,0,,0,POLICE,"7TH ST","GARDENA AV",0.00,,Y,A,-,N,,,,,,,,,,N,4,0,1,2,A,-,09,21803,A,N,A,G,A,A,H,-,A,D,0,,Y,,,Y,,L,04,0,0,1,0,0,0,1,0,0,"- ","- ",34.112050000000004,-117.32604000000001,"SAN BERNARDINO","SAN BERNARDINO",-117.3260401,34.112050009999997
8151101,2016,2016-12-13,3607,2016-10-05,0933,80555,171,3,5,6,3607,0,0,0,,0,041,"E JURUPA ST","SOUTH DUPONT AV",0.00,,Y,A,-,N,,,,,,,,,,N,2,0,1,2,D,-,00,,,F,G,B,D,A,H,-,A,D,0,Y,,,,Y,,-,"- ",1,0,0,0,1,0,0,0,0,"- ","- ",,,"SAN BERNARDINO",ONTARIO,-117.56246004,34.048110039999997
8151605,2016,2016-10-27,3600,2016-09-15,1837,E3900,VC017,4,5,5,3612,0,0,0,,0,002,"17TH ST","CIRCLE DR",0.00,,Y,A,-,N,,,,,,,,,,N,3,0,1,2,A,-,11,21950,B,N,G,B,D,A,H,-,A,-,0,Y,,,,Y,,N,60,0,1,0,0,1,0,0,0,0,"- ","- ",,,"SAN BERNARDINO",VICTORVILLE,-117.30442822000001,34.524527409999997
8151928,2016,2017-02-23,3600,2016-09-24,2141,D4324,AP023,6,5,5,3621,0,0,0,,0,AP1,"RT 18","BASS HILL RD",537.00,W,N,A,-,Y,SBD,8,18,-,-,91.330,H,-,S,N,3,0,1,2,A,-,02,21654,A,N,-,B,D,-,H,-,D,D,0,Y,,,,Y,Y,N,60,0,1,0,0,1,0,0,0,0,"- ","- ",,,"SAN BERNARDINO","APPLE VALLEY",-117.22241871,34.527336040000002
81540933,2021,2021-08-10,3607,2021-07-26,2137,80549,104,1,5,6,3607,0,0,0,,0,021,"EUCLID AV","D ST",0.00,,Y,A,-,Y,,,,,,,,,,N,4,0,1,2,A,-,10,21950,A,F,G,B,B,A,H,-,C,A,0,Y,,,,Y,,A,01,0,0,1,0,1,0,0,0,0,"- ","- ",,,"SAN BERNARDINO",ONTARIO,-117.65120697021484,34.066989898681641
81546454,2021,2021-08-17,3607,2021-08-15,1953,20498,103,7,5,6,3607,0,0,0,,0,012,"G ST","PALM AV",0.00,,Y,A,-,N,,,,,,,,,,Y,3,0,1,2,A,-,10,21950,A,F,G,B,D,A,H,-,B,A,0,Y,,,,Y,,-,"- ",0,1,0,0,1,0,0,0,0,"- ","- ",,,"SAN BERNARDINO",ONTARIO,-117.65357208251953,34.070606231689453
81561955,2021,2021-09-03,3607,2021-08-27,2004,80508,129,5,5,6,3607,0,0,0,,0,022,"MIRAMONTE AV","ELMA ST",30.00,N,N,A,-,N,,,,,,,,,,N,4,0,1,2,A,-,21,22106,,N,G,B,E,A,H,-,C,D,0,Y,,,,Y,,A,01,0,0,1,0,1,0,0,0,0,"- ","- ",,,"SAN BERNARDINO",ONTARIO,,
8157929,2016,2016-11-03,3600,2016-09-03,2014,E7962,LL008,6,5,3,3615,0,0,0,,0,LL1,"BARTON RD","CAMPUS AV",187.00,E,N,A,-,N,,,,,,,,,,N,4,0,1,2,A,-,11,21954,A,N,G,B,E,A,H,-,C,A,0,Y,,,,Y,,N,60,0,0,1,0,1,0,0,0,0,"- ","- ",,,"SAN BERNARDINO","LOMA LINDA",-117.26506659,34.048289660000002
81579490,2021,2021-09-27,3607,2021-08-19,1524,19890,149,4,5,6,3607,0,0,0,,0,012,"HOLT BL","BONITA CT",10.00,E,N,A,-,N,,,,,,,,,,N,2,0,1,2,A,-,10,21950,A,N,G,B,B,A,H,-,A,A,0,Y,,,,Y,,A,01,1,0,0,0,1,0,0,0,0,"- ","- ",,,"SAN BERNARDINO",ONTARIO,-117.65767669677734,34.063339233398438
81586333,2021,2021-10-04,3607,2021-09-21,0754,80206,205,2,5,6,3607,0,0,0,,0,061,"CAMPUS AV","FRANCIS ST",10.00,S,N,A,-,N,,,,,,,,,,N,3,0,1,2,A,-,05,21650,1,N,D,G,A,A,H,-,A,A,0,,Y,,,Y,,L,04,0,1,0,0,0,0,1,0,0,"- ","- ",,,"SAN BERNARDINO",ONTARIO,-117.64157104492188,34.041110992431641
81586470,2021,2021-10-04,3609,2021-08-16,1600,01944,127,1,5,5,3609,0,0,0,,0,002,"RIVERSIDE AVE","FOOTHILL BLVD (E)",195.00,N,N,A,-,N,,,,,,,,,,N,4,0,1,2,A,-,11,21954,A,N,G,B,D,A,H,-,A,D,0,Y,,,,Y,,N,60,0,0,1,0,1,0,0,0,0,"- ","- ",34.106788635253906,-117.37037658691406,"SAN BERNARDINO",RIALTO,-117.37036895751953,34.107295989990234
81588958,2021,2021-10-06,3607,2021-09-20,0540,20521,153,1,5,6,3607,0,0,0,,0,051,"HOLT BL","BENSON AV",1000.00,E,N,A,-,N,,,,,,,,,,N,3,0,1,2,A,-,07,21658,A,F,G,B,E,A,H,-,C,D,0,Y,,,,Y,,-,99,0,1,0,0,1,0,0,0,0,"- ","- ",,,"SAN BERNARDINO",ONTARIO,-117.67752838134766,34.063289642333984
81602066,2021,2021-10-21,3609,2021-09-30,0805,02336,102,4,5,5,3609,0,0,0,,0,002,"BASELINE RD","EUCALYPTUS AVE",0.00,,Y,A,-,N,,,,,,,,,,N,4,0,1,2,A,-,09,21801,A,N,H,G,A,A,H,-,A,A,0,,Y,,,Y,,A,01,0,0,1,0,0,0,1,0,0,"- ","- ",34.121349334716797,-117.35735321044922,"SAN BERNARDINO",RIALTO,-117.35733032226562,34.121368408203125
8160263,2016,2016-11-08,3607,2016-10-21,1729,80496,162,5,5,6,3607,0,0,0,,0,061,"PARK ST","SULTANA AV",50.00,E,N,A,-,N,,,,,,,,,,N,4,0,1,2,A,-,09,21803,A,N,D,G,A,A,H,-,A,A,0,,Y,,,Y,,L,04,0,0,1,0,0,0,1,0,0,"- ","- ",,,"SAN BERNARDINO",ONTARIO,-117.64585536,34.058970739999999
8161303,2016,2016-11-14,3610,2016-10-08,1630,50925,,6,5,6,3610,0,0,0,,0,DAVID,"WEST 6TH ST","NORTH H ST",125.00,E,N,A,-,N,,,,,,,,,,N,3,0,1,2,A,-,11,21954,A,N,G,B,D,A,H,-,A,D,0,Y,,,,Y,,N,60,0,1,0,0,1,0,0,0,0,"- ","- ",34.110190000000003,-117.3009,"SAN BERNARDINO","SAN BERNARDINO",-117.30046839000001,34.110183020000001
8161409,2016,2016-11-09,3610,2016-10-27,1411,50481,,4,5,6,3610,0,0,0,,0,POLICE,"S TIPPECANOE AV","HARRY SHEPARD",525.00,S,N,B,-,N,,,,,,,,,,N,4,0,1,2,A,-,09,21804,,N,D,G,A,A,H,-,A,D,0,,Y,,,Y,,A,01,0,0,1,0,0,0,1,0,0,"- ","- ",34.097810000000003,-117.25959,"SAN BERNARDINO","SAN BERNARDINO",-117.25973,34.096641900000002
81621231,2021,2021-11-10,3607,2021-10-15,1850,20498,120,5,5,6,3607,0,0,0,,0,012,"HOLT BL","BENSON AV",200.00,E,N,A,-,N,,,,,,,,,,N,2,0,1,2,A,-,11,21954,A,N,G,B,D,A,H,-,D,A,0,Y,,,,Y,Y,N,60,1,0,0,0,1,0,0,0,0,"- ","- ",,,"SAN BERNARDINO",ONTARIO,-117.68016052246094,34.063278198242188
81623846,2021,2021-11-15,3602,2021-10-26,1041,3051,,2,5,5,3602,0,0,0,,0,003,"EUCLID AVENUE (17700 BLOCK)","NORTHBOUND HWY 71 EXIT LANE FOR SOUTHBOUND EUCLID",170.00,N,N,A,-,Y,,,,,,,,,,N,3,0,1,2,A,-,07,21658,A,N,B,G,A,A,H,-,A,D,0,,Y,,,Y,,A,01,0,1,0,0,0,0,1,0,0,"- ","- ",33.931869506835938,-117.65769195556641,"SAN BERNARDINO",CHINO,-117.65789794921875,33.931854248046875
81626747,2021,2021-11-17,3607,2021-11-14,0040,80483,332,7,5,6,3607,0,0,0,,0,041,"MERCEDES LN","INLAND EMPIRE BL",500.00,N,N,A,-,N,,,,,,,,,,N,3,0,1,2,A,-,11,21954,A,M,G,B,E,A,H,-,C,A,0,Y,,,,Y,Y,N,60,0,1,0,0,1,0,0,0,0,"- ","- ",,,"SAN BERNARDINO",ONTARIO,-117.5703125,34.070854187011719
81633817,2021,2021-11-24,3609,2021-10-14,2215,02373,126,4,5,5,3609,0,0,0,,0,004,"FOOTHILL BLVD","ORANGE AVE",0.00,,Y,A,-,Y,,,,,,,,,,Y,2,0,1,2,A,-,11,21955,,N,G,B,D,A,H,-,C,A,0,Y,,,,Y,,N,60,1,0,0,0,1,0,0,0,0,"- ","- ",34.106899261474609,-117.37162780761719,"SAN BERNARDINO",RIALTO,-117.37178802490234,34.106758117675781