CASE_ID,ACCIDENT_YEAR,PROC_DATE,JURIS,COLLISION_DATE,COLLISION_TIME,OFFICER_ID,REPORTING_DISTRICT,DAY_OF_WEEK,CHP_SHIFT,POPULATION,CNTY_CITY_LOC,SPECIAL_COND,BEAT_TYPE,CHP_BEAT_TYPE,CITY_DIVISION_LAPD,CHP_BEAT_CLASS,BEAT_NUMBER,PRIMARY_RD,SECONDARY_RD,DISTANCE,DIRECTION,INTERSECTION,WEATHER_1,WEATHER_2,STATE_HWY_IND,CALTRANS_COUNTY,CALTRANS_DISTRICT,STATE_ROUTE,ROUTE_SUFFIX,POSTMILE_PREFIX,POSTMILE,LOCATION_TYPE,RAMP_INTERSECTION,SIDE_OF_HWY,TOW_AWAY,COLLISION_SEVERITY,NUMBER_KILLED,NUMBER_INJURED,PARTY_COUNT,PRIMARY_COLL_FACTOR,PCF_CODE_OF_VIOL,PCF_VIOL_CATEGORY,PCF_VIOLATION,PCF_VIOL_SUBSECTION,HIT_AND_RUN,TYPE_OF_COLLISION,MVIW,PED_ACTION,ROAD_SURFACE,ROAD_COND_1,ROAD_COND_2,LIGHTING,CONTROL_DEVICE,CHP_ROAD_TYPE,PEDESTRIAN_ACCIDENT,BICYCLE_ACCIDENT,MOTORCYCLE_ACCIDENT,TRUCK_ACCIDENT,NOT_PRIVATE_PROPERTY,ALCOHOL_INVOLVED,STWD_VEHTYPE_AT_FAULT,CHP_VEHTYPE_AT_FAULT,COUNT_SEVERE_INJ,COUNT_VISIBLE_INJ,COUNT_COMPLAINT_PAIN,COUNT_PED_KILLED,COUNT_PED_INJURED,COUNT_BICYCLIST_KILLED,COUNT_BICYCLIST_INJURED,COUNT_MC_KILLED,COUNT_MC_INJURED,PRIMARY_RAMP,SECONDARY_RAMP,LATITUDE,LONGITUDE,COUNTY,CITY,POINT_X,POINT_Y
8583029,2018,2018-03-27,3610,2018-03-12,1835,51135,,1,5,6,3610,0,0,0,,0,POLICE,"S PEPPER AV","RIALTO AV",2.00,S,N,A,-,N,,,,,,,,,,N,4,0,1,2,A,-,10,21950,A,F,G,B,B,A,H,-,B,A,0,Y,,,,Y,Y,-,,0,0,1,0,1,0,0,0,0,"- ","- ",34.091880798339844,-117.35250091552734,"SAN BERNARDINO","SAN BERNARDINO",-117.35289001464844,34.099525451660156
8583125,2018,2018-03-29,3600,2018-01-26,1901,C9392,RC081,5,5,6,3616,0,0,0,,0,RC3,"DAY CREEK BL","COYOTE DR",0.00,,Y,A,-,N,,,,,,,,,,N,3,0,1,2,A,-,12,22450,,N,G,B,B,A,H,-,C,A,0,Y,,,,Y,,A,01,0,1,0,0,1,0,0,0,0,"- ","- ",,,"SAN BERNARDINO","RANCHO CUCAMONGA",-117.53665161132812,34.154499053955078
8591059,2018,2018-04-10,3604,2018-03-13,0636,678,FONTA,2,5,6,3604,0,0,0,,0,,"FOOTHILL BL","LOCUST AV",0.00,,Y,A,-,N,,,,,,,,,,N,4,0,1,2,A,-,10,21950,A,N,G,B,B,A,H,-,C,A,0,Y,,,,Y,,A,01,0,0,1,0,1,0,0,0,0,"- ","- ",,,"SAN BERNARDINO",FONTANA,-117.40962982177734,34.106708526611328
8592051,2018,2018-04-13,3602,2018-02-13,0600,3060,,2,5,5,3602,0,0,0,,0,,"CENTRAL AV","COUNTRY FAIR",750.00,N,N,B,-,N,,,,,,,,,,N,3,0,1,2,A,-,10,21952,,N,G,B,F,A,H,-,C,D,0,Y,,,,Y,,A,01,0,1,0,0,1,0,0,0,0,"- ","- ",,,"SAN BERNARDINO",CHINO,-117.68943023681641,34.03753662109375
8594502,2018,2018-04-27,3605,2018-03-06,1449,318,,2,5,4,3605,0,0,0,,0,,"HOLT BL","MONTE VISTA AV",1501.00,E,N,A,-,N,,,,,,,,,,N,4,0,1,2,A,-,09,21804,A,N,D,G,A,A,H,-,A,D,0,,Y,,,Y,,D,22,0,0,1,0,0,0,1,0,0,"- ","- ",,,"SAN BERNARDINO",MONTCLAIR,-117.69334411621094,34.063255310058594
8595882,2018,2018-04-13,3602,2018-02-20,0732,3200,1,2,5,5,3602,0,0,0,,0,002,"PARK PL","12TH ST",0.00,,Y,A,-,N,,,,,,,,,,N,4,0,1,2,A,-,10,21950,A,N,G,B,B,A,H,-,A,B,0,Y,,,,Y,,A,01,0,0,1,0,1,0,0,0,0,"- ","- ",,,"SAN BERNARDINO",CHINO,-117.68427276611328,34.021110534667969
8596377,2018,2018-04-18,3600,2018-03-16,1027,D8569,H1017,5,5,4,3618,0,0,0,,0,H12,"PALM AV","FISHER ST",674.00,S,N,B,-,N,,,,,,,,,,N,2,0,1,2,A,-,03,22350,,N,G,B,E,A,H,-,A,D,0,Y,,,,Y,,-,,1,0,0,0,1,0,0,0,0,"- ","- ",,,"SAN BERNARDINO",HIGHLAND,-117.20874786376953,34.124355316162109
8596898,2017,2018-04-16,3600,2017-03-09,1413,S2984,YC309,4,5,4,3640,0,0,0,,0,YC1,"CALIMESA BL","AVENUE I",0.00,,Y,A,-,N,,,,,,,,,,Y,2,0,2,2,C,-,18,,,N,G,B,F,A,H,-,A,A,0,Y,,,,Y,,-,"- ",1,1,0,0,1,0,0,0,0,"- ","- ",,,"SAN BERNARDINO",YUCAIPA,-117.0645701,34.007650120000001
8598509,2018,2018-04-19,3600,2018-03-16,1945,D6034,HE129,5,5,5,3619,0,0,0,,0,005,"MAIN ST","8TH AV",0.00,,Y,A,-,N,,,,,,,,,,N,3,0,1,2,A,-,11,21956,A,N,G,B,D,A,H,-,C,D,0,Y,,,,Y,,N,60,0,1,0,0,1,0,0,0,0,"- ","- ",,,"SAN BERNARDINO",HESPERIA,-117.31803131103516,34.423969268798828
8599226,2018,2018-04-27,3610,2018-03-22,1845,51119,,4,5,6,3610,0,0,0,,0,,"W MILL ST",OHIO,20.00,W,N,A,-,N,,,,,,,,,,N,4,0,1,3,A,-,09,21801,A,N,G,B,A,B,H,-,C,D,0,,Y,,,Y,,D,23,0,0,1,0,0,0,1,0,0,"- ","- ",,,"SAN BERNARDINO","SAN BERNARDINO",-117.32504272460938,34.092189788818359
8599504,2017,2018-05-08,3611,2017-10-26,1548,3101,3611,4,5,5,3611,0,0,0,,0,004,"3RD AV","11TH ST",0.00,,Y,A,-,N,,,,,,,,,,N,4,0,1,2,A,-,10,21950,A,N,G,B,B,A,H,-,A,D,0,Y,,,,Y,,D,22,0,0,1,0,1,0,0,0,0,"- ","- ",,,"SAN BERNARDINO",UPLAND,-117.64710003,34.103380049999998
8599868,2018,2018-05-07,3611,2018-01-22,1130,3200,3611,1,5,5,3611,0,0,0,,0,001,"VALLEJO WY","17TH ST",15.00,N,N,A,-,N,,,,,,,,,,N,2,0,1,2,D,-,00,,,N,D,G,A,A,H,-,A,A,0,,Y,,,Y,,-,"- ",1,0,0,0,0,0,1,0,0,"- ","- ",,,"SAN BERNARDINO",UPLAND,-117.65959930419922,34.125202178955078
8599876,2018,2018-05-07,3611,2018-01-20,1632,2488,3611,6,5,5,3611,0,0,0,,0,002,"MOUNTAIN AV","11TH ST",0.00,,Y,A,-,N,,,,,,,,,,N,3,0,1,2,A,-,17,21451,A,N,G,B,-,A,H,-,A,A,0,Y,,,,Y,,A,01,0,1,0,0,1,0,0,0,0,"- ","- ",,,"SAN BERNARDINO",UPLAND,-117.67018890380859,34.103298187255859
8599880,2018,2018-05-07,3611,2018-01-18,1830,2297,3611,4,5,5,3611,0,0,0,,0,004,"9TH ST","11TH AV",600.00,E,N,A,-,N,,,,,,,,,,N,4,0,1,2,A,-,10,21952,,N,G,B,-,A,H,-,C,D,0,Y,,,,Y,,A,01,0,0,1,0,1,0,0,0,0,"- ","- ",,,"SAN BERNARDINO",UPLAND,-117.63477325439453,34.096111297607422
8602433,2018,2018-05-16,3600,2018-04-03,1621,S3887,VC010,2,5,5,3612,0,0,0,,0,001,"6TH ST","YUCCA ST",0.00,,Y,A,-,N,,,,,,,,,,N,3,0,1,2,A,-,12,22450,A,N,-,-,A,A,H,-,A,-,0,,Y,,,Y,,L,04,0,1,0,0,0,0,1,0,0,"- ","- ",,,"SAN BERNARDINO",VICTORVILLE,-117.29852294921875,34.532749176025391
8602515,2018,2018-05-22,3600,2018-03-27,1820,F5443,VC021,2,5,5,3612,0,0,0,,0,VC3,"HESPERIA RD","BEAR VALLEY RD",0.00,,N,A,-,N,,,,,,,,,,N,4,0,1,2,A,-,09,21804,,N,D,C,E,A,H,-,A,A,0,Y,,,,Y,,A,01,0,0,1,0,1,0,0,0,0,"- ","- ",,,"SAN BERNARDINO",VICTORVILLE,-117.29196929931641,34.470920562744141
8611890,2017,2018-04-25,3611,2017-10-09,0941,3176,3611,1,5,5,3611,0,0,0,,0,002,"EUCLID AV","D ST",0.00,,Y,A,-,N,,,,,,,,,,N,3,0,1,1,A,-,03,22350,,N,H,I,A,A,H,-,A,D,0,,Y,,,Y,,L,04,0,1,0,0,0,0,1,0,0,"- ","- ",,,"SAN BERNARDINO",UPLAND,-117.65131006,34.098460019999997
8612181,2018,2018-04-26,3600,2018-03-14,2310,F6907,VC016,3,5,5,3612,0,0,0,,0,VC2,"LA PAZ DR","LA PAZ PL",0.00,S,N,A,-,N,,,,,,,,,,N,3,0,1,2,A,-,11,21954,A,N,G,B,E,A,H,-,C,D,0,Y,,,,Y,,N,60,0,1,0,0,1,0,0,0,0,"- ","- ",,,"SAN BERNARDINO",VICTORVILLE,-117.31684112548828,34.5206298828125
8612628,2018,2018-04-27,3600,2018-04-10,1903,G8526,HE323,2,5,5,3619,0,0,0,,0,HE3,"RANCHERO RD","COTTONWOOD AV",0.00,,Y,A,-,N,,,,,,,,,,N,3,0,1,2,A,-,10,21950,A,N,G,B,D,A,H,-,A,A,0,Y,,,,Y,,A,01,0,1,0,0,1,0,0,0,0,"- ","- ",,,"SAN BERNARDINO",HESPERIA,-117.3380126953125,34.383270263671875
8613609,2018,2018-04-24,3610,2018-03-28,1954,51049,,3,5,6,3610,0,0,0,,0,,"WEST HIGHLAND AV","N DAVIDSON AV",0.00,,Y,A,-,N,,,,,,,,,,,3,0,2,2,A,-,11,21954,A,N,A,B,D,A,H,-,B,A,0,Y,,,,Y,,N,60,0,1,1,0,1,0,0,0,0,"- ","- ",34.136070251464844,-117.31021118164062,"SAN BERNARDINO","SAN BERNARDINO",-117.31020355224609,34.136058807373047
8613613,2018,2018-04-24,3610,2018-03-29,1945,50700,,4,5,6,3610,0,0,0,,0,,"NORTH WATERMAN AV","E 2ND ST",0.00,,Y,A,-,N,,,,,,,,,,N,4,0,1,2,A,-,11,21955,,N,G,B,D,A,H,-,C,A,0,Y,,,,Y,,N,60,0,0,1,0,1,0,0,0,0,"- ","- ",34.102718353271484,-117.27877807617188,"SAN BERNARDINO","SAN BERNARDINO",-117.27876281738281,34.102710723876953
8613629,2018,2018-04-30,3610,2018-03-26,1406,50469,,1,5,6,3610,0,0,0,,0,,"WATERMAN AV","COMMERCIAL RD",740.00,N,N,A,-,N,,,,,,,,,,Y,2,0,2,2,A,-,11,21956,,N,G,B,E,A,H,-,A,D,0,Y,,,,Y,,N,60,1,0,1,0,1,0,0,0,0,"- ","- ",,,"SAN BERNARDINO","SAN BERNARDINO",-117.27870178222656,34.057868957519531
8622255,2018,2018-05-31,3605,2018-05-02,1419,318,,3,5,4,3605,0,0,0,,0,,"HOLT BL","ROSE AV",193.00,E,N,B,-,N,,,,,,,,,,Y,3,0,3,3,A,-,08,22107,,N,C,C,E,A,H,-,A,D,0,Y,,,,Y,,A,08,0,1,2,0,1,0,0,0,0,"- ","- ",,,"SAN BERNARDINO",MONTCLAIR,-117.68710327148438,34.063301086425781
8622302,2018,2018-05-29,3600,2018-04-26,1530,D3560,HE305,4,5,5,3619,0,0,0,,0,HE3,"FUENTE AV","CEDAR ST",0.00,,-,A,-,N,,,,,,,,,,N,3,0,1,2,C,-,18,,,N,G,B,F,A,H,-,A,A,0,Y,,,,Y,,-,"- ",0,1,0,0,1,0,0,0,0,"- ","- ",,,"SAN BERNARDINO",HESPERIA,-117.36402893066406,34.404819488525391
8622451,2018,2019-01-04,3610,2018-04-08,0925,51139,,7,5,6,3610,0,0,0,,0,,"E 40TH ST","NORTH WATERMAN AV",0.00,,Y,A,-,N,,,,,,,,,,N,3,0,1,2,A,-,00,21801,1,N,H,G,A,A,H,-,A,A,0,,Y,,,Y,,A,01,0,1,0,0,0,0,1,0,0,"- ","- ",,,"SAN BERNARDINO","SAN BERNARDINO",-117.27870178222656,34.164970397949219
8622458,2018,2018-05-31,3608,2018-05-19,2222,4536,SBSUP,6,5,5,3608,0,0,0,,0,,"ORANGE ST","CITRUS AV",0.00,,Y,A,-,N,,,,,,,,,,N,3,0,1,2,A,-,11,21953,,N,A,B,B,A,H,-,C,A,0,Y,,,,Y,Y,N,60,0,1,0,0,1,0,0,0,0,"- ","- ",,,"SAN BERNARDINO",REDLANDS,-117.18258666992188,34.055549621582031
8622578,2018,2018-06-04,3602,2018-04-24,1908,3628,,2,5,5,3602,0,0,0,,0,001,"MONTE VISTA AV","WALNUT AV",0.00,,Y,A,-,N,,,,,,,,,,N,4,0,1,2,A,-,10,21963,,F,G,B,B,A,H,-,A,A,0,Y,,,,Y,,D,22,0,0,1,0,1,0,0,0,0,"- ","- ",,,"SAN BERNARDINO",CHINO,-117.69809722900391,34.026241302490234
8625412,2018,2018-05-29,3610,2018-04-11,1501,,,3,5,6,3610,0,0,0,,0,CHARLI,"NORTH WATERMAN AV","18TH ST",0.00,,Y,A,-,N,,,,,,,,,,N,4,0,1,2,C,-,18,,,N,G,B,D,A,H,-,A,D,0,Y,,,,Y,,-,"- ",0,0,1,0,1,0,0,0,0,"- ","- ",34.131458282470703,-117.27877807617188,"SAN BERNARDINO","SAN BERNARDINO",-117.27877044677734,34.13140869140625
8625608,2018,2018-05-30,3604,2018-04-23,2253,1163,,1,5,6,3604,0,0,0,,0,,"SIERRA AV","FOOTHILL BL",0.00,,Y,A,-,N,,,,,,,,,,N,4,0,1,2,D,-,00,,,F,G,B,B,A,H,-,C,A,0,Y,,,,Y,,-,"- ",0,0,1,0,1,0,0,0,0,"- ","- ",,,"SAN BERNARDINO",FONTANA,-117.435791015625,34.106620788574219
8628378,2018,2018-10-16,3600,2018-04-23,1558,G6192,AP004,1,5,5,3621,0,0,0,,0,AP1,"RINCON RD","SHOSHONE RD",0.00,,N,A,-,N,,,,,,,,,,N,3,0,1,2,A,-,03,22350,,F,-,G,A,A,H,-,A,A,0,,Y,,,Y,,A,01,0,1,0,0,0,0,1,0,0,"- ","- ",,,"SAN BERNARDINO","APPLE VALLEY",-117.22541809082031,34.508590698242188
8629044,2018,2018-06-15,3610,2018-04-22,0820,51127,,7,5,6,3610,0,0,0,,0,,"N MASSACHUSETTS AV","HIGHLAND AV",245.00,S,N,A,-,N,,,,,,,,,,N,3,0,1,2,A,-,11,21954,A,N,G,B,E,A,H,-,A,D,0,Y,,,,Y,,N,60,0,1,0,0,1,0,0,0,0,"- ","- ",,,"SAN BERNARDINO","SAN BERNARDINO",-117.30856323242188,34.135368347167969
8629088,2018,2018-06-15,3610,2018-04-19,0705,51135,,4,5,6,3610,0,0,0,,0,,"WEST 6TH","E ST",1.00,W,N,B,-,N,,,,,,,,,,N,4,0,1,2,A,-,00,21952,I,N,G,B,D,A,H,-,A,A,0,Y,,,,Y,,-,,0,0,1,0,1,0,0,0,0,"- ","- ",34.109580993652344,-117.29519653320312,"SAN BERNARDINO","SAN BERNARDINO",-117.30088043212891,34.110191345214844
8629684,2018,2018-06-12,3600,2018-04-12,1452,F9719,RC013,4,5,6,3616,0,0,0,,0,RC3,"ROCHESTER AV","VICTORIA PARK LN",454.00,N,N,A,-,N,,,,,,,,,,N,4,0,1,2,A,-,03,22350,,N,D,G,A,A,H,-,A,D,0,,Y,,,Y,,L,04,0,0,1,0,0,0,1,0,0,"- ","- ",,,"SAN BERNARDINO","RANCHO CUCAMONGA",-117.54541015625,34.129844665527344
8630609,2018,2018-06-04,3602,2018-04-06,1719,3805,,5,5,5,3602,0,0,0,,0,004,"4TH ST","D ST",35.00,N,N,A,-,N,,,,,,,,,,N,4,0,1,2,A,-,03,22350,,N,G,G,A,A,H,-,A,D,0,,Y,,,Y,,L,04,0,0,1,0,0,0,1,0,0,"- ","- ",,,"SAN BERNARDINO",CHINO,-117.69429016113281,34.013725280761719
8632010,2018,2018-08-17,3602,2018-04-12,1427,3813,126,4,5,5,3602,0,0,0,,0,005,"EUCLID AV","MERRILL AV",330.00,N,N,A,-,Y,SBD,8,83,-,-,3.980,H,-,S,N,4,0,1,2,A,-,03,22350,,N,C,G,A,A,H,-,A,A,0,,Y,,,Y,,A,01,0,0,1,0,0,0,1,0,0,"- ","- ",,,"SAN BERNARDINO",CHINO,-117.65084075927734,33.983898162841797
8636095,2018,2018-06-26,3604,2018-05-07,1624,497,,1,5,6,3604,0,0,0,,0,003,"SIERRA AV","UPLAND AV",265.00,S,N,A,-,N,,,,,,,,,,N,2,0,1,2,A,-,11,21955,,N,G,B,D,A,H,-,A,A,0,Y,,,,Y,Y,N,60,1,0,0,0,1,0,0,0,0,"- ","- ",,,"SAN BERNARDINO",FONTANA,-117.43576049804688,34.102142333984375
8639211,2018,2018-08-22,3610,2018-04-26,0630,51129,,4,5,6,3610,0,0,0,,0,POLIC,"E 30TH ST","NORTH WATERMAN AV",0.00,,Y,A,-,Y,SBD,8,210,-,R,24.052,R,4,E,N,3,0,1,2,C,-,18,,,N,G,G,A,A,H,-,A,A,0,,Y,,,Y,,-,"- ",0,1,0,0,0,0,1,0,0,"- ","- ",34.145950317382812,-117.27867126464844,"SAN BERNARDINO","SAN BERNARDINO",-117.28153991699219,34.145153045654297
8639608,2018,2018-06-26,3610,2018-05-31,1220,51069,,4,5,6,3610,0,0,0,,0,POLICE,"S DEL ROSA DR","RIALTO AV",337.00,S,N,B,-,N,,,,,,,,,,N,3,0,1,2,A,-,11,21955,,N,G,B,D,A,H,-,A,A,0,Y,,,,Y,,A,01,0,1,0,0,1,0,0,0,0,"- ","- ",,,"SAN BERNARDINO","SAN BERNARDINO",-117.2513427734375,34.099987030029297
8640277,2018,2018-06-27,3610,2018-05-10,1204,50821,,4,5,6,3610,0,0,0,,0,POLICE,"W 40TH ST","3RD AV",21.00,E,N,A,-,N,,,,,,,,,,N,3,0,1,2,A,-,08,22107,1,N,G,B,B,A,H,-,A,A,0,Y,,,,Y,Y,A,01,0,1,0,0,1,0,0,0,0,"- ","- ",34.164569854736328,-117.30481719970703,"SAN BERNARDINO","SAN BERNARDINO",-117.30476379394531,34.164577484130859
8640285,2018,2018-06-27,3610,2018-05-11,1250,51069,,5,5,6,3610,0,0,0,,0,POLICE,"E 9TH ST","N PEDLEY RD",150.00,E,N,B,-,N,,,,,,,,,,N,4,0,1,2,A,-,05,21650,1,F,D,G,A,A,H,-,A,D,0,,Y,,,Y,,L,04,0,0,1,0,0,0,1,0,0,"- ","- ",,,"SAN BERNARDINO","SAN BERNARDINO",-117.26594543457031,34.115749359130859
8642193,2018,2018-06-27,3609,2018-06-02,0243,0456,139,6,5,5,3609,0,0,0,,0,002,"RIVERSIDE AV","FOOTHILL BL",90.00,N,N,A,-,N,,,,,,,,,,N,3,0,1,2,A,-,10,21954,,N,G,B,D,A,H,-,C,D,0,Y,,Y,,Y,,N,60,0,1,0,0,1,0,0,0,0,"- ","- ",34.107101440429688,-117.37049865722656,"SAN BERNARDINO",RIALTO,-117.37037658691406,34.107006072998047
8643248,2018,2018-07-02,3608,2018-05-29,0512,4722,,2,5,5,3608,0,0,0,,0,,"MARIGOLD AV","SAN BERNARDINO AV",310.00,N,N,A,-,N,,,,,,,,,,N,2,0,1,2,C,-,18,,,F,G,B,E,A,H,-,A,A,0,Y,,,,Y,,-,"- ",1,0,0,0,1,0,0,0,0,"- ","- ",,,"SAN BERNARDINO",REDLANDS,-117.23302459716797,34.078418731689453
8644586,2018,2018-06-26,3604,2018-05-17,1417,D181,I25G2,4,5,6,3604,0,0,0,,0,,"MALLORY DR","SKYLAND CT",65.00,W,N,A,-,N,,,,,,,,,,N,3,0,1,2,A,-,05,21650,1,N,H,B,D,A,H,-,A,D,0,Y,Y,,,Y,,L,04,0,1,0,0,1,0,0,0,0,"- ","- ",,,"SAN BERNARDINO",FONTANA,-117.45060729980469,34.0748291015625
8647038,2018,2018-07-10,3610,2018-06-16,1053,50745,,6,5,6,3610,0,0,0,,0,DAVID,"WEST 5TH ST","NORTH E ST",0.00,,Y,A,-,N,,,,,,,,,,N,3,0,1,2,A,-,01,23152,F,F,G,B,F,A,H,-,A,A,0,Y,,,,Y,,A,01,0,1,0,0,1,0,0,0,0,"- ","- ",,,"SAN BERNARDINO","SAN BERNARDINO",-117.29414367675781,34.108310699462891
8648016,2018,2018-07-18,3600,2018-04-17,0747,D4301,HE038,2,5,5,3619,0,0,0,,0,HE3,"MAIN ST","BALSAM AV",177.00,E,N,A,-,N,,,,,,,,,,N,1,1,0,2,A,-,08,22107,,F,E,B,F,A,H,-,A,D,0,Y,,,,Y,,-,,0,0,0,1,0,0,0,0,0,"- ","- ",,,"SAN BERNARDINO",HESPERIA,-117.32917785644531,34.426704406738281
8648094,2018,2018-08-28,3600,2018-01-20,1919,E3926,CH024,6,5,5,3630,0,0,0,,0,,"PEYTON DR","CHINO AV",0.00,,Y,A,-,N,,,,,,,,,,Y,1,1,0,2,A,-,01,23153,B,F,A,B,-,A,H,-,C,A,0,Y,,,,Y,Y,A,07,0,0,0,1,0,0,0,0,0,"- ","- ",,,"SAN BERNARDINO","CHINO HILLS",-117.74297332763672,34.010250091552734
8648103,2018,2020-05-26,3604,2018-05-26,2240,925,,6,5,6,3604,0,0,0,,0,,"SIERRA AV","MERRILL AV",414.00,S,N,A,-,N,,,,,,,,,,Y,1,1,0,2,A,-,11,21956,A,N,G,B,D,A,H,-,C,A,0,Y,,,,Y,Y,N,60,0,0,0,1,0,0,0,0,0,"- ","- ",,,"SAN BERNARDINO",FONTANA,-117.43572235107422,34.090995788574219
8648277,2018,2020-05-26,3604,2018-08-30,2335,473,FONTA,4,5,6,3604,0,0,0,,0,,"RT 66","SULTANA AV",0.00,E,N,A,-,N,,,,,,,,,,N,1,1,0,2,A,-,08,22107,,F,G,B,E,A,H,-,C,A,0,Y,,,,Y,Y,-,99,0,0,0,1,0,0,0,0,0,"- ","- ",,,"SAN BERNARDINO",FONTANA,-117.46897125244141,34.10650634765625
8648335,2018,2020-05-22,3610,2018-09-03,2239,51036,,1,5,6,3610,0,0,0,,0,POLICE,"E MARSHALL BL","NORTH WATERMAN AV",0.00,,Y,A,-,N,,,,,,,,,,N,1,1,0,2,A,-,11,21954,A,N,G,B,D,A,H,-,C,A,0,Y,,,,Y,Y,N,60,0,0,0,1,0,0,0,0,0,"- ","- ",34.149471282958984,-117.27863311767578,"SAN BERNARDINO","SAN BERNARDINO",-117.27870178222656,34.149471282958984
8648423,2018,2020-05-26,3609,2018-11-18,2015,0451,RI169,7,5,5,3609,0,0,0,,0,003,"BLOOMINGTON AV","SAN BERNARDINO AV",0.00,,Y,A,-,N,,,,,,,,,,N,1,1,0,2,A,-,11,21453,D,F,G,B,D,A,H,-,C,A,0,Y,,,,Y,Y,N,60,0,0,0,1,0,0,0,0,0,"- ","- ",34.044010162353516,-117.23159790039062,"SAN BERNARDINO",RIALTO,-117.38793182373047,34.077678680419922
8648526,2018,2019-01-25,3601,2018-12-03,1729,80K9,BARST,1,5,3,3601,0,0,0,,0,PATROL,"E MAIN ST","COOLWATER LN",0.00,,Y,A,-,N,,,,,,,,,,N,1,1,0,2,A,-,11,21954,A,N,G,B,E,A,H,-,C,D,0,Y,,,,Y,,N,60,0,0,0,1,0,0,0,0,0,"- ","- ",,,"SAN BERNARDINO",BARSTOW,-117.00383758544922,34.893959045410156
8648582,2018,2020-05-26,3603,2018-03-14,2046,4012,CPD,3,5,4,3603,0,0,0,,0,001,"RANCHO AV","OLIVE ST",0.00,S,N,B,-,N,,,,,,,,,,Y,1,1,0,2,A,-,11,21954,A,N,G,B,D,A,H,-,C,D,0,Y,,,,Y,Y,A,01,0,0,0,1,0,0,0,0,0,"- ","- ",,,"SAN BERNARDINO",COLTON,-117.33493041992188,34.077579498291016
8651071,2018,2018-09-05,3611,2018-03-11,2300,3200,3611,7,5,5,3611,0,0,0,,0,002,"ARROW HWY","MOUNTAIN AV",0.00,,Y,A,-,N,,,,,,,,,,N,4,0,1,2,A,-,11,21456,C,M,G,B,B,A,H,-,C,A,0,Y,,Y,,Y,,N,60,0,0,1,0,1,0,0,0,0,"- ","- ",,,"SAN BERNARDINO",UPLAND,-117.67024993896484,34.09967041015625
8651700,2018,2018-10-26,3609,2018-09-14,1142,8510,RI121,5,5,5,3609,0,0,0,,0,001,"CEDAR AV","FOOTHILL BL",0.00,,Y,A,-,N,,,,,,,,,,N,3,0,1,2,A,-,05,21650,1,N,D,G,A,A,H,-,A,A,0,,Y,,,Y,,L,04,0,1,0,0,0,0,1,0,0,"- ","- ",34.106910705566406,-117.39669036865234,"SAN BERNARDINO",RIALTO,-117.39656829833984,34.106731414794922
8651711,2018,2018-10-10,3609,2018-09-11,0619,4247,RI161,2,5,5,3609,0,0,0,,0,004,"MERRILL AV","RIVERSIDE AV",356.00,E,N,A,-,N,,,,,,,,,,N,4,0,1,2,A,-,08,22107,,N,D,G,A,A,H,-,A,D,0,,Y,,,Y,,A,01,0,0,1,0,0,0,1,0,0,"- ","- ",34.098701477050781,-117.37709808349609,"SAN BERNARDINO",RIALTO,-117.37035369873047,34.092288970947266
8654789,2018,2018-07-23,3609,2018-06-20,1359,0456,R1011,3,5,5,3609,0,0,0,,0,001,"CASMALIA ST","LOCUST AV",824.00,W,N,A,-,N,,,,,,,,,,Y,3,0,2,4,C,-,18,,,N,A,C,F,A,H,-,A,D,0,Y,,,Y,Y,,-,"- ",0,2,0,0,1,0,0,0,0,"- ","- ",34.137599945068359,-117.41249847412109,"SAN BERNARDINO",RIALTO,-117.41246795654297,34.13763427734375
8656556,2018,2018-08-10,3600,2018-06-26,1915,D2561,VC057,2,5,5,3612,0,0,0,,0,VC5,"SENECA RD","CAROB ST",0.00,,Y,A,-,N,,,,,,,,,,Y,4,0,1,2,A,-,10,21950,A,M,G,B,-,A,H,-,B,A,0,Y,,,,Y,,A,01,0,0,1,0,1,0,0,0,0,"- ","- ",,,"SAN BERNARDINO",VICTORVILLE,-117.3414306640625,34.514068603515625
8656723,2018,2018-08-09,3602,2018-06-11,1301,1127,,1,5,5,3602,0,0,0,,0,003,"RIVERSIDE DR","MONTE VISTA AV",10.00,E,N,A,-,N,,,,,,,,,,N,4,0,1,2,A,-,10,21950,A,N,G,B,B,A,H,-,A,A,0,Y,,,,Y,,A,01,0,0,1,0,1,0,0,0,0,"- ","- ",,,"SAN BERNARDINO",CHINO,-117.69802856445312,34.019001007080078
8656767,2018,2018-08-09,3602,2018-06-28,1219,3299,,4,5,5,3602,0,0,0,,0,003,"PIPELINE AV","EUCALYPTUS AV",249.00,N,N,A,-,N,,,,,,,,,,N,4,0,1,2,A,-,05,21650,1,N,D,G,A,A,H,-,A,D,0,,Y,,,Y,,L,04,0,0,1,0,0,0,1,0,0,"- ","- ",,,"SAN BERNARDINO",CHINO,-117.71584320068359,33.989601135253906
8656794,2018,2018-08-08,3602,2018-05-22,1450,3813,71,2,5,5,3602,0,0,0,,0,004,"MAGNOLIA AV","RIVERSIDE DR",12.00,S,N,A,-,N,,,,,,,,,,N,4,0,1,2,A,-,10,21950,A,N,G,B,B,A,H,-,A,A,0,Y,,,,Y,,A,01,0,0,1,0,1,0,0,0,0,"- ","- ",,,"SAN BERNARDINO",CHINO,-117.67189788818359,34.019145965576172