CASE_ID,ACCIDENT_YEAR,PROC_DATE,JURIS,COLLISION_DATE,COLLISION_TIME,OFFICER_ID,REPORTING_DISTRICT,DAY_OF_WEEK,CHP_SHIFT,POPULATION,CNTY_CITY_LOC,SPECIAL_COND,BEAT_TYPE,CHP_BEAT_TYPE,CITY_DIVISION_LAPD,CHP_BEAT_CLASS,BEAT_NUMBER,PRIMARY_RD,SECONDARY_RD,DISTANCE,DIRECTION,INTERSECTION,WEATHER_1,WEATHER_2,STATE_HWY_IND,CALTRANS_COUNTY,CALTRANS_DISTRICT,STATE_ROUTE,ROUTE_SUFFIX,POSTMILE_PREFIX,POSTMILE,LOCATION_TYPE,RAMP_INTERSECTION,SIDE_OF_HWY,TOW_AWAY,COLLISION_SEVERITY,NUMBER_KILLED,NUMBER_INJURED,PARTY_COUNT,PRIMARY_COLL_FACTOR,PCF_CODE_OF_VIOL,PCF_VIOL_CATEGORY,PCF_VIOLATION,PCF_VIOL_SUBSECTION,HIT_AND_RUN,TYPE_OF_COLLISION,MVIW,PED_ACTION,ROAD_SURFACE,ROAD_COND_1,ROAD_COND_2,LIGHTING,CONTROL_DEVICE,CHP_ROAD_TYPE,PEDESTRIAN_ACCIDENT,BICYCLE_ACCIDENT,MOTORCYCLE_ACCIDENT,TRUCK_ACCIDENT,NOT_PRIVATE_PROPERTY,ALCOHOL_INVOLVED,STWD_VEHTYPE_AT_FAULT,CHP_VEHTYPE_AT_FAULT,COUNT_SEVERE_INJ,COUNT_VISIBLE_INJ,COUNT_COMPLAINT_PAIN,COUNT_PED_KILLED,COUNT_PED_INJURED,COUNT_BICYCLIST_KILLED,COUNT_BICYCLIST_INJURED,COUNT_MC_KILLED,COUNT_MC_INJURED,PRIMARY_RAMP,SECONDARY_RAMP,LATITUDE,LONGITUDE,COUNTY,CITY,POINT_X,POINT_Y
90474722,2017,2017-06-09,9855,2017-05-26,1652,020659,,5,2,9,3600,0,3,5,,2,004,"STATE ST.","ADA AVE.",0.00,,Y,A,-,N,,,,,,,,,,N,2,0,1,2,A,-,12,22450,A,N,D,C,A,A,H,-,A,A,0,,Y,,,Y,,D,22,1,0,0,0,0,0,1,0,0,"- ","- ",34.059510000000003,-117.69065999999999,"SAN BERNARDINO",UNINCORPORATED,-117.69066006,34.059790049999997
90475110,2017,2017-06-12,9855,2017-05-27,1829,020659,,6,2,6,3607,0,1,3,,2,601,"SR-60 W/B (POMONA FWY)","VINEYARD AVE.",1300.00,E,N,A,-,Y,,,60,,,,,,W,N,3,0,1,2,A,-,08,22107,,N,E,J,E,A,H,-,A,D,0,Y,,,,Y,,A,07,0,1,0,0,1,0,0,0,0,"- ","- ",34.030740000000002,-117.60283,"SAN BERNARDINO",ONTARIO,-117.60282973,34.03068339
90483369,2017,2017-06-22,9835,2017-06-05,0008,021399,,1,3,9,3600,0,1,1,,2,070,"I-15 N/B","OUTLET CENTER DR",715.00,S,N,A,-,Y,,,15,,,,,,N,Y,2,0,3,4,C,-,18,,,N,D,C,E,A,H,-,D,D,0,Y,,,,Y,,-,"- ",3,0,0,0,2,0,0,0,0,"- ","- ",34.809199999999997,-117.098,"SAN BERNARDINO",UNINCORPORATED,-117.09805673,34.809237150000001
9048629,2019,2021-04-07,3607,2019-02-24,1032,20052,125,7,5,6,3607,0,0,0,,0,012,"B ST","EUCLID AV",200.00,W,N,A,-,Y,SBD,8,83,-,-,9.544,I,6,S,N,3,0,1,2,A,-,11,21954,A,N,A,B,D,A,H,-,A,D,0,Y,,,,Y,,N,60,0,1,0,0,1,0,0,0,0,"- ","- ",,,"SAN BERNARDINO",ONTARIO,-117.65121459960938,34.064601898193359
90486988,2017,2017-06-26,9870,2017-06-14,2100,020616,,3,2,9,3600,0,3,5,,2,003,"LA MIRADA TRAIL","SUNNY VISTA ROAD",1056.00,W,N,A,-,N,,,,,,,,,,N,4,0,1,2,A,-,08,22107,,M,G,B,F,A,H,-,D,D,0,Y,,,,Y,,A,01,0,0,1,0,1,0,0,0,0,"- ","- ",34.117339999999999,-116.33911999999999,"SAN BERNARDINO",UNINCORPORATED,-116.33894397,34.117312130000002
90488832,2017,2017-06-27,9835,2017-06-19,2105,20992,,1,2,9,3600,0,2,4,,1,017,"IRWIN ROAD","RADIO RD",200.00,N,N,A,-,N,,,,,,,,,,N,3,0,1,2,A,-,11,21954,A,N,G,B,D,A,H,-,D,D,0,Y,,,,Y,,N,60,0,1,0,0,1,0,0,0,0,"- ","- ",34.911499999999997,-117.02397999999999,"SAN BERNARDINO",UNINCORPORATED,-117.02393436,34.911767660000002
90496535,2017,2017-07-10,9860,2017-06-26,0125,020051,,1,3,9,3600,0,3,5,,2,002,"HIGHLAND AVE","MERITO PL",28.00,W,N,A,-,N,,,,,,,,,,N,2,0,1,2,A,-,11,21954,A,N,G,B,D,A,H,-,D,D,0,Y,,,,Y,,N,60,1,0,0,0,1,0,0,0,0,"- ","- ",34.135840000000002,-117.24773,"SAN BERNARDINO",UNINCORPORATED,-117.24770224,34.135660000000001
90498510,2017,2017-07-11,9855,2017-07-03,1849,019732,,1,2,6,3607,0,1,1,,2,101,"I-10 E/B (SAN BERNARDINO FWY)","MILLIKEN AVE.",2600.00,W,N,A,-,Y,,,,,,,,,,Y,3,0,2,3,A,-,01,23152,A,F,C,E,E,A,H,-,A,D,0,Y,,,,Y,Y,A,01,0,2,0,0,1,0,0,0,0,"- ","- ",,,"SAN BERNARDINO",ONTARIO,-117.56687053,34.067439999999998
9049907,2020,2020-05-28,3600,2020-02-08,1856,G8585,HE214,6,5,5,3619,0,0,0,,0,HE2,"MAIN ST","PEACH AV",100.00,W,N,A,-,N,,,,,,,,,,N,3,0,1,2,A,-,01,23152,,N,G,B,F,A,H,-,C,D,0,Y,,,,Y,Y,-,,0,1,0,0,1,0,0,0,0,"- ","- ",,,"SAN BERNARDINO",HESPERIA,-117.26144409179688,34.415630340576172
90499161,2017,2017-07-12,9835,2017-07-11,0620,021082,,2,1,9,3600,0,2,4,,1,017,"IRWIN RD","SPADRA ST",10560.00,N,N,A,-,Y,,,,,,,,,,N,4,0,1,2,A,-,03,22350,,N,B,G,A,A,H,-,A,D,0,,Y,,,Y,,D,22,0,0,1,0,0,0,1,0,0,"- ","- ",34.951949999999997,-117.0247,"SAN BERNARDINO",UNINCORPORATED,-117.02617624,34.95137948
90504068,2017,2017-07-19,9860,2017-06-23,0340,020614,,5,3,9,3600,0,2,4,,2,411,"CEDAR AVENUE","MARYGOLD AVENUE",93.00,N,N,A,-,N,,,,,,,,,,N,3,0,1,2,A,-,11,21954,A,N,G,B,D,A,H,-,D,B,0,Y,,,,Y,,N,60,0,1,0,0,1,0,0,0,0,"- ","- ",34.074480000000001,-117.39648,"SAN BERNARDINO",UNINCORPORATED,-117.39648,34.074424809999996
90506190,2017,2017-07-24,9855,2017-07-08,2200,017313,,6,3,6,3607,0,1,1,,2,103,"I-10 W/B (SAN BERNARDINO FWY)","MOUNTAIN AVENUE",1584.00,W,N,A,-,Y,,,10,,,,,,W,Y,2,0,1,4,A,-,08,22107,,N,E,E,E,A,H,-,D,D,0,Y,,,,Y,,A,01,1,0,0,0,1,0,0,0,0,"- ","- ",34.087479999999999,-117.67542,"SAN BERNARDINO",ONTARIO,-117.67541962,34.087403680000001
90508098,2017,2017-09-05,9860,2017-06-05,0431,012530,,1,3,6,3610,0,1,1,,2,214,"INTERSTATE 215 NORTHBOUND","3RD STREET",200.00,N,N,A,-,Y,,,215,,,,,,N,Y,1,1,1,3,A,-,01,23152,A,N,G,B,E,A,C,-,C,D,0,Y,,,,Y,Y,A,01,1,0,0,1,0,0,0,0,0,"- ","- ",34.105020000000003,-117.30193,"SAN BERNARDINO","SAN BERNARDINO",-117.30205488,34.104994429999998
9051028,2020,2020-06-04,3600,2020-02-13,1839,F7786,RC200,4,5,6,3616,0,0,0,,0,RCM,"VERSAILLE ST","MONET AV",125.00,W,N,A,-,N,,,,,,,,,,N,4,0,1,2,A,-,03,22350,,N,G,B,C,A,H,-,C,D,0,Y,,,,Y,,A,01,0,0,1,0,1,0,0,0,0,"- ","- ",,,"SAN BERNARDINO","RANCHO CUCAMONGA",-117.53478240966797,34.109611511230469
9051475,2019,2020-02-28,3607,2019-05-13,1500,20209,138,1,5,6,3607,0,0,0,,0,032,"D ST","VINEYARD AV",0.00,,Y,B,-,N,,,,,,,,,,N,4,0,1,2,A,-,10,21950,A,N,G,B,B,A,H,-,A,A,0,Y,,,,Y,,A,01,0,0,1,0,1,0,0,0,0,"- ","- ",,,"SAN BERNARDINO",ONTARIO,-117.61102294921875,34.067138671875
9051488,2019,2020-02-28,3607,2019-05-08,1732,80266,182,3,5,6,3607,0,0,0,,0,051,"BELMONT ST","SAN ANTONIO AV",200.00,E,N,B,-,N,,,,,,,,,,N,4,0,1,2,A,-,11,21954,A,N,G,B,D,A,H,-,A,A,0,Y,,,,Y,,N,60,0,0,1,0,1,0,0,0,0,"- ","- ",,,"SAN BERNARDINO",ONTARIO,-117.65988922119141,34.0513916015625
9051491,2019,2020-02-28,3607,2019-06-08,2107,20109,22,6,5,6,3607,0,0,0,,0,011,"BONNIE BRAE CT","BOULDER AV",25.00,E,N,A,-,N,,,,,,,,,,N,2,0,1,2,A,-,10,21950,A,F,G,B,E,A,H,-,C,D,0,Y,,,,Y,Y,-,,1,0,0,0,1,0,0,0,0,"- ","- ",,,"SAN BERNARDINO",ONTARIO,-117.66596984863281,34.082370758056641
90526874,2017,2017-08-21,9860,2017-08-12,1737,017018,,6,2,9,3600,0,3,5,,2,002,"GOLDEN AVENUE","LYNWOOD AVENUE",30.00,N,N,A,-,N,,,,,,,,,,Y,3,0,2,2,A,-,21,22106,,N,E,I,F,A,H,-,A,D,0,Y,,,,Y,,D,22,0,1,1,0,1,0,0,0,0,"- ","- ",34.146900000000002,-117.26103000000001,"SAN BERNARDINO",UNINCORPORATED,-117.26114093,34.146832179999997
9052852,2019,2020-02-28,3600,2019-10-17,2000,G7659,VC063,4,5,5,3612,0,0,0,,0,VC3,"CYPRESS AV","JASMINE ST",50.00,N,N,A,-,N,,,,,,,,,,N,3,0,1,2,A,-,03,22350,,F,H,B,E,A,H,-,D,D,0,Y,,,,Y,,-,,0,1,0,0,1,0,0,0,0,"- ","- ",,,"SAN BERNARDINO",VICTORVILLE,-117.3255615234375,34.473785400390625
90534608,2017,2017-08-28,9860,2017-08-25,1833,021030,,5,2,9,3600,0,1,1,,2,151,"NORTHBOUND INTERSTATE 15","MATTHEWS RANCH ROAD",1000.00,S,N,A,-,Y,,,15,,,,,,,Y,3,0,3,3,A,-,01,23152,A,N,B,E,E,A,H,-,A,D,0,Y,,,,Y,Y,A,01,0,1,2,0,1,0,0,0,0,"- ","- ",34.244619999999998,-117.43468,"SAN BERNARDINO",UNINCORPORATED,-117.43469123,34.24460826
9054577,2019,2020-09-16,3600,2019-11-18,1718,H5860,AD311,1,5,3,3613,0,0,0,,0,AD2,"JONATHON ST","MOJAVE DR",4.00,S,N,A,-,N,,,,,,,,,,N,3,0,1,2,A,-,10,21950,A,N,G,B,B,A,E,-,D,A,0,Y,,,,Y,,-,,0,1,0,0,1,0,0,0,0,"- ","- ",,,"SAN BERNARDINO",ADELANTO,-117.40817260742188,34.528488159179688
90546005,2017,2017-10-02,9860,2017-05-03,1342,014963,,3,1,6,3610,0,1,1,,2,202,"STATE ROUTE 210 WESTBOUND","VALENCIA AVENUE",190.00,W,N,A,-,Y,,,210,,,,,,W,Y,1,1,1,2,A,-,11,21954,A,N,G,B,E,A,H,-,A,D,0,Y,,,,Y,,N,60,0,1,0,1,0,0,0,0,0,"- ","- ",34.145209999999999,-117.27284,"SAN BERNARDINO","SAN BERNARDINO",-117.27284969999999,34.145006610000003
90546257,2017,2017-09-12,9860,2017-09-03,1606,019251,,7,2,9,3600,0,3,5,,2,002,"3RD AVE","JUNE ST",500.00,E,N,C,-,N,,,,,,,,,,Y,3,0,4,6,A,-,01,23152,F,N,C,C,E,B,H,-,A,D,0,Y,,,,Y,,A,01,0,2,2,0,2,0,0,0,0,"- ","- ",34.165120000000002,-117.34690999999999,"SAN BERNARDINO",UNINCORPORATED,-117.34695209,34.165108439999997
9055997,2020,2020-05-20,3602,2020-02-25,0955,3343,100,2,5,5,3602,0,0,0,,0,003,"PIPELINE AV","SPECTRUM NORTH",0.00,,Y,A,-,N,,,,,,,,,,N,3,0,1,2,A,-,12,21453,A,N,A,G,A,A,H,-,A,A,0,,Y,,,Y,,L,04,0,1,0,0,0,0,1,0,0,"- ","- ",34.001499176025391,-117.71530151367188,"SAN BERNARDINO",CHINO,-117.71527099609375,34.000701904296875
90561319,2017,2017-10-02,9850,2017-09-15,1400,017730,,5,2,9,3600,0,2,4,,2,056,"JOHNSON ROAD","LUNA ROAD",1069.00,S,N,A,-,N,,,,,,,,,,N,1,1,0,2,A,-,01,23152,G,F,H,G,A,A,H,-,A,D,0,,Y,,,Y,Y,D,22,0,0,0,0,0,1,0,0,0,"- ","- ",34.48892,-117.5552,"SAN BERNARDINO",UNINCORPORATED,-117.55524351,34.48895066
90566017,2017,2017-10-09,9855,2017-10-05,1730,020231,,4,2,5,3602,0,2,S,,2,901,"SR-60 W/B TO MOUNTAIN AVENUE","SR-60 W/B",200.00,N,N,A,-,N,,,60,,,,R,,W,N,4,0,1,2,A,-,12,21453,A,N,D,B,D,A,H,-,A,A,0,Y,,,,Y,,-,99,0,0,1,0,1,0,0,0,0,"- ","- ",34.031030000000001,-117.66763,"SAN BERNARDINO",CHINO,-117.66763,34.031030000000001
90566275,2017,2017-10-09,9855,2017-10-01,2055,020664,,7,2,9,3600,0,1,3,,1,011,"LIME COURT (8000 BLOCK)","MERRILL AVE.",478.00,S,N,A,-,N,,,,,,,,,,N,3,0,1,2,A,-,21,22106,,N,G,B,E,A,H,-,C,D,0,Y,,Y,,Y,,C,06,0,1,0,0,1,0,0,0,0,"- ","- ",34.09064,-117.46507,"SAN BERNARDINO",UNINCORPORATED,-117.46513,34.090730229999998
90587259,2017,2017-11-06,9860,2017-10-28,1234,019251,,6,1,6,3610,0,1,1,,2,214,"I-215 N/B","I-10 W/B",198.00,N,N,A,-,Y,,,215,,,,,,N,Y,2,0,3,5,A,-,08,22107,,N,G,B,E,A,H,-,A,D,0,Y,,,,Y,,A,01,1,2,0,0,3,0,0,0,0,"- ","- ",34.064880000000002,-117.29595,"SAN BERNARDINO","SAN BERNARDINO",-117.29614668000001,34.064919979999999
90589616,2017,2017-11-07,9860,2017-10-25,0920,016821,,3,1,9,3600,0,1,1,,2,151,"I-15 S/B","SYCAMORE CREEK DRIVE U/C",282.00,N,N,A,-,Y,,,15,,,,,,S,Y,2,0,1,3,A,-,03,22350,,N,C,E,E,A,H,-,A,D,0,Y,,,,Y,,A,01,1,0,0,0,1,0,0,0,0,"- ","- ",34.188560000000003,-117.42877,"SAN BERNARDINO",UNINCORPORATED,-117.42872688999999,34.188497580000003
90601555,2017,2018-01-19,9860,2017-11-23,1435,018905,,4,2,9,3600,0,1,1,,2,151,"INTERSTATE 15 NORTHBOUND TRUCK BYPASS","KENWOOD AVENUE",518.00,S,N,A,-,Y,,,15,,,,,,N,Y,1,1,1,3,A,-,08,22107,,N,C,E,E,A,H,-,A,D,0,Y,,,,Y,,D,22,0,0,1,1,0,0,0,0,0,"- ","- ",34.236289999999997,-117.4233,"SAN BERNARDINO",UNINCORPORATED,-117.42367281,34.235790489999999
90614060,2017,2018-01-19,9835,2017-09-30,2010,21113,,6,2,9,3600,0,1,3,,1,019,"SR-247 N/B","STODDARD WELLS RD",2.06,N,N,A,-,Y,,,247,,,,,,N,Y,1,1,0,2,A,-,11,21954,A,N,G,B,E,A,H,-,D,D,0,Y,,,,Y,Y,N,60,0,0,0,1,0,0,0,0,0,"- ","- ",34.845999999999997,-117.01519999999999,"SAN BERNARDINO",UNINCORPORATED,-117.01531808,34.846077119999997
9062151,2020,2020-03-23,3604,2020-02-13,1038,680,,4,5,6,3604,0,0,0,,0,,"PACIFIC ELECTRIC TRL",SULTANA,100.00,W,N,A,-,N,,,,,,,,,,N,3,0,1,2,B,-,22,,,F,G,B,F,A,H,-,A,D,0,Y,Y,,,Y,,L,04,0,1,0,0,1,0,0,0,0,"- ","- ",,,"SAN BERNARDINO",FONTANA,,
90625723,2017,2017-12-25,9865,2017-12-15,1150,021064,,5,1,9,3600,0,3,5,,2,003,"BALDWIN LANE","HERITAGE TRAIL",17.00,E,N,A,-,N,,,,,,,,,,N,2,0,1,2,A,-,05,21650,,N,H,G,A,A,H,-,A,D,0,,Y,,,Y,,L,04,1,0,0,0,0,0,1,0,0,"- ","- ",34.250399999999999,-116.81798999999999,"SAN BERNARDINO",UNINCORPORATED,-116.81804395,34.250430000000001
90628437,2017,2017-12-28,9870,2017-12-26,1705,018236,,2,2,9,3600,0,3,5,,2,003,"ABERDEEN DRIVE","GOLETA AVENUE",0.00,,Y,A,-,N,,,,,,,,,,Y,2,0,1,2,A,-,01,23152,G,N,B,G,A,A,H,-,D,D,0,,Y,,,Y,Y,A,07,1,0,0,0,0,0,1,0,0,"- ","- ",34.193069999999999,-116.38032,"SAN BERNARDINO",UNINCORPORATED,-116.38038001,34.19304005
90629240,2017,2017-12-29,9860,2017-12-20,0810,016821,,3,1,9,3600,0,2,4,,1,410,"VALLEY BOULEVARD","ALDER AVENUE",0.00,,Y,A,-,Y,,,,,,,,,,N,2,0,1,2,A,-,10,21950,A,N,G,B,B,A,H,-,A,A,0,Y,,,,Y,,A,08,1,0,0,0,1,0,0,0,0,"- ","- ",34.070419999999999,-117.41819,"SAN BERNARDINO",UNINCORPORATED,-117.41824001000001,34.070430029999997
9062987,2020,2020-07-07,3600,2020-03-02,0828,E6889,HE421,1,5,5,3619,0,0,0,,0,HE4,"OXFORD ST","RANCHERO RD",3.00,S,N,A,-,N,,,,,,,,,,N,4,0,1,2,A,-,11,21950,B,N,G,B,B,A,H,-,A,D,0,Y,,,,Y,,N,60,0,0,1,0,1,0,0,0,0,"- ","- ",,,"SAN BERNARDINO",HESPERIA,-117.27703857421875,34.383808135986328
90630035,2017,2017-12-29,9834,2017-12-22,1640,020342,,5,2,9,3600,0,1,2,,1,091,"US-95 N/B",SR-62,800.00,N,N,A,-,Y,,,95,,,,,,N,Y,2,0,1,3,C,-,18,,,N,H,B,E,A,H,-,D,D,0,Y,,,Y,Y,,-,"- ",1,0,0,0,1,0,0,0,0,"- ","- ",34.190179999999998,-114.5762,"SAN BERNARDINO",UNINCORPORATED,-114.57624303,34.190091250000002
90634192,2017,2018-01-05,9835,2017-12-18,0331,021448,,1,3,3,3601,0,1,1,,2,071,"I-15 S/B","LENWOOD RD",1214.00,N,N,A,-,Y,,,15,,,,,,S,Y,2,0,2,5,A,-,03,22350,,N,D,E,F,A,H,-,C,D,0,Y,,,,Y,,D,22,2,0,0,0,2,0,0,0,0,"- ","- ",34.856619999999999,-117.08427,"SAN BERNARDINO",BARSTOW,-117.08436802999999,34.85664774
90634456,2017,2018-01-08,9860,2017-12-30,1920,020135,,6,2,9,3600,0,3,5,,2,004,"11TH ST.","OAK ST.",80.00,W,N,A,-,N,,,,,,,,,,N,2,0,1,2,A,-,11,21954,A,N,G,B,E,A,H,-,D,D,0,Y,,,,Y,Y,N,60,1,0,0,0,1,0,0,0,0,"- ","- ",34.044539999999998,-117.39877,"SAN BERNARDINO",UNINCORPORATED,-117.39877331,34.044511180000001
90635499,2017,2018-01-08,9855,2017-12-24,1905,020367,,7,2,9,3600,0,3,5,,2,001,"MERRILL AVE.","BEECH AVE.",500.00,E,N,A,-,N,,,,,,,,,,N,3,0,1,2,A,-,08,22107,,F,B,G,A,A,H,-,C,D,0,,Y,,,Y,,-,99,0,1,0,0,0,0,1,0,0,"- ","- ",34.091929999999998,-117.47062,"SAN BERNARDINO",UNINCORPORATED,-117.46951324,34.092026109999999
90635578,2018,2018-01-08,9860,2018-01-07,1035,016590,,7,1,4,3603,0,1,1,,2,103,"I-10 W/B","I-10 E/B TO I-215 N/B",1768.00,W,N,A,-,Y,,,10,,,,,,W,Y,3,0,3,3,A,-,08,22107,,N,C,C,E,A,H,-,A,D,0,Y,,,Y,Y,,D,22,0,1,2,0,1,0,0,0,0,"- ","- ",34.065319061279297,-117.30338287353516,"SAN BERNARDINO",COLTON,-117.30338287353516,34.065296173095703
9063603,2020,2020-07-31,3600,2020-04-01,1647,F7786,RC047,3,5,6,3616,0,0,0,,0,RC1,"BASE LINE RD","BERYL ST",0.00,,Y,A,-,N,,,,,,,,,,N,3,0,1,2,A,-,05,21650,1,N,D,G,A,A,H,-,A,A,0,,Y,,Y,Y,,L,04,0,1,0,0,0,0,1,0,0,"- ","- ",,,"SAN BERNARDINO","RANCHO CUCAMONGA",-117.60717010498047,34.121540069580078
90639712,2018,2018-01-15,9835,2018-01-05,0830,021765,,5,1,3,3601,0,3,5,,2,032,"J STREET","BONANZA RD",150.00,S,N,A,-,N,,,,,,,,,,N,4,0,1,1,A,-,08,22107,,N,H,H,A,A,H,-,A,D,0,,Y,,,Y,,L,04,0,0,1,0,0,0,1,0,0,"- ","- ",34.875270843505859,-117.05185699462891,"SAN BERNARDINO",BARSTOW,-117.05188751220703,34.874279022216797
90640199,2017,2018-05-10,9855,2017-12-22,0055,021048,,5,3,5,3611,0,1,1,,2,203,"SR-210 E/B (FOOTHILL FWY)","BASELINE RD.",3047.00,E,N,A,-,Y,,,210,,,,,,E,Y,2,0,1,2,A,-,08,22107,,F,G,B,E,A,C,H,D,D,0,Y,,,,Y,,A,01,1,0,0,0,1,0,0,0,0,"- ","- ",34.12715,-117.68814999999999,"SAN BERNARDINO",UPLAND,-117.68822003,34.127249059999997
9064165,2020,2020-03-17,3600,2020-01-11,1320,8229,028,6,5,5,3612,0,0,0,,0,002,"PEBBLE BEACH DR","RIVIERA DR",0.00,,Y,A,-,N,,,,,,,,,,N,4,0,1,2,A,-,00,21954,,N,G,B,D,A,H,-,A,A,0,Y,,,,Y,,N,60,0,0,1,0,1,0,0,0,0,"- ","- ",34.506889343261719,-117.3052978515625,"SAN BERNARDINO",VICTORVILLE,-117.30584716796875,34.507068634033203
9064469,2020,2020-05-19,3610,2020-02-06,1639,50696,,4,5,6,3610,0,0,0,,0,POLICE,"W MARSHALL BL","E ST",12.00,E,N,A,-,N,,,,,,,,,,N,4,0,1,2,A,-,10,21950,A,N,G,B,C,A,H,-,A,A,0,Y,,,,Y,,A,07,0,0,1,0,1,0,0,0,0,"- ","- ",34.149478912353516,-117.29403686523438,"SAN BERNARDINO","SAN BERNARDINO",-117.29405212402344,34.149478912353516
90645100,2017,2018-04-02,9855,2017-09-09,2155,020664,,6,2,9,3600,0,2,4,,1,012,"ARROW ROUTE","CHERRY AVENUE",281.00,W,N,A,-,N,,,,,,,,,,N,1,1,0,2,A,-,11,21954,A,F,G,B,E,A,H,-,C,D,0,Y,,,,Y,,N,60,0,0,0,1,0,0,0,0,0,"- ","- ",34.09928,-117.49034,"SAN BERNARDINO",UNINCORPORATED,-117.48971557,34.099306990000002
9064865,2020,2020-05-20,3610,2020-01-22,2205,51181,,3,5,6,3610,0,0,0,,0,DAVID,"LENA RD","MILL ST",800.00,N,N,A,-,N,,,,,,,,,,N,4,0,1,2,A,-,11,21954,A,F,G,B,E,A,H,-,D,D,0,Y,,,,Y,,N,60,0,0,1,0,1,0,0,0,0,"- ","- ",,,"SAN BERNARDINO","SAN BERNARDINO",-117.27043914794922,34.094341278076172
90654448,2018,2018-02-05,9860,2018-02-02,1220,019251,,5,1,9,3600,0,1,3,,2,259,"SR-259 S/B FROM 30TH ST","30TH ST",40.00,S,N,A,-,Y,,,,,,,,,,N,3,0,1,2,A,-,11,21954,A,N,G,B,D,A,H,-,A,D,0,Y,,,,Y,,N,60,0,1,0,0,1,0,0,0,0,"- ","- ",34.146308898925781,-117.29682159423828,"SAN BERNARDINO",UNINCORPORATED,,
90655816,2018,2018-02-06,9860,2018-01-29,0735,016821,,1,1,9,3600,0,1,1,,2,102,"I-10 E/B TO CEDAR AVENUE","CEDAR AVENUE",4.00,W,N,A,-,Y,,,10,,,,R,,E,N,4,0,1,2,A,-,21,22106,,N,H,G,A,A,H,-,A,A,0,,Y,,,Y,,D,22,0,0,1,0,0,0,1,0,0,"- ","- ",34.067829132080078,-117.39610290527344,"SAN BERNARDINO",UNINCORPORATED,-117.39610290527344,34.067829132080078
90657600,2018,2018-02-08,9870,2018-02-07,0545,016935,,3,3,9,3600,0,1,3,,2,021,"STATE ROUTE 247 (OLD WOMAN SPRINGS RD)","VIN ROSE LANE",100.00,S,N,A,-,Y,,,247,,,,,,,N,4,0,1,2,A,-,11,21956,,N,G,B,E,A,H,-,D,D,0,Y,,,,Y,,N,60,0,0,1,0,1,0,0,0,0,"- ","- ",34.228469848632812,-116.43963623046875,"SAN BERNARDINO",UNINCORPORATED,-116.43962860107422,34.228469848632812
90657828,2018,2018-02-08,9860,2018-02-06,1615,016575,,2,2,9,3600,0,3,5,,2,003,"PALMETTO AVE","NEVADA ST",0.00,,Y,A,-,N,,,,,,,,,,N,4,0,1,2,A,-,09,21801,A,F,H,G,A,A,H,-,A,A,0,,Y,,,Y,,A,01,0,0,1,0,0,0,1,0,0,"- ","- ",34.084781646728516,-117.21749114990234,"SAN BERNARDINO",UNINCORPORATED,-117.21742248535156,34.084800720214844
90658633,2018,2018-02-09,9860,2018-02-06,1540,017875,,2,2,9,3600,0,1,3,,1,382,"MENTONE BLVD","TURQUOISE AVE",0.00,,Y,A,-,Y,,,,,,,,,,N,4,0,1,2,A,-,09,21800,B,N,H,G,A,A,H,-,A,A,0,,Y,,,Y,Y,L,04,0,0,1,0,0,0,1,0,0,"- ","- ",34.069999694824219,-117.13240814208984,"SAN BERNARDINO",UNINCORPORATED,-117.13246154785156,34.070041656494141
90676135,2017,2018-03-06,9855,2017-10-31,1349,019732,,2,1,5,3611,0,1,1,,2,103,"I-10 W/B (SAN BERNARDINO FWY)","SAN ANTONIO AVE.",755.00,W,N,B,-,Y,,,10,,,,,,W,Y,2,0,2,5,A,-,08,22107,,N,C,C,E,A,H,-,A,A,0,Y,,,Y,Y,,D,22,1,1,0,0,2,0,0,0,0,"- ","- ",34.087499999999999,-117.66336,"SAN BERNARDINO",UPLAND,-117.66335983,34.08743149
90682612,2018,2018-03-15,9850,2018-03-07,1700,022015,,3,2,9,3600,0,1,3,,2,042,SR-247,"MIDWAY AVE",60.00,E,N,A,-,Y,,,247,,,,,,,N,2,0,1,1,A,-,08,22107,,N,F,A,A,A,H,-,A,D,0,,Y,,,Y,,L,04,1,0,0,0,0,0,1,0,0,"- ","- ",34.444049835205078,-116.90187072753906,"SAN BERNARDINO",UNINCORPORATED,-116.90187072753906,34.444034576416016
90693239,2018,2018-03-30,9860,2018-03-21,2040,020518,,3,2,9,3600,0,3,5,,2,002,"DARBY ST. (2200 BLOCK)","DUFFY ST",145.00,W,N,B,-,N,,,,,,,,,,N,2,0,1,2,A,-,11,21954,A,F,G,B,E,A,H,-,D,D,0,Y,,,,Y,,N,60,1,0,0,0,1,0,0,0,0,"- ","- ",34.146961212158203,-117.34474182128906,"SAN BERNARDINO",UNINCORPORATED,-117.34468078613281,34.146938323974609