CASE_ID,ACCIDENT_YEAR,PROC_DATE,JURIS,COLLISION_DATE,COLLISION_TIME,OFFICER_ID,REPORTING_DISTRICT,DAY_OF_WEEK,CHP_SHIFT,POPULATION,CNTY_CITY_LOC,SPECIAL_COND,BEAT_TYPE,CHP_BEAT_TYPE,CITY_DIVISION_LAPD,CHP_BEAT_CLASS,BEAT_NUMBER,PRIMARY_RD,SECONDARY_RD,DISTANCE,DIRECTION,INTERSECTION,WEATHER_1,WEATHER_2,STATE_HWY_IND,CALTRANS_COUNTY,CALTRANS_DISTRICT,STATE_ROUTE,ROUTE_SUFFIX,POSTMILE_PREFIX,POSTMILE,LOCATION_TYPE,RAMP_INTERSECTION,SIDE_OF_HWY,TOW_AWAY,COLLISION_SEVERITY,NUMBER_KILLED,NUMBER_INJURED,PARTY_COUNT,PRIMARY_COLL_FACTOR,PCF_CODE_OF_VIOL,PCF_VIOL_CATEGORY,PCF_VIOLATION,PCF_VIOL_SUBSECTION,HIT_AND_RUN,TYPE_OF_COLLISION,MVIW,PED_ACTION,ROAD_SURFACE,ROAD_COND_1,ROAD_COND_2,LIGHTING,CONTROL_DEVICE,CHP_ROAD_TYPE,PEDESTRIAN_ACCIDENT,BICYCLE_ACCIDENT,MOTORCYCLE_ACCIDENT,TRUCK_ACCIDENT,NOT_PRIVATE_PROPERTY,ALCOHOL_INVOLVED,STWD_VEHTYPE_AT_FAULT,CHP_VEHTYPE_AT_FAULT,COUNT_SEVERE_INJ,COUNT_VISIBLE_INJ,COUNT_COMPLAINT_PAIN,COUNT_PED_KILLED,COUNT_PED_INJURED,COUNT_BICYCLIST_KILLED,COUNT_BICYCLIST_INJURED,COUNT_MC_KILLED,COUNT_MC_INJURED,PRIMARY_RAMP,SECONDARY_RAMP,LATITUDE,LONGITUDE,COUNTY,CITY,POINT_X,POINT_Y
91663642,2021,2021-12-28,9860,2021-12-17,1940,020002,,5,2,9,3600,0,3,5,,2,003,"CAJON BLVD","JUNE ST.",350.00,S,N,A,-,N,,,,,,,,,,N,3,0,1,2,A,-,03,22350,,F,C,G,A,A,H,-,D,D,0,,Y,,,Y,,-,99,0,1,0,0,0,0,1,0,0,"- ","- ",34.165950775146484,-117.34368896484375,"SAN BERNARDINO",UNINCORPORATED,-117.34622955322266,34.168674468994141
91669803,2021,2022-01-04,9855,2021-12-20,1115,014637,,1,1,6,3616,0,1,1,,2,203,"SR-210 W/B (FOOTHILL FWY) TO ARCHIBALD AVE.","ARCHIBALD AVE",3.00,E,N,A,-,Y,,,210,,,,R,,W,N,2,0,1,2,A,-,10,21950,A,N,G,B,B,A,H,-,A,A,0,Y,,,,Y,,D,22,1,0,0,0,1,0,0,0,0,"- ","- ",34.136009216308594,-117.593017578125,"SAN BERNARDINO","RANCHO CUCAMONGA",-117.593439,34.135632000000001
9167331,2020,2020-12-23,3604,2020-10-07,1143,769,,3,5,6,3604,0,0,0,,0,003,"SIERRA AV","VALLEY BL",0.00,,Y,A,-,N,,,,,,,,,,N,4,0,1,2,A,-,10,21950,A,N,G,B,B,A,H,-,A,A,0,Y,,,,Y,,A,01,0,0,1,0,1,0,0,0,0,"- ","- ",,,"SAN BERNARDINO",FONTANA,-117.43567657470703,34.070369720458984
91682787,2022,2022-01-21,9860,2022-01-13,2310,020856,,4,3,9,3600,0,3,5,,2,004,"LOCUST AVENUE","BYRNE STREET",131.00,S,N,A,-,N,,,,,,,,,,N,3,0,1,2,A,-,11,21956,A,F,G,B,E,A,H,-,D,D,0,Y,,,,Y,,N,60,0,1,0,0,1,0,0,0,0,"- ","- ",34.057949066162109,-117.40947723388672,"SAN BERNARDINO",UNINCORPORATED,-117.40946960449219,34.057991027832031
91685723,2021,2022-03-15,9860,2021-07-12,2224,021638,,1,3,4,3603,0,1,1,,2,214,"INTERSTATE 215 NORTHBOUND","IOWA AVENUE",2176.00,N,N,A,-,Y,,,215,,,,,,N,N,1,1,0,3,A,-,11,21954,A,N,G,B,E,A,H,-,C,D,0,Y,,,,Y,Y,N,60,0,0,0,1,0,0,0,0,0,"- ","- ",34.0283203125,-117.33107757568359,"SAN BERNARDINO",COLTON,-117.33110809326172,34.028347015380859
91691595,2021,2022-02-02,9865,2021-12-16,1915,014696,,4,2,9,3600,0,3,5,,2,002,"WAGON WHEEL DR","SILVER SPUCE DRIVE",11.00,S,N,A,-,N,,,,,,,,,,N,3,0,1,2,A,-,10,21954,B,M,G,B,E,C,H,-,D,D,0,Y,,,,Y,,A,07,0,1,0,0,1,0,0,0,0,"- ","- ",34.207981109619141,-117.10922241210938,"SAN BERNARDINO",UNINCORPORATED,-117.1151123046875,34.210250854492188
91697199,2022,2022-02-15,9835,2022-02-02,1805,020109,,3,2,9,3600,0,3,5,,2,032,"LENWOOD RD","AGATE RD",69.00,S,N,A,-,N,,,,,,,,,,N,2,0,1,2,A,-,11,21954,A,N,G,B,E,A,H,-,D,D,0,Y,,,Y,Y,,N,60,1,0,0,0,1,0,0,0,0,"- ","- ",34.892440795898438,-117.11808013916016,"SAN BERNARDINO",UNINCORPORATED,-117.11810302734375,34.892539978027344
91698305,2022,2022-02-11,9860,2022-02-01,1430,019467,,2,2,9,3600,0,3,5,,2,002,"STERLING AVE","DATE PL.",0.00,,Y,A,-,Y,SBD,,210,,R,26.295,H,,R,N,3,0,2,3,A,-,17,21451,A,N,D,C,B,A,H,-,A,A,0,Y,,,,Y,,A,01,0,1,1,0,1,0,0,0,0,"- ","- ",34.138648986816406,-117.24378204345703,"SAN BERNARDINO",UNINCORPORATED,-117.24365997314453,34.138851165771484
91699111,2022,2022-02-11,9835,2022-01-30,1705,022324,,7,2,9,3600,0,3,5,,2,032,"ANDERSON AVE","BIRCH RD",50.00,E,N,A,-,N,,,,,,,,,,N,3,0,1,2,A,-,09,21804,A,N,D,G,A,A,H,-,B,D,0,,Y,,,Y,,L,04,0,1,0,0,0,0,1,0,0,"- ","- ",34.877960205078125,-117.10418701171875,"SAN BERNARDINO",UNINCORPORATED,-117.1046142578125,34.877780914306641
9170468,2020,2020-12-16,3600,2020-10-17,0943,F6913,RC058,6,5,6,3616,0,0,0,,0,004,"ARROW RT","BAKER AV",0.00,,Y,A,-,N,,,,,,,,,,N,4,0,1,2,A,-,10,21950,A,N,G,B,-,A,H,-,A,A,0,Y,,,,Y,,A,01,0,0,1,0,1,0,0,0,0,"- ","- ",,,"SAN BERNARDINO","RANCHO CUCAMONGA",-117.61984252929688,34.099380493164062
9170517,2020,2020-11-18,3600,2020-09-21,1745,C9389,RC013,1,5,6,3616,0,0,0,,0,RC3,"VICTORIA PARK LN","ROCHESTER AV",0.00,,Y,A,-,N,,,,,,,,,,N,3,0,1,2,A,-,09,21801,A,N,D,G,A,A,H,-,B,A,0,,Y,,,Y,,A,01,0,1,0,0,0,0,1,0,0,"- ","- ",,,"SAN BERNARDINO","RANCHO CUCAMONGA",-117.54541778564453,34.12860107421875
91710121,2021,2022-02-25,9855,2021-12-12,0252,017459,,7,3,6,3604,0,1,1,,2,101,"INTERSTATE 10, EASTBOUND (SAN BERNARDINO FWY)","SIERRA AVENUE",272.00,W,N,A,-,Y,,,10,,,,,,E,Y,2,0,1,2,C,-,18,,,N,E,I,E,A,C,-,D,D,0,Y,,,Y,Y,,-,"- ",1,0,0,0,1,0,0,0,0,"- ","- ",34.067100524902344,-117.43630218505859,"SAN BERNARDINO",FONTANA,-117.43630981445312,34.067283630371094
91710192,2021,2023-06-02,9860,2021-07-19,2235,020572,,1,3,4,3603,0,1,1,,2,214,"INTERSTATE 215 NORTHBOUND TO INTERSTATE 10 EASTBOU","HUNTS LANE",1990.00,W,N,A,-,Y,,,215,,,,R,,N,N,1,1,0,2,A,-,08,22107,,N,G,B,E,A,H,-,C,D,0,Y,,,Y,Y,,G,25,0,0,0,1,0,0,0,0,0,"- ","- ",34.063381195068359,-117.29412078857422,"SAN BERNARDINO",COLTON,-117.29412078857422,34.063381195068359
91711176,2021,2022-02-28,9860,2021-08-20,2216,021451,,5,3,6,3610,0,1,1,,2,216,"INTERSTATE 215 SOUTHBOUND","HIGHLAND AVENUE",550.00,N,N,A,-,Y,,,215,,,,,,S,Y,1,1,0,2,A,-,11,21954,A,N,G,B,D,A,H,-,D,D,0,Y,,,,Y,,N,60,0,0,0,1,0,0,0,0,0,"- ","- ",34.137168884277344,-117.31465148925781,"SAN BERNARDINO","SAN BERNARDINO",-117.31460571289062,34.137214660644531
91711409,2021,2022-02-28,9855,2021-12-23,1508,016729,,4,2,6,3604,0,1,1,,2,153,"INTERSTATE 15 SOUTHBOUND (ONTARIO FWY)","DUNCAN CANYON ROAD",2618.00,N,N,B,C,Y,,,15,,,,,,S,N,1,1,0,2,A,-,03,22350,,N,G,B,F,B,H,-,A,D,0,Y,,,,Y,,A,01,0,0,0,1,0,0,0,0,0,"- ","- ",34.170181274414062,-117.45536804199219,"SAN BERNARDINO",FONTANA,-117.45532989501953,34.170120239257812
91717813,2021,2022-06-17,9860,2021-04-29,2305,019251,,4,3,6,3610,0,1,1,,2,201,"STATE ROUTE 210 EASTBOUND","STATE STREET",2580.00,W,N,A,-,Y,,,210,,,,,,E,Y,1,1,0,2,A,-,11,21954,A,N,G,B,E,A,H,-,C,D,0,Y,,,,Y,,N,60,0,0,0,1,0,0,0,0,0,"- ","- ",34.134788513183594,-117.34507751464844,"SAN BERNARDINO","SAN BERNARDINO",-117.34507751464844,34.134799957275391
9172351,2020,2020-12-02,3600,2020-09-29,2121,G4526,AP006,2,5,5,3621,0,0,0,,0,AP1,"RT 18","NAVAJO RD",0.00,,Y,A,-,Y,SBD,8,18,-,-,88.871,I,5,N,N,3,0,1,2,A,-,10,21950,A,N,G,G,A,A,H,-,C,A,0,,Y,,,Y,,A,01,0,1,0,0,0,0,1,0,0,"- ","- ",,,"SAN BERNARDINO","APPLE VALLEY",-117.19026947021484,34.500576019287109
91726878,2021,2022-03-18,9855,2021-05-05,0238,021941,,3,3,6,3604,0,1,1,,2,201,"STATE ROUTE 210 WESTBOUND","SIERRA AVENUE",2418.00,W,N,A,-,Y,,,210,,,,,,W,Y,1,1,2,3,A,-,03,22350,,N,G,B,E,A,B,-,C,D,0,Y,,,Y,Y,,A,01,1,1,0,0,1,0,0,0,0,"- ","- ",34.136451721191406,-117.44423675537109,"SAN BERNARDINO",FONTANA,-117.44423675537109,34.136539459228516
91731247,2022,2022-03-24,9860,2022-03-09,1850,019706,,3,2,9,3600,0,3,5,,2,003,"TIPPECANOE AVE","5TH ST.",305.00,S,N,A,-,N,,,,,,,,,,N,4,0,1,2,A,-,11,21954,A,F,G,B,E,A,H,-,D,D,0,Y,,,,Y,,N,60,0,0,1,0,1,0,0,0,0,"- ","- ",34.107398986816406,-117.26110076904297,"SAN BERNARDINO",UNINCORPORATED,-117.26103210449219,34.107494354248047
9174436,2020,2020-11-10,3604,2020-09-02,1922,1118,,3,5,6,3604,0,0,0,,0,,"ALMERIA AV","FAIRVIEW DR",20.00,S,N,A,-,N,,,,,,,,,,N,3,0,1,2,A,-,12,22450,A,N,D,G,A,A,H,-,A,D,0,,Y,,,Y,Y,L,04,0,1,0,0,0,0,1,0,0,"- ","- ",,,"SAN BERNARDINO",FONTANA,-117.46022033691406,34.112174987792969
9174633,2020,2021-01-07,3604,2020-10-15,0801,769,,4,5,6,3604,0,0,0,,0,003,"SIERRA AV","CERES AV",164.00,S,N,A,-,N,,,,,,,,,,N,3,0,1,2,A,-,17,21663,,N,D,G,A,A,H,-,A,D,0,,Y,,,Y,,L,04,0,1,0,0,0,0,1,0,0,"- ","- ",,,"SAN BERNARDINO",FONTANA,-117.43572998046875,34.093780517578125
9175030,2020,2020-12-28,3600,2020-10-23,1828,D3381,VC075,5,5,5,3612,0,0,0,,0,VC6,"MOJAVE DR","CONDOR RD",0.00,,Y,A,-,N,,,,,,,,,,Y,2,0,1,2,A,-,01,23152,A,N,G,B,D,A,H,-,C,A,0,Y,,,,Y,Y,A,01,1,0,0,0,1,0,0,0,0,"- ","- ",,,"SAN BERNARDINO",VICTORVILLE,-117.32093811035156,34.528861999511719
9175100,2020,2020-11-12,3610,2020-09-19,1100,51276,,6,5,6,3610,0,0,0,,0,DAVID,"N H ST NORTH ALLEY WAY","VINE ST",73.00,N,N,A,-,N,,,,,,,,,,N,3,0,1,2,A,-,11,21956,,F,G,B,E,A,H,-,A,D,0,Y,,,,Y,,N,60,0,1,0,0,1,0,0,0,0,"- ","- ",34.113040924072266,-117.29998016357422,"SAN BERNARDINO","SAN BERNARDINO",,
91751695,2022,2022-04-20,9860,2022-04-07,1924,020774,,4,2,9,3600,0,3,5,,2,002,"MESA ST.","STATE ST.",400.00,E,N,A,-,N,,,,,,,,,,N,2,0,1,2,A,-,09,21804,A,N,A,G,A,A,H,-,A,D,0,,Y,,,Y,Y,L,04,1,0,0,0,0,0,1,0,0,"- ","- ",34.139701843261719,-117.33424377441406,"SAN BERNARDINO",UNINCORPORATED,-117.33415222167969,34.1396484375
91755372,2022,2022-04-25,9865,2022-04-17,1300,019929,,7,1,9,3600,0,3,5,,2,003,"BALDWIN LN","SPRUCE LN",0.00,,Y,A,-,N,,,,,,,,,,N,2,0,1,2,A,-,12,22450,A,N,D,G,A,A,H,-,A,A,0,,Y,,,Y,,L,04,1,0,0,0,0,0,1,0,0,"- ","- ",34.250438690185547,-116.82377624511719,"SAN BERNARDINO",UNINCORPORATED,-116.82376098632812,34.250461578369141
91756108,2022,2022-04-25,9865,2022-04-13,1821,014696,,3,2,9,3600,0,1,3,,1,022,SR-18,"HUNSACKER WAY",0.00,,Y,A,-,Y,SBD,,18,,,32.026,H,,R,N,2,0,1,2,A,-,09,21801,A,N,D,G,A,A,H,-,A,D,0,,Y,,,Y,,A,07,1,0,0,0,0,0,1,0,0,"- ","- ",34.204860687255859,-117.10209655761719,"SAN BERNARDINO",UNINCORPORATED,-117.10212707519531,34.204795837402344
91761739,2022,2022-05-02,9860,2022-04-21,1300,016590,,4,1,6,3610,0,1,1,,2,201,"SR-210 E/B","STATE ST.",18.00,E,N,A,-,Y,SBD,,210,,,20.695,H,,R,Y,3,0,1,4,A,-,03,22350,,N,C,C,E,A,H,-,A,D,0,Y,,,,Y,,A,01,0,1,0,0,1,0,0,0,0,"- ","- ",34.134441375732422,-117.33570098876953,"SAN BERNARDINO","SAN BERNARDINO",-117.33570098876953,34.134433746337891
91762083,2022,2022-05-02,9850,2022-04-23,1445,022734,,6,2,9,3600,0,3,5,,2,005,"SILVER LAKES PKY","OUTRIGGER LN",439.00,N,N,A,-,N,,,,,,,,,,N,3,0,1,2,A,-,05,21460,A,N,A,G,A,A,H,-,A,D,0,,Y,,,Y,,L,04,0,1,0,0,0,0,1,0,0,"- ","- ",34.751888275146484,-117.348388671875,"SAN BERNARDINO",UNINCORPORATED,-117.34843444824219,34.751834869384766
9176652,2020,2020-12-10,3610,2020-09-20,0728,51159,,7,5,6,3610,0,0,0,,0,BAKER,"N MAYFIELD AV","W 30TH ST",0.00,,Y,A,-,N,,,,,,,,,,N,2,0,1,2,A,-,11,21956,,N,G,B,E,A,H,-,A,D,0,Y,,,,Y,,N,60,1,0,0,0,1,0,0,0,0,"- ","- ",34.145938873291016,-117.29071807861328,"SAN BERNARDINO","SAN BERNARDINO",-117.29067993164062,34.145988464355469
9177100,2020,2020-12-09,3610,2020-09-11,1330,51260,,5,5,6,3610,0,0,0,,0,DAVID,"W 3RD ST","NORTH ARROWHEAD AV",0.00,,Y,A,-,N,,,,,,,,,,N,2,0,1,2,A,-,12,21453,A,N,G,B,B,A,H,-,A,A,0,Y,,,,Y,Y,A,01,1,0,0,0,1,0,0,0,0,"- ","- ",,,"SAN BERNARDINO","SAN BERNARDINO",-117.28964996337891,34.104579925537109
9178522,2020,2020-12-21,3600,2020-10-14,1505,G6918,VC075,3,5,5,3612,0,0,0,,0,VC6,"MOJAVE DR","CONDOR RD",346.00,E,N,A,-,N,,,,,,,,,,N,4,0,1,2,A,-,03,22350,,N,D,G,A,A,H,-,A,A,0,,Y,,,Y,,L,04,0,0,1,0,0,0,1,0,0,"- ","- ",,,"SAN BERNARDINO",VICTORVILLE,-117.31979370117188,34.528877258300781
91786250,2022,2022-06-01,9870,2022-05-27,0805,016935,,5,1,9,3600,0,3,5,,2,002,"RECHE ROAD","SUNSET MESA ROAD",53.00,E,N,A,-,N,,,,,,,,,,N,2,0,1,2,A,-,06,21760,B,N,C,G,A,A,H,-,A,D,0,,Y,,,Y,,A,01,1,0,0,0,0,0,1,0,0,"- ","- ",34.266159057617188,-116.37754058837891,"SAN BERNARDINO",UNINCORPORATED,-116.37754821777344,34.266132354736328
91789957,2022,2022-06-07,9855,2022-05-01,0400,021543,,7,3,9,3600,0,3,5,,2,001,"VALLEY BLVD. E/B (13000 BLOCK)","ETIWANDA AVE",775.00,E,N,A,-,N,,,,,,,,,,N,2,0,1,2,A,-,08,22107,,N,G,G,A,A,H,-,C,D,0,,Y,,,Y,,L,04,1,0,0,0,0,0,1,0,0,"- ","- ",34.070980072021484,-117.52057647705078,"SAN BERNARDINO",UNINCORPORATED,-117.52165985107422,34.070980072021484
91791421,2022,2022-06-08,9855,2022-05-14,0239,022055,,6,3,6,3607,0,1,1,,2,103,"I-10 E/B (SAN BERNARDINO FWY)","4TH ST.",1440.00,E,N,A,-,Y,SBD,,10,,,5.479,H,,R,N,2,0,2,4,A,-,08,22107,,F,G,B,E,A,D,-,C,D,0,Y,,,Y,Y,,-,99,1,1,0,0,2,0,0,0,0,"- ","- ",34.075748443603516,-117.62026214599609,"SAN BERNARDINO",ONTARIO,-117.62026977539062,34.075736999511719
91792930,2022,2022-06-10,9850,2022-06-01,1000,020648,,3,1,9,3600,0,3,5,,2,003,"DEEP CREEK ROAD","WITCH'S MOUNTAIN ROAD",28.00,S,N,A,-,N,,,,,,,,,,N,3,0,1,2,A,-,06,21760,B,F,B,G,A,A,H,-,A,D,0,,Y,,,Y,,-,99,0,1,0,0,0,0,1,0,0,"- ","- ",34.407470703125,-117.22469329833984,"SAN BERNARDINO",UNINCORPORATED,,
91800808,2022,2022-06-22,9860,2022-06-13,2240,021980,,1,3,9,3600,0,2,4,,2,411,"CEDAR AVE","ORANGE ST",235.00,S,N,A,-,N,,,,,,,,,,N,2,0,1,2,A,-,11,21954,A,F,G,B,D,A,H,-,C,D,0,Y,,,,Y,,N,60,1,0,0,0,1,0,0,0,0,"- ","- ",34.064319610595703,-117.39640045166016,"SAN BERNARDINO",UNINCORPORATED,-117.39643859863281,34.064346313476562
91801250,2022,2022-06-22,9870,2022-05-09,1410,020512,,1,2,9,3600,0,1,3,,1,011,"SR-62 (TWENTYNINE PALMS HWY.)","SENILIS AVE",387.00,E,N,A,-,Y,SBD,,62,,,1.319,H,,R,Y,1,1,2,4,A,-,08,22107,,N,G,1,E,A,H,-,A,D,0,Y,,,,Y,,D,22,0,2,0,1,0,0,0,0,0,"- ","- ",34.048091888427734,-116.5794677734375,"SAN BERNARDINO",UNINCORPORATED,-116.57940673828125,34.048042297363281
91807170,2022,2022-06-30,9860,2022-03-15,2145,020572,,2,2,9,3600,0,2,4,,2,411,"CEDAR AVENUE","7TH STREET",9.00,W,N,A,-,N,,,,,,,,,,N,1,1,0,2,A,-,12,21453,A,N,H,G,A,A,H,-,C,A,0,,Y,,,Y,,L,04,0,0,0,0,0,1,0,0,0,"- ","- ",34.040321350097656,-117.39656829833984,"SAN BERNARDINO",UNINCORPORATED,-117.39644622802734,34.040290832519531
91812154,2022,2022-07-07,9855,2022-03-13,2000,017213,,7,2,6,3607,0,1,3,,2,601,"SR-60 E/B (POMONA FWY)","VINEYARD AVENUE",1099.00,E,N,A,-,Y,SBD,,60,,R,7.068,H,,R,N,1,1,0,2,A,-,11,21954,A,N,G,B,E,A,H,-,D,D,0,Y,,,,Y,,N,60,0,0,0,1,0,0,0,0,0,"- ","- ",34.030330657958984,-117.60751342773438,"SAN BERNARDINO",ONTARIO,-117.60751342773438,34.030509948730469
91815062,2022,2022-07-12,9850,2022-07-01,0806,021162,,5,1,9,3600,0,1,3,,2,040,SR-18,"WILLOW WELLS ROAD",1584.00,E,N,A,-,Y,SBD,,18,,,77.785,H,,R,Y,2,0,1,2,A,-,03,38305,,N,D,G,A,A,H,-,A,D,0,,Y,,,Y,,L,04,1,0,0,0,0,0,1,0,0,"- ","- ",34.450809478759766,-117.01898193359375,"SAN BERNARDINO",UNINCORPORATED,-117.01898193359375,34.450736999511719
91818186,2021,2022-07-15,9835,2021-12-20,2500,020109,,1,4,9,3600,0,3,5,,2,032,"NATIONAL TRAILS HWY","MEADOW VIEW RD",200.00,E,N,A,-,N,,,,,,,,,,N,1,1,0,2,A,-,08,22107,,F,G,B,E,A,H,-,D,D,0,Y,,,,Y,,-,99,0,0,0,1,0,0,0,0,0,"- ","- ",34.749649047851562,-117.29621887207031,"SAN BERNARDINO",UNINCORPORATED,-117.29635620117188,34.749595642089844
9182021,2020,2020-11-13,3600,2020-09-22,1947,E8923,HI005,2,5,4,3618,0,0,0,,0,HI1,"9TH ST","MCKINLEY ST",20.00,W,N,A,-,N,,,,,,,,,,N,3,0,1,2,A,-,11,21954,A,N,G,B,D,A,H,-,C,D,0,Y,,,,Y,,N,60,0,1,0,0,1,0,0,0,0,"- ","- ",34.115730285644531,-117.23748016357422,"SAN BERNARDINO",HIGHLAND,-117.237548828125,34.115730285644531
9182038,2020,2020-11-13,3603,2020-09-25,0708,4916,CPD,5,5,4,3603,0,0,0,,0,002,"FAIRVIEW AV","COLTON AV",0.00,,Y,A,-,N,,,,,,,,,,N,4,0,1,2,A,-,10,21950,A,M,G,B,B,A,H,-,A,A,0,Y,,,,Y,,-,99,0,0,1,0,1,0,0,0,0,"- ","- ",34.076770782470703,-117.31017303466797,"SAN BERNARDINO",COLTON,-117.31014251708984,34.07672119140625
9182152,2020,2020-12-03,3609,2020-10-30,2200,6421,RI144,5,5,5,3609,0,0,0,,0,003,"RIALTO AV","LINDEN AV",0.00,,Y,A,-,N,,,,,,,,,,N,4,0,1,2,A,-,05,21202,A,F,D,G,A,A,H,-,C,A,0,,Y,,,Y,Y,L,04,0,0,1,0,0,0,1,0,0,"- ","- ",34.097900390625,-117.40299987792969,"SAN BERNARDINO",RIALTO,-117.40088653564453,34.099521636962891
91823706,2022,2022-07-25,9860,2022-06-05,2035,022319,,7,2,9,3600,0,3,5,,2,002,"PACIFIC ST.","DEL ROSA DR",3.00,W,N,A,-,N,,,,,,,,,,N,4,0,1,2,A,-,10,21950,A,N,G,B,B,A,H,-,C,A,0,Y,,,,Y,,A,07,0,0,1,0,1,0,0,0,0,"- ","- ",34.128688812255859,-117.2525634765625,"SAN BERNARDINO",UNINCORPORATED,-117.25238037109375,34.128589630126953
91824026,2022,2022-07-25,9865,2022-07-18,1900,021587,,1,2,9,3600,0,3,5,,2,001,"WHISPERING PINES DR","NARDI LN",8.00,W,N,B,-,N,,,,,,,,,,N,3,0,1,2,A,-,11,21954,A,N,G,B,E,A,H,-,A,D,0,Y,,,,Y,,N,60,0,1,0,0,1,0,0,0,0,"- ","- ",34.250621795654297,-117.32554626464844,"SAN BERNARDINO",UNINCORPORATED,-117.32550811767578,34.250606536865234
91832985,2022,2022-08-04,9860,2022-07-27,2105,022359,,3,2,6,3610,0,1,1,,2,202,"HIGHLAND AVE TO SR-210 WESTBOUND","HIGHLAND AVE",124.00,N,N,A,-,Y,SBD,,210,,R,26.781,H,,L,N,2,0,1,2,A,-,08,22107,,N,D,G,A,A,H,-,C,D,0,,Y,,,Y,,L,04,1,0,0,0,0,0,1,0,0,"- ","- ",34.136138916015625,-117.23576354980469,"SAN BERNARDINO","SAN BERNARDINO",-117.23587036132812,34.135955810546875
91845608,2022,2022-08-22,9850,2022-08-01,0450,018211,,1,3,9,3600,0,3,5,,2,005,"WILSON RANCH ROAD","WALNUT ROAD",99.00,S,N,A,-,N,,,,,,,,,,N,1,1,0,2,A,-,11,21956,A,N,G,B,E,A,H,-,D,D,0,Y,,,,Y,,N,60,0,0,0,1,0,0,0,0,0,"- ","- ",34.442638397216797,-117.52123260498047,"SAN BERNARDINO",UNINCORPORATED,-117.52119445800781,34.44268798828125
91853404,2022,2022-09-28,9850,2022-08-19,1900,021765,,5,2,9,3600,0,1,3,,2,046,"STATE ROUTE 247","BARSTOW RD",1056.00,E,N,A,-,Y,SBD,,247,,,44.422,H,,R,N,1,1,0,2,A,-,06,21751,,N,G,1,E,A,H,-,A,D,0,Y,,,,Y,,A,01,0,0,0,1,0,0,0,0,0,"- ","- ",34.443931579589844,-116.94255065917969,"SAN BERNARDINO",UNINCORPORATED,-116.94255065917969,34.443946838378906
91855194,2022,2022-09-01,9855,2022-05-01,1155,016375,,7,1,9,3600,0,3,5,,2,004,"CENTRAL AVENUE  N/B (11100 BLOCK)","HOWARD STREET",110.00,S,N,A,-,N,,,,,,,,,,Y,1,1,1,5,A,-,06,21755,A,N,B,C,E,A,H,-,A,D,0,Y,,,,Y,,A,01,0,1,0,0,1,0,0,0,0,"- ","- ",34.0518798828125,-117.68934631347656,"SAN BERNARDINO",UNINCORPORATED,-117.68951416015625,34.051910400390625
91866816,2022,2022-09-16,9855,2022-09-06,1010,021543,,2,1,9,3600,0,3,5,,2,004,"CENTRAL AVE (10700 BLOCK)","MISSION BLVD",1056.00,N,N,A,-,N,,,,,,,,,,N,3,0,1,1,A,-,08,22107,,N,F,J,A,A,H,-,A,D,0,,Y,,,Y,,L,04,0,1,0,0,0,0,1,0,0,"- ","- ",34.058639526367188,-117.689697265625,"SAN BERNARDINO",UNINCORPORATED,-117.68960571289062,34.058689117431641
91871009,2022,2022-09-22,9850,2022-09-19,1835,022148,,1,2,9,3600,0,3,5,,2,004,"FOOTHILL RD","MESA RD",265.00,W,N,A,-,N,,,,,,,,,,N,4,0,1,2,A,-,08,22107,,N,G,B,E,A,H,-,B,D,0,Y,,,,Y,,D,22,0,0,1,0,1,0,0,0,0,"- ","- ",34.429401397705078,-116.95554351806641,"SAN BERNARDINO",UNINCORPORATED,-116.95550537109375,34.429344177246094
9187137,2020,2021-02-03,3600,2020-11-18,1734,G8526,HE104,3,5,5,3619,0,0,0,,0,HE1,"BEAR VALLEY RD","3RD AV",0.00,,Y,A,-,N,,,,,,,,,,N,2,0,1,2,A,-,11,21954,A,N,G,B,D,A,H,-,C,D,0,Y,,,,Y,,N,60,1,0,0,0,1,0,0,0,0,"- ","- ",,,"SAN BERNARDINO",HESPERIA,-117.30361938476562,34.470851898193359