CASE_ID,ACCIDENT_YEAR,PROC_DATE,JURIS,COLLISION_DATE,COLLISION_TIME,OFFICER_ID,REPORTING_DISTRICT,DAY_OF_WEEK,CHP_SHIFT,POPULATION,CNTY_CITY_LOC,SPECIAL_COND,BEAT_TYPE,CHP_BEAT_TYPE,CITY_DIVISION_LAPD,CHP_BEAT_CLASS,BEAT_NUMBER,PRIMARY_RD,SECONDARY_RD,DISTANCE,DIRECTION,INTERSECTION,WEATHER_1,WEATHER_2,STATE_HWY_IND,CALTRANS_COUNTY,CALTRANS_DISTRICT,STATE_ROUTE,ROUTE_SUFFIX,POSTMILE_PREFIX,POSTMILE,LOCATION_TYPE,RAMP_INTERSECTION,SIDE_OF_HWY,TOW_AWAY,COLLISION_SEVERITY,NUMBER_KILLED,NUMBER_INJURED,PARTY_COUNT,PRIMARY_COLL_FACTOR,PCF_CODE_OF_VIOL,PCF_VIOL_CATEGORY,PCF_VIOLATION,PCF_VIOL_SUBSECTION,HIT_AND_RUN,TYPE_OF_COLLISION,MVIW,PED_ACTION,ROAD_SURFACE,ROAD_COND_1,ROAD_COND_2,LIGHTING,CONTROL_DEVICE,CHP_ROAD_TYPE,PEDESTRIAN_ACCIDENT,BICYCLE_ACCIDENT,MOTORCYCLE_ACCIDENT,TRUCK_ACCIDENT,NOT_PRIVATE_PROPERTY,ALCOHOL_INVOLVED,STWD_VEHTYPE_AT_FAULT,CHP_VEHTYPE_AT_FAULT,COUNT_SEVERE_INJ,COUNT_VISIBLE_INJ,COUNT_COMPLAINT_PAIN,COUNT_PED_KILLED,COUNT_PED_INJURED,COUNT_BICYCLIST_KILLED,COUNT_BICYCLIST_INJURED,COUNT_MC_KILLED,COUNT_MC_INJURED,PRIMARY_RAMP,SECONDARY_RAMP,LATITUDE,LONGITUDE,COUNTY,CITY,POINT_X,POINT_Y
9204299,2020,2021-01-22,3603,2020-11-22,1452,5029,CPD,7,5,4,3603,0,0,0,,0,002,"COLTON AVE","E ST",547.00,N,N,A,-,N,,,,,,,,,,N,3,0,1,2,A,-,11,21955,,M,G,B,D,A,H,-,A,A,0,Y,,,,Y,,-,99,0,1,0,0,1,0,0,0,0,"- ","- ",34.070468902587891,-117.3182373046875,"SAN BERNARDINO",COLTON,-117.31719970703125,34.071521759033203
92043143,2023,2023-04-12,9860,2023-04-02,1850,022553,,7,2,9,3600,0,3,5,,2,002,"STATE ST","PORTER ST",0.00,,Y,A,-,N,,,,,,,,,,Y,3,0,2,4,A,-,01,23152,A,N,D,C,E,A,H,-,A,A,0,Y,,,,Y,Y,A,01,0,1,1,0,1,0,0,0,0,"- ","- ",34.141441345214844,-117.33544921875,"SAN BERNARDINO",UNINCORPORATED,-117.33547210693359,34.141464233398438
92044304,2023,2023-04-13,9855,2023-04-12,2324,021403,,3,3,9,3600,0,3,5,,2,001,"CHERRY AVENUE (9600 BLOCK)","SAN BERNARDINO AVENUE",60.00,N,N,B,-,N,,,,,,,,,,N,2,0,1,2,A,-,11,21954,A,N,G,B,D,B,H,-,D,D,0,Y,,,,Y,,N,60,1,0,0,0,1,0,0,0,0,"- ","- ",34.077629089355469,-117.48880767822266,"SAN BERNARDINO",UNINCORPORATED,-117.48889923095703,34.077423095703125
92052630,2023,2023-04-25,9835,2023-04-13,2140,022619,,4,2,9,3600,0,3,5,,2,032,"NATIONAL TRAILS","DELANEY RD",35.00,W,N,A,-,N,,,,,,,,,,N,2,0,1,2,C,-,18,,,N,B,B,E,A,H,-,D,D,0,Y,,,,Y,,-,"- ",1,0,0,0,1,0,0,0,0,"- ","- ",34.858921051025391,-117.13603210449219,"SAN BERNARDINO",UNINCORPORATED,-117.13615417480469,34.858856201171875
92053442,2023,2023-04-26,9855,2023-04-04,1620,023027,,2,2,9,3600,0,3,5,,2,004,"11388 NORTON AVE.","PHILLIPS BLVD.",170.00,N,N,A,-,N,,,,,,,,,,N,3,0,1,2,A,-,21,22106,,N,E,I,F,A,H,-,A,D,0,Y,,,,Y,,A,01,0,1,0,0,1,0,0,0,0,"- ","- ",34.046958923339844,-117.71102905273438,"SAN BERNARDINO",UNINCORPORATED,-117.71135711669922,34.046340942382812
92054532,2023,2023-04-27,9850,2023-04-09,2045,022734,,7,2,9,3600,0,2,4,,2,050,"BALDY MESA RD","AVENAL ST",82.00,S,N,A,-,N,,,,,,,,,,Y,2,0,1,2,A,-,03,22350,,N,C,G,A,A,H,-,D,D,0,,Y,,,Y,,A,07,1,0,0,0,0,0,1,0,0,"- ","- ",34.437141418457031,-117.45101165771484,"SAN BERNARDINO",UNINCORPORATED,-117.45101165771484,34.437206268310547
9205778,2020,2021-02-20,3600,2020-12-04,1932,H5177,VC070,5,5,5,3612,0,0,0,,0,VC5,"TOPAZ RD","ARVILA ST",0.00,,Y,A,-,N,,,,,,,,,,N,3,0,1,2,A,-,11,21954,A,M,G,B,D,A,H,-,C,D,0,Y,,,,Y,Y,N,60,0,1,0,0,1,0,0,0,0,"- ","- ",,,"SAN BERNARDINO",VICTORVILLE,-117.38178253173828,34.500858306884766
9205837,2020,2021-02-12,3600,2020-12-13,1610,F4486,YC003,7,5,4,3640,0,0,0,,0,YC03,"STOVALL WY","AGLE POINT DR",140.00,N,N,A,-,N,,,,,,,,,,N,3,0,1,2,A,-,05,21650,1,N,D,G,A,A,H,-,A,D,0,,Y,,,Y,,L,04,0,1,0,0,0,0,1,0,0,"- ","- ",34.035739898681641,-117.08303833007812,"SAN BERNARDINO",YUCAIPA,-117.083056,34.035642000000003
92061119,2023,2023-05-04,9835,2023-04-25,2238,021482,,2,3,9,3600,0,1,1,,2,074,"I-15 S/B","ZZYZX RD",10032.00,S,N,A,-,Y,SBD,,15," ",R,128.559,H,,L,Y,4,0,2,3,C,-,18,,,N,B,2,E,A,H,-,D,D,0,Y,,,Y,Y,,-,"- ",0,0,2,0,1,0,0,0,0,"- ","- ",35.184471130371094,-116.16506958007812,"SAN BERNARDINO",UNINCORPORATED,-116.16505432128906,35.184459686279297
92061724,2023,2023-05-04,9870,2023-04-16,"510 ",020280,,7,3,9,3600,0,1,3,,1,031,"STATE ROUTE 62 (TWENTYNINE PALMS HIGHWAY)","HILL VIEW ROAD",428.00,W,N,A,-,Y,SBD,,62," "," ",17.897,H,,R,N,1,1,0,2,A,-,11,21954,A,N,G,B,E,A,H,-,D,D,0,Y,,,,Y,,-,"- ",0,0,0,1,0,0,0,0,0,"- ","- ",34.134891510009766,-116.32164001464844,"SAN BERNARDINO",UNINCORPORATED,-116.32164001464844,34.134967803955078
9206372,2021,2021-03-19,3610,2021-01-11,1850,51245,,1,5,6,3610,0,0,0,,0,,"E 40TH ST","N LUGO AV",0.00,,Y,A,-,N,,,,,,,,,,N,3,0,1,2,A,-,11,21956,,F,A,B,D,A,H,-,C,A,0,Y,,,,Y,,N,60,0,1,0,0,1,0,0,0,0,"- ","- ",34.164951324462891,-117.27867889404297,"SAN BERNARDINO","SAN BERNARDINO",-117.28385925292969,34.164882659912109
92068304,2023,2023-05-15,9860,2023-05-06,1110,021980,,6,1,9,3600,0,3,5,,2,003,"5TH AVE","KING ST",300.00,W,N,A,-,N,,,,,,,,,,N,2,0,1,2,A,-,08,22107,,F,H,G,A,A,H,-,A,D,0,,Y,,,Y,,M,91,1,0,0,0,0,0,1,0,0,"- ","- ",34.048320770263672,-117.12679290771484,"SAN BERNARDINO",UNINCORPORATED,-117.12672424316406,34.048286437988281
92069397,2023,2023-05-15,9865,2023-05-12,1610,021392,,5,2,9,3600,0,3,5,,2,001,"KNAPPS CUTOFF","CEDAR LN",20.00,W,N,A,-,N,,,,,,,,,,Y,2,0,2,4,A,-,01,23152,A,F,G,1,E,A,H,-,A,A,0,Y,,,,Y,Y,D,22,1,1,0,0,1,0,0,0,0,"- ","- ",34.241729736328125,-117.28961944580078,"SAN BERNARDINO",UNINCORPORATED,-117.28949737548828,34.241641998291016
9207036,2020,2021-02-08,3600,2020-11-06,2056,F7808,BL1,5,5,2,3680,0,0,0,,0,BL1,"BARTLETT RD","BIG BEAR BL",25.00,S,N,A,-,N,,,,,,,,,,N,2,0,1,2,A,-,08,22107,,F,G,B,B,A,H,-,C,D,0,Y,,,,Y,,-,99,1,0,0,0,1,0,0,0,0,"- ","- ",,,"SAN BERNARDINO","BIG BEAR LAKE",-116.91213226318359,34.243621826171875
9207355,2020,2021-02-11,3602,2020-12-15,1720,3368,54,2,5,5,3602,0,0,0,,0,002,"CEDRO AVE","RIVERSIDE DR",0.00,,Y,A,-,N,,,,,,,,,,N,3,0,1,2,A,-,11,21950,B,N,D,G,B,A,H,-,C,A,0,Y,,,,Y,,N,60,0,1,0,0,1,0,0,0,0,"- ","- ",34.019309997558594,-117.660400390625,"SAN BERNARDINO",CHINO,-117.39633941650391,34.154239654541016
9208427,2020,2021-02-02,3611,2020-11-05,1847,3207,3611,4,5,5,3611,0,0,0,,0,002,"9TH ST","LOMA PL",376.00,E,N,A,-,N,,,,,,,,,,N,2,0,1,2,A,-,11,21956,A,N,G,B,E,A,H,-,D,D,0,Y,,,,Y,,N,60,1,0,0,0,1,0,0,0,0,"- ","- ",,,"SAN BERNARDINO",UPLAND,-117.68470764160156,34.095684051513672
9208433,2020,2021-02-02,3611,2020-11-18,0706,3336,3611,3,5,5,3611,0,0,0,,0,001,"MILDURA AV","WILLOW AV",0.00,,Y,A,-,N,,,,,,,,,,N,4,0,1,2,A,-,10,21950,A,N,G,B,B,A,H,-,A,D,0,Y,,,,Y,,A,07,0,0,1,0,1,0,0,0,0,"- ","- ",,,"SAN BERNARDINO",UPLAND,-117.67195892333984,34.146961212158203
92086458,2022,2024-01-04,9860,2022-09-18,0005,021229,,7,3,6,3610,0,1,1,,2,216,"INTERSTATE 215 NORTHBOUND","UNIVERSITY PARKWAY",2324.00,S,N,A,-,Y,SBD,,215,,,11.155,H,,R,Y,1,1,1,2,A,-,11,21954,A,N,G,B,E,A,H,-,D,D,0,Y,,,,Y,,N,60,0,0,1,1,0,0,0,0,0,"- ","- ",34.158710479736328,-117.32823181152344,"SAN BERNARDINO","SAN BERNARDINO",-117.32818603515625,34.158737182617188
92088089,2023,2023-06-07,9834,2023-02-19,1951,018163,,7,2,2,3606,0,1,1,,2,046,"INTERSTATE 40 (I-40) EASTBOUND","EAST BROADWAY",5280.00,E,N,A,-,Y,SBD,,40," "," ",144.742,H,,R,Y,1,1,0,2,A,-,11,21954,A,N,G,B,E,A,H,-,D,A,0,Y,,,,Y,,N,60,0,0,0,1,0,0,0,0,0,"- ","- ",34.810329437255859,-114.59268188476562,"SAN BERNARDINO",NEEDLES,-114.59265899658203,34.810337066650391
92088956,2023,2023-06-08,9860,2023-06-01,1350,022319,,4,1,9,3600,0,3,5,,2,004,"JURUPA AVE","PEPPER ST.",50.00,E,N,B,-,N,,,,,,,,,,N,3,0,1,2,A,-,08,22107,,N,H,G,A,A,H,-,A,D,0,,Y,,,Y,,L,04,0,1,0,0,0,0,1,0,0,"- ","- ",34.048511505126953,-117.39395904541016,"SAN BERNARDINO",UNINCORPORATED,-117.39403533935547,34.048477172851562
9209032,2020,2021-02-16,3610,2020-12-20,0750,50772,,7,5,6,3610,0,0,0,,0,POLICE,"N LEROY ST","EAST MARSHALL BL",62.00,N,N,A,-,N,,,,,,,,,,Y,3,0,1,3,A,-,03,22350,,N,C,B,E,A,H,-,A,D,0,Y,,,,Y,,A,07,0,1,0,0,1,0,0,0,0,"- ","- ",34.149768829345703,-117.28106689453125,"SAN BERNARDINO","SAN BERNARDINO",-117.28084564208984,34.149631500244141
9209077,2020,2021-02-19,3610,2020-12-13,1749,51135,,7,5,6,3610,0,0,0,,0,POLICE,"N CAJON BL","N MEDICAL CENTER DR",0.00,,Y,A,-,N,,,,,,,,,,N,3,0,1,2,A,-,05,21650,1,N,D,G,A,A,H,-,D,A,0,,Y,,,Y,,L,04,0,1,0,0,0,0,1,0,0,"- ","- ",34.141841888427734,-117.32060241699219,"SAN BERNARDINO","SAN BERNARDINO",-117.32053375244141,34.141860961914062
9209082,2020,2021-02-22,3610,2020-12-28,1858,51248,,1,5,6,3610,0,0,0,,0,CHARLI,"E 40TH ST","N SEPULVEDA AV",100.00,E,N,C,-,N,,,,,,,,,,N,3,0,1,2,A,-,11,21956,,N,G,B,D,B,H,-,C,A,0,Y,,,,Y,,N,60,0,1,0,0,1,0,0,0,0,"- ","- ",34.164878845214844,-117.28282165527344,"SAN BERNARDINO","SAN BERNARDINO",-117.28250122070312,34.164890289306641
9209096,2020,2021-02-22,3603,2020-12-17,2309,4131,BEAT,4,5,4,3603,0,0,0,,0,001,"N PEPPER AV","SAN BERNARDINO AV",0.00,,Y,A,-,N,,,,,,,,,,N,4,0,1,2,A,-,15,21201,A,N,D,G,A,-,H,-,C,A,0,,Y,,,Y,,L,04,0,0,1,0,0,0,1,0,0,"- ","- ",,,"SAN BERNARDINO",COLTON,-117.35292053222656,34.077751159667969
9209106,2020,2021-02-22,3600,2020-12-29,2153,G8549,HI009,2,5,4,3618,0,0,0,,0,HI1,"BASELINE ST","VICTORIA AV",0.00,,Y,A,-,N,,,,,,,,,,N,2,0,1,2,A,-,10,21950,A,F,D,B,B,A,G,-,C,A,0,Y,,,,Y,,-,99,1,0,0,0,1,0,0,0,0,"- ","- ",34.121330261230469,-117.22637176513672,"SAN BERNARDINO",HIGHLAND,-117.22631199999999,34.121273000000002
92101215,2023,2023-06-23,9860,2023-04-12,"47  ",022248,,3,3,9,3600,0,1,1,,2,152,"INTERSTATE 15 NORTHBOUND","STATE ROUTE 138",3810.00,S,N,A,-,Y,SBD,,15," ",R,20.631,H,,R,N,1,1,0,2,A,-,11,21956,A,F,G,B,E,A,H,-,D,D,0,Y,,,,Y,,N,60,0,0,0,1,0,0,0,0,0,"- ","- ",34.304889678955078,-117.46515655517578,"SAN BERNARDINO",UNINCORPORATED,-117.46516418457031,34.304878234863281
92102456,2023,2023-06-26,9860,2023-06-16,1650,022875,,5,2,9,3600,0,3,5,,2,004,"LOCUST AVE","SAN BERNARDINO AVE",5.00,S,N,A,-,N,,,,,,,,,,N,3,0,1,2,A,-,12,21453,A,N,H,G,A,A,H,-,A,A,0,,Y,,,Y,,L,04,0,1,0,0,0,0,1,0,0,"- ","- ",34.077579498291016,-117.40950775146484,"SAN BERNARDINO",UNINCORPORATED,-117.40956115722656,34.077648162841797
92111901,2023,2023-07-07,9835,2023-01-27,"405 ",020150,,5,3,9,3600,0,1,1,,2,075,"I-15 N/B","HALLORAN SPRINGS RD",5280.00,N,N,A,-,Y,SBD,,15," "," ",150.538,H,,R,Y,1,1,1,4,A,-,08,22107,,N,C,2,E,A,H,-,D,D,0,Y,,,Y,Y,,G,25,1,0,0,1,0,0,0,0,0,"- ","- ",35.379020690917969,-115.8756103515625,"SAN BERNARDINO",UNINCORPORATED,-115.87564849853516,35.379104614257812
92113246,2023,2023-07-10,9865,2023-03-16,1938,014696,,4,2,9,3600,0,1,3,,2,015,SR-189,"BLUE JAY CUTOFF",1829.00,E,N,A,-,Y,SBD,,189," "," ",3.749,H,,R,N,1,1,0,2,A,-,03,22350,,F,G,B,E,A,H,-,D,D,0,Y,,,,Y,,-,99,0,0,0,1,0,0,0,0,0,"- ","- ",34.244720458984375,-117.21259307861328,"SAN BERNARDINO",UNINCORPORATED,-117.21260070800781,34.244731903076172
9211461,2020,2021-01-25,3600,2020-07-20,2202,G6918,VC057,1,5,5,3612,0,0,0,,0,VC5,"RT 18","DEL GADO RD",60.00,E,N,A,-,Y,SBD,8,18,-,-,97.710,H,-,S,N,1,1,0,2,A,-,11,21954,A,N,G,B,D,A,H,-,C,A,0,Y,,,,Y,,N,60,0,0,0,1,0,0,0,0,0,"- ","- ",,,"SAN BERNARDINO",VICTORVILLE,-117.34257507324219,34.506767272949219
9211466,2020,2021-01-25,3600,2020-09-16,2023,G3224,YV007,3,5,3,3631,0,0,0,,0,YV1,"RT 62","MOHAWK TRL",166.00,W,N,A,-,Y,SBD,8,62,-,-,10.880,H,-,W,N,1,1,0,2,A,-,11,21954,A,N,G,B,D,A,H,-,C,D,0,Y,,,,Y,,N,60,0,0,0,1,0,0,0,0,0,"- ","- ",34.120719909667969,-116.44023132324219,"SAN BERNARDINO","YUCCA VALLEY",-116.43995666503906,34.120662689208984
9211618,2020,2021-02-18,3600,2020-10-25,2150,D2561,VC019,7,5,5,3612,0,0,0,,0,VC2,"7TH ST","EAST SAND ST",0.00,,Y,A,-,N,,,,,,,,,,Y,1,1,0,3,A,-,11,21954,A,F,G,B,D,A,H,-,C,A,0,Y,,,,Y,,N,60,0,0,0,1,0,0,0,0,0,"- ","- ",,,"SAN BERNARDINO",VICTORVILLE,-117.31713104248047,34.512531280517578
9211641,2020,2022-06-18,3600,2020-12-01,1907,C9389,RC005,2,5,6,3616,0,0,0,,0,RC6,"BASELINE RD","DAY CREEK MARKET PLACE",0.00,,Y,A,-,N,,,,,,,,,,N,1,1,0,2,A,-,12,21453,A,N,D,G,A,A,H,-,C,A,0,,Y,,,Y,Y,L,04,0,0,0,0,0,1,0,0,0,"- ","- ",,,"SAN BERNARDINO","RANCHO CUCAMONGA",-117.53926300000001,34.121487999999999
9211708,2020,2021-03-11,3610,2020-12-25,1754,50789,,5,5,6,3610,0,0,0,,0,,"EAST HIGHLAND AV","MONTE VISTA DR",155.00,W,N,A,-,N,,,,,,,,,,N,1,1,0,2,A,-,11,21956,,N,G,B,D,A,H,-,C,D,0,Y,,,,Y,,N,60,0,0,0,1,0,0,0,0,0,"- ","- ",,,"SAN BERNARDINO","SAN BERNARDINO",-117.25888061523438,34.135871887207031
9211735,2021,2021-03-24,3609,2021-01-15,0508,0884,R1049,5,5,5,3609,0,0,0,,0,001,"WALNUT AV","ALDER AV",855.00,W,N,A,-,N,,,,,,,,,,N,1,1,0,3,A,-,11,21954,A,N,G,B,D,A,H,-,C,D,0,Y,,,,Y,,N,60,0,0,0,1,0,0,0,0,0,"- ","- ",34.128398895263672,-117.42160034179688,"SAN BERNARDINO",RIALTO,-117.42133331298828,34.128456115722656
9211754,2021,2021-03-30,3605,2021-02-01,1935,401,,1,5,4,3605,0,0,0,,0,,"HOLT BL","RAMONA AV",20.00,E,N,A,-,N,,,,,,,,,,N,1,1,0,2,A,-,11,21956,A,F,G,B,D,A,H,-,C,A,0,Y,,,,Y,,N,60,0,0,0,1,0,0,0,0,0,"- ","- ",,,"SAN BERNARDINO",MONTCLAIR,-117.70699310302734,34.063121795654297
9211777,2020,2022-06-14,3611,2020-12-03,2045,626,3611,4,5,5,3611,0,0,0,,0,004,"FOOTHILL BL","ALTA AV",300.00,E,N,A,-,N,,,,,,,,,,Y,1,1,0,2,A,-,11,21954,A,N,G,B,C,A,H,-,C,A,0,Y,,,,Y,Y,N,60,0,0,0,1,0,0,0,0,0,"- ","- ",,,"SAN BERNARDINO",UPLAND,-117.63224029541016,34.10723876953125
9211809,2020,2022-06-14,3610,2020-12-27,1944,50912,,7,5,6,3610,0,0,0,,0,DAVID,"W 2ND ST","N G ST",0.00,,Y,A,-,N,,,,,,,,,,N,1,1,1,2,A,-,01,23152,A,F,G,B,B,A,H,-,C,A,0,Y,,,,Y,Y,A,01,0,1,0,1,0,0,0,0,0,"- ","- ",,,"SAN BERNARDINO","SAN BERNARDINO",-117.29863739013672,34.102809906005859
92125520,2023,2023-12-08,9865,2023-07-25,"735 ",014829,,2,1,9,3600,0,3,5,,2,001,"NADELHORN DR","JAGERHORN DR",1584.00,N,N,A,-,N,,,,,,,,,,N,4,0,1,2,A,-,03,22350,,N,G,B,E,A,H,-,A,D,0,Y,,,,Y,,A,01,0,0,1,0,1,0,0,0,0,"- ","- ",34.268749237060547,-117.20459747314453,"SAN BERNARDINO",UNINCORPORATED,-117.20490264892578,34.269676208496094
92131081,2023,2023-07-31,9860,2023-07-18,"107 ",022582,,2,3,9,3600,0,3,5,,2,004,"CACTUS AVENUE","MAYWOOD STREET",22.00,S,N,A,-,N,,,,,,,,,,Y,2,0,1,2,A,-,03,22350,,N,G,B,E,A,H,-,D,D,0,Y,,,,Y,,A,01,1,0,0,0,1,0,0,0,0,"- ","- ",34.051288604736328,-117.38327789306641,"SAN BERNARDINO",UNINCORPORATED,-117.38333129882812,34.051300048828125
92131746,2023,2023-07-31,9850,2023-07-21,2245,022386,,5,3,9,3600,0,3,5,,2,005,"EL EVADO RD","CHOLAME RD",95.00,N,N,A,-,N,,,,,,,,,,N,2,0,1,2,A,-,03,22350,,F,A,G,A,A,H,-,D,D,0,,Y,,,Y,,A,01,1,0,0,0,0,0,1,0,0,"- ","- ",34.501579284667969,-117.34671020507812,"SAN BERNARDINO",UNINCORPORATED,-117.34674072265625,34.501560211181641
9213387,2020,2021-07-01,3600,2020-05-29,0930,E4540,BL100,5,5,2,3680,0,0,0,,0,BL1,"BIG BEAR BL","POLE RD",918.00,E,N,A,-,N,,,,,,,,,,N,4,0,1,2,A,-,08,22107,,N,D,G,A,A,H,-,A,D,0,,Y,,,Y,,D,22,0,0,1,0,0,0,1,0,0,"- ","- ",,,"SAN BERNARDINO","BIG BEAR LAKE",,
92136249,2023,2023-08-04,9865,2023-07-25,1835,021587,,2,2,9,3600,0,3,5,,2,003,"STATE LN","G LN",22.00,W,N,A,-,N,,,,,,,,,,N,4,0,1,2,A,-,03,22350,,N,D,2,A,A,H,-,A,D,0,,Y,,,Y,,M,91,0,0,1,0,0,0,1,0,0,"- ","- ",34.243309020996094,-116.78994750976562,"SAN BERNARDINO",UNINCORPORATED,-116.78983306884766,34.243328094482422
92137953,2023,2023-08-07,9835,2023-07-26,1935,022787,,3,2,9,3600,0,1,1,,2,073,"I-15 S/B","FIELD RD",1056.00,S,N,A,-,Y,SBD,,15," ",R,103.460,H,,L,Y,4,0,2,4,A,-,08,22107,,N,C,E,F,A,H,-,B,D,0,Y,,,,Y,,D,22,0,0,2,0,2,0,0,0,0,"- ","- ",35.010101318359375,-116.53408050537109,"SAN BERNARDINO",UNINCORPORATED,-116.53412628173828,35.010189056396484
92140478,2023,2023-08-10,9865,2023-08-02,1120,016913,,3,1,9,3600,0,3,5,,2,003,"MILL CREEK RD (2N10)","TULIP LN",5280.00,S,N,A,-,N,,,,,,,,,,N,3,0,1,1,C,-,18,,,N,E,I,A,A,A,-,A,D,0,,Y,,,Y,,-,"- ",0,1,0,0,0,0,1,0,0,"- ","- ",34.226100921630859,-116.93260955810547,"SAN BERNARDINO",UNINCORPORATED,-116.92929840087891,34.235408782958984
92140686,2023,2023-08-10,9850,2023-08-02,1535,022256,,3,2,9,3600,0,3,5,,2,001,"13261 SPRING VALLEY PKWY (PARKING LOT)","COUNTRY CLUB DR",270.00,N,N,A,-,N,,,,,,,,,,N,4,0,1,2,B,-,22,,,N,G,B,F,A,H,-,A,D,0,Y,,,,Y,,A,01,0,0,1,0,1,0,0,0,0,"- ","- ",34.492591857910156,-117.26854705810547,"SAN BERNARDINO",UNINCORPORATED,-117.26883697509766,34.492332458496094
92143193,2023,2023-08-14,9870,2023-08-04,1700,021650,,5,2,9,3600,0,1,3,,1,031,"SR-62 (TWENTYNINE PALMS HWY.)","SHERWOOD ROAD",805.00,E,N,A,-,Y,SBD,,62," "," ",16.795,H,,R,N,3,0,1,2,A,-,07,21658,A,N,D,G,A,A,H,-,A,D,0,,Y,,,Y,,L,04,0,1,0,0,0,0,1,0,0,"- ","- ",34.13494873046875,-116.34085083007812,"SAN BERNARDINO",UNINCORPORATED,-116.34085083007812,34.134922027587891
92146652,2023,2023-08-17,9865,2023-08-05,1311,021587,,6,1,9,3600,0,1,3,,1,022,SR-18,"NOB HILL DR",1056.00,S,N,A,-,Y,SBD,,18," "," ",29.642,H,,R,N,3,0,1,1,A,-,03,22350,,N,F,0,A,A,H,-,A,D,0,,Y,,,Y,,-,"- ",0,1,0,0,0,0,1,0,0,"- ","- ",34.219730377197266,-117.13033294677734,"SAN BERNARDINO",UNINCORPORATED,-117.13036346435547,34.219703674316406
92151528,2023,2024-07-16,9865,2023-02-26,"0   ",021722,,7,3,9,3600,0,3,5,,2,003,"POLIQUE CANYON RD","STATE ROUTE-38",2640.00,N,N,D,-,N,,,,,,,,,,N,1,1,0,2,A,-,21,22106,,F,G,B,E,C,G,-,D,D,0,Y,,,,Y,Y,A,07,0,0,0,1,0,0,0,0,0,"- ","- ",34.265941619873047,-116.92694091796875,"SAN BERNARDINO",UNINCORPORATED,-116.92644500732422,34.265430450439453
92156021,2023,2023-08-28,9860,2023-08-14,"800 ",016590,,1,1,9,3600,0,1,3,,2,259,"SR-259 S/B FROM HIGHLAND AVE.","HIGHLAND AVE.",4.00,S,N,A,-,Y,SBD,,259," ",R,0.491,H,,L,N,3,0,1,2,A,-,09,21453,C,F,D,G,A,A,H,-,A,A,0,,Y,,,Y,,A,01,0,1,0,0,0,0,1,0,0,"- ","- ",34.135921478271484,-117.30304718017578,"SAN BERNARDINO",UNINCORPORATED,-117.30275726318359,34.135910034179688
92162275,2023,2023-09-05,9855,2023-08-10,1825,023007,,4,2,9,3600,0,3,5,,2,004,"11400 BLOCK OF PEACHWOOD DRIVE","HARTFORD LANE",32.00,E,N,A,-,N,,,,,,,,,,N,4,0,1,2,B,-,22,,,N,D,G,A,A,H,-,A,D,0,,Y,Y,,Y,,L,04,0,0,1,0,0,0,1,0,0,"- ","- ",34.046249389648438,-117.71846008300781,"SAN BERNARDINO",UNINCORPORATED,,
9217192,2021,2021-03-13,3610,2021-01-07,1937,51248,,4,5,6,3610,0,0,0,,0,CHARLI,"E LYNWOOD DR","N GOLDEN AV",0.00,,Y,A,-,N,,,,,,,,,,Y,4,0,1,3,A,-,09,21801,A,N,D,B,A,A,H,-,C,A,0,,Y,,,Y,,A,01,0,0,1,0,0,0,0,0,0,"- ","- ",34.146751403808594,-117.26113128662109,"SAN BERNARDINO","SAN BERNARDINO",-117.26113891601562,34.146747589111328
92173326,2023,2023-09-19,9850,2023-09-10,"350 ",021205,,7,3,9,3600,0,1,1,,2,084,"I-15 S/B","DALE EVANS PKWY",634.00,N,N,A,-,Y,SBD,,15," "," ",51.959,H,,L,N,2,0,1,2,A,-,00,21960,A,N,G,B,E,A,H,-,D,D,0,Y,,,,Y,,N,60,1,0,0,0,1,0,0,0,0,"- ","- ",34.645938873291016,-117.21714019775391,"SAN BERNARDINO",UNINCORPORATED,-117.21711730957031,34.645931243896484
9217723,2021,2021-03-23,3610,2021-01-17,1245,50772,,7,5,6,3610,0,0,0,,0,POLICE,"N MOUNT VERNON AV","W 14TH ST",369.00,S,N,A,-,N,,,,,,,,,,N,4,0,1,2,A,-,05,21651,B,N,D,G,A,A,H,-,A,D,0,,Y,,,Y,,L,04,0,0,1,0,0,0,1,0,0,"- ","- ",34.123958587646484,-117.31343078613281,"SAN BERNARDINO","SAN BERNARDINO",-117.3138427734375,34.123977661132812