CASE_ID,ACCIDENT_YEAR,PROC_DATE,JURIS,COLLISION_DATE,COLLISION_TIME,OFFICER_ID,REPORTING_DISTRICT,DAY_OF_WEEK,CHP_SHIFT,POPULATION,CNTY_CITY_LOC,SPECIAL_COND,BEAT_TYPE,CHP_BEAT_TYPE,CITY_DIVISION_LAPD,CHP_BEAT_CLASS,BEAT_NUMBER,PRIMARY_RD,SECONDARY_RD,DISTANCE,DIRECTION,INTERSECTION,WEATHER_1,WEATHER_2,STATE_HWY_IND,CALTRANS_COUNTY,CALTRANS_DISTRICT,STATE_ROUTE,ROUTE_SUFFIX,POSTMILE_PREFIX,POSTMILE,LOCATION_TYPE,RAMP_INTERSECTION,SIDE_OF_HWY,TOW_AWAY,COLLISION_SEVERITY,NUMBER_KILLED,NUMBER_INJURED,PARTY_COUNT,PRIMARY_COLL_FACTOR,PCF_CODE_OF_VIOL,PCF_VIOL_CATEGORY,PCF_VIOLATION,PCF_VIOL_SUBSECTION,HIT_AND_RUN,TYPE_OF_COLLISION,MVIW,PED_ACTION,ROAD_SURFACE,ROAD_COND_1,ROAD_COND_2,LIGHTING,CONTROL_DEVICE,CHP_ROAD_TYPE,PEDESTRIAN_ACCIDENT,BICYCLE_ACCIDENT,MOTORCYCLE_ACCIDENT,TRUCK_ACCIDENT,NOT_PRIVATE_PROPERTY,ALCOHOL_INVOLVED,STWD_VEHTYPE_AT_FAULT,CHP_VEHTYPE_AT_FAULT,COUNT_SEVERE_INJ,COUNT_VISIBLE_INJ,COUNT_COMPLAINT_PAIN,COUNT_PED_KILLED,COUNT_PED_INJURED,COUNT_BICYCLIST_KILLED,COUNT_BICYCLIST_INJURED,COUNT_MC_KILLED,COUNT_MC_INJURED,PRIMARY_RAMP,SECONDARY_RAMP,LATITUDE,LONGITUDE,COUNTY,CITY,POINT_X,POINT_Y
9437249,2022,2022-05-31,3605,2022-04-24,1000,449,,7,5,4,3605,0,0,0,,0,,"CENTRAL AV","HOLT BL",0.00,,Y,A,-,N,,,,,,,,,,N,2,0,1,2,A,-,12,21453,A,N,A,G,A,A,H,-,A,A,0,,Y,,,Y,,-,"- ",1,0,0,0,0,0,1,0,0,"- ","- ",,,"SAN BERNARDINO",MONTCLAIR,-117.68974304199219,34.063137054443359
9437438,2022,2022-05-17,3604,2022-04-19,0718,1367,,2,5,6,3604,0,0,0,,0,,"CITRUS AV","BASELINE AV",14.00,S,N,A,-,N,,,,,,,,,,N,3,0,1,2,A,-,10,21950,A,N,C,G,A,A,H,-,A,A,0,,Y,,,Y,,A,01,0,1,0,0,0,0,1,0,0,"- ","- ",,,"SAN BERNARDINO",FONTANA,-117.45360565185547,34.121444702148438
94376896,2023,2024-08-30,9855,2023-12-17,"505 ",020963,,7,3,6,3604,0,1,1,,2,201,"STATE ROUTE 210 EASTBOUND (FOOTHILL FREEWAY)","BEECH AVENUE",1331.00,E,N,A,-,Y,SBD,,210," "," ",13.174,H,,R,Y,1,1,2,3,A,-,08,22107,,N,C,C,E,A,H,-,D,D,0,Y,,,,Y,,A,07,2,0,0,1,0,0,0,0,0,"- ","- ",34.13616943359375,-117.46671295166016,"SAN BERNARDINO",FONTANA,-117.46671295166016,34.136280059814453
94377931,2024,2024-09-02,9860,2024-08-22,1525,020654,,4,2,9,3600,0,3,5,,2,003,"CITRUS AVE","OPAL AVE",0.00,,Y,A,-,N,,,,,,,,,,N,4,0,1,2,A,-,12,22450,A,N,H,G,A,A,H,-,A,A,0,,Y,,,Y,,M,91,0,0,1,0,0,0,1,0,0,"- ","- ",34.055461883544922,-117.13450622558594,"SAN BERNARDINO",UNINCORPORATED,-117.13449859619141,34.055469512939453
9438553,2022,2022-05-16,3604,2022-03-18,1723,1163,,5,5,6,3604,0,0,0,,0,,"S HIGHLAND AV","JUNIPER AV",0.00,,Y,A,-,Y,SBD,8,210,U,-,15.529,I,5,W,N,4,0,1,2,A,-,12,22450,,N,D,B,B,A,H,-,A,A,0,Y,,,,Y,,A,08,0,0,1,0,1,0,0,0,0,"- ","- ",,,"SAN BERNARDINO",FONTANA,-117.44021606445312,34.133499145507812
9440497,2022,2022-05-05,3600,2022-04-12,2053,H9767,TW003,2,5,3,3617,0,0,0,,0,TW1,"ENCELIA AV","BUENA VISTA DR",142.00,S,N,A,-,N,,,,,,,,,,N,2,0,1,2,A,-,11,21954,A,N,G,B,E,A,H,-,D,D,0,Y,,,,Y,,N,60,1,0,0,0,1,0,0,0,0,"- ","- ",34.140060424804688,-116.09825897216797,"SAN BERNARDINO","TWENTYNINE PALMS",-116.09825897216797,34.140140533447266
9440865,2022,2022-05-11,3603,2022-04-18,2223,4435,CPD,1,5,4,3603,0,0,0,,0,001,"N RANCHO AV","E E ST",0.00,,Y,A,-,N,,,,,,,,,,N,4,0,1,2,A,-,01,23153,A,F,G,G,A,A,H,-,C,D,0,,Y,,,Y,Y,A,01,0,0,1,0,0,0,1,0,0,"- ","- ",34.072948455810547,-117.33534240722656,"SAN BERNARDINO",COLTON,-117.33533477783203,34.07293701171875
9440952,2022,2022-05-09,3601,2022-01-19,1416,"P 25","B PD",3,5,3,3601,0,0,0,,0,PATROL,"ROBERTA ST","E MAIN ST",18.00,S,N,A,-,N,,,,,,,,,,N,3,0,1,2,A,-,09,21800,A,N,C,G,A,A,H,-,A,A,0,,Y,,,Y,,L,04,0,1,0,0,0,0,1,0,0,"- ","- ",,,"SAN BERNARDINO",BARSTOW,-117.00196838378906,34.892688751220703
94414725,2024,2024-10-01,9865,2024-09-24,1307,018392,,2,1,9,3600,0,3,5,,2,003,"GREENWAY DR","E MOJAVE BLVD",0.00,,Y,A,-,N,,,,,,,,,,N,4,0,1,2,A,-,12,22450,A,N,D,G,A,A,H,-,A,A,0,,Y,,,Y,,L,04,0,0,1,0,0,0,1,0,0,"- ","- ",34.260509490966797,-116.84555053710938,"SAN BERNARDINO",UNINCORPORATED,-116.8455810546875,34.260471343994141
94414862,2024,2024-10-01,9870,2024-09-19,1925,023080,,4,2,9,3600,0,1,3,,1,031,"SR-62 (TWENTYNINE PALMS HIGHWAY)","SUNSET ROAD",100.00,E,N,A,-,Y,SBD,,62," "," ",18.181,H,,R,N,3,0,1,2,A,-,11,21954,A,N,G,B,D,A,H,-,C,D,0,Y,,,,Y,,N,60,0,1,0,0,1,0,0,0,0,"- ","- ",34.135040283203125,-116.31668853759766,"SAN BERNARDINO",UNINCORPORATED,-116.31669616699219,34.134891510009766
94419747,2024,2024-10-04,9870,2024-09-25,1916,023080,,3,2,9,3600,0,3,5,,2,003,"SUNSET ROAD","SR-62 (TWENTYNINE PALMS HWY.)",57.00,S,N,A,-,N,,,,,,,,,,N,3,0,1,2,A,-,05,21460,,N,G,B,D,A,H,-,C,D,0,Y,,,,Y,,A,01,0,1,0,0,1,0,0,0,0,"- ","- ",34.134719848632812,-116.31730651855469,"SAN BERNARDINO",UNINCORPORATED,-116.31731414794922,34.134815216064453
9442141,2022,2022-05-18,3610,2022-04-04,2115,51370,,1,5,6,3610,0,0,0,,0,BAKER,"PALM AV","IRVINGTON AV",51.00,S,N,A,-,N,,,,,,,,,,N,4,0,1,2,A,-,03,22350,,N,C,G,A,A,H,-,C,A,0,,Y,,,Y,,A,01,0,0,1,0,0,0,1,0,0,"- ","- ",34.1905517578125,-117.34451293945312,"SAN BERNARDINO","SAN BERNARDINO",-117.35846710205078,34.195644378662109
94423083,2024,2024-10-08,9850,2024-09-29,1825,019176,,7,2,9,3600,0,2,4,,2,053,"EL MIRAGE RD.","TANNER RD.",800.00,W,N,A,-,N,,,,,,,,,,N,4,0,1,2,A,-,11,21956,A,F,G,B,E,A,H,-,A,D,0,Y,,,,Y,,N,60,0,0,1,0,1,0,0,0,0,"- ","- ",34.60198974609375,-117.59886169433594,"SAN BERNARDINO",UNINCORPORATED,-117.59877014160156,34.602001190185547
94425860,2024,2024-10-10,9860,2024-10-07,1030,024070,,1,1,9,3600,0,3,5,,2,001,"MILKWEED LANE","SYCAMORE CREEK LOOP PARKWAY",13.00,W,N,A,-,N,,,,,,,,,,N,3,0,1,2,A,-,12,22450,A,N,G,B,B,A,H,-,A,A,0,Y,,,,Y,,D,22,0,1,0,0,1,0,0,0,0,"- ","- ",34.186958312988281,-117.42185974121094,"SAN BERNARDINO",UNINCORPORATED,-117.42174530029297,34.187015533447266
94428047,2024,2024-10-11,9850,2024-05-23,2235,022734,,4,3,9,3600,0,3,5,,2,005,"JOHNSON RD","COYOTE RD",128.00,N,N,A,-,N,,,,,,,,,,N,1,1,0,2,A,-,11,21954,A,N,G,B,E,A,H,-,D,D,0,Y,,,,Y,,N,60,0,0,0,1,0,0,0,0,0,"- ","- ",34.444961547851562,-117.55506896972656,"SAN BERNARDINO",UNINCORPORATED,-117.55502319335938,34.444931030273438
94446988,2024,2024-10-28,9855,2024-10-25,"800 ",021006,,5,1,9,3600,0,3,5,,2,001,"FOOTHILL BOULEVARD","HEMLOCK AVENUE",0.00,,Y,A,-,N,,,,,,,,,,N,3,0,1,2,A,-,10,21950,A,N,G,B,B,A,H,-,A,A,0,Y,,,,Y,,A,01,0,1,0,0,1,0,0,0,0,"- ","- ",34.106479644775391,-117.47559356689453,"SAN BERNARDINO",UNINCORPORATED,-117.47570037841797,34.10650634765625
9444786,2022,2022-05-31,3600,2022-05-02,0746,G6918,VC070,1,5,5,3612,0,0,0,,0,VC5,"TOPAZ RD","LA MESA RD",0.00,,Y,A,-,N,,,,,,,,,,N,3,0,1,2,A,-,10,21950,A,N,G,B,B,A,H,-,A,A,0,Y,,,,Y,,A,01,0,1,0,0,1,0,0,0,0,"- ","- ",34.484889984130859,-117.38185882568359,"SAN BERNARDINO",VICTORVILLE,-117.38186645507812,34.484886169433594
9445186,2022,2022-06-07,3608,2022-04-21,0744,3675,,4,5,5,3608,0,0,0,,0,,"ELIZABETH ST","FOUNTAIN AV",0.00,,Y,A,-,N,,,,,,,,,,N,3,0,1,2,A,-,08,22107,,N,D,G,A,A,H,-,A,D,0,,Y,,,Y,,D,22,0,1,0,0,0,0,1,0,0,"- ","- ",,,"SAN BERNARDINO",REDLANDS,-117.17167663574219,34.033382415771484
9445518,2022,2022-06-21,3610,2022-04-17,1925,51363,,7,5,6,3610,0,0,0,,0,POLICE,"WEST HIGHLAND AV","NORTH E ST",0.00,,Y,A,-,N,,,,,,,,,,N,4,0,1,2,A,-,09,21801,A,F,G,B,B,A,H,-,A,A,0,Y,,,,Y,,A,01,0,0,1,0,1,0,0,0,0,"- ","- ",34.135990142822266,-117.29415130615234,"SAN BERNARDINO","SAN BERNARDINO",-117.29415130615234,34.136001586914062
94458197,2024,2024-11-05,9855,2024-10-29,1900,021978,,2,2,9,3600,0,3,5,,2,001,"MERRILL AVE","POPLAR AVE",0.00,,Y,A,-,N,,,,,,,,,,N,4,0,1,2,A,-,12,22450,A,F,D,G,A,A,H,-,D,A,0,,Y,,,Y,,L,04,0,0,1,0,0,0,1,0,0,"- ","- ",34.092018127441406,-117.46237945556641,"SAN BERNARDINO",UNINCORPORATED,-117.46238708496094,34.092052459716797
94463175,2024,2024-11-08,9855,2024-10-27,"616 ",019183,,7,1,6,3607,0,1,3,,2,601,"SR-60 E/B (POMONA FWY)","VINEYARD AVE.",1478.00,E,N,A,-,Y,SBD,,60," ",R,7.156,H,,R,N,2,0,2,5,C,-,18,,,N,G,B,E,A,H,-,D,D,0,Y,,,,Y,Y,-,"- ",1,0,1,0,2,0,0,0,0,"- ","- ",34.030490875244141,-117.60600280761719,"SAN BERNARDINO",ONTARIO,-117.60600280761719,34.030521392822266
94464978,2024,2024-11-11,9850,2024-10-30,1650,022496,,3,2,9,3600,0,3,5,,2,005,"MOJAVE RD","VERBENA RD",0.00,,Y,A,-,N,,,,,,,,,,N,3,0,1,2,A,-,12,22450,A,F,D,G,A,A,H,-,A,A,0,,Y,,,Y,,L,04,0,1,0,0,0,0,1,0,0,"- ","- ",34.528308868408203,-117.42591094970703,"SAN BERNARDINO",UNINCORPORATED,-117.42591094970703,34.528419494628906
9446852,2022,2022-10-31,3600,2022-05-01,0031,H8981,LL010,7,5,3,3615,0,0,0,,0,002,"BARTON RD","BARTON RD 24954",0.00,,N,A,-,N,,,,,,,,,,N,2,0,1,2,A,-,11,21955,,N,G,B,D,A,H,-,C,D,0,Y,,,,Y,Y,N,60,1,0,0,0,1,0,0,0,0,"- ","- ",34.048618316650391,-117.25968933105469,"SAN BERNARDINO","LOMA LINDA",-117.2998046875,34.044281005859375
9447085,2022,2022-05-25,3600,2022-05-10,1207,F3800,YC309,2,5,4,3640,0,0,0,,0,YC3,"AVENUE H","5TH ST",0.00,,Y,A,-,N,,,,,,,,,,N,4,0,1,2,A,-,10,21950,A,N,G,B,B,A,H,-,A,A,0,Y,,,,Y,,A,07,0,0,1,0,1,0,0,0,0,"- ","- ",,,"SAN BERNARDINO",YUCAIPA,-117.05625152587891,34.010261535644531
94471547,2024,2024-11-15,9870,2024-11-07,1640,022580,,4,2,9,3600,0,3,5,,2,002,"ABERDEEN DR","INDIO AVE",200.00,W,N,A,-,N,,,,,,,,,,N,4,0,1,1,A,-,08,22107,,N,F,A,A,A,H,-,B,D,0,,Y,,,Y,,L,04,0,0,1,0,0,0,1,0,0,"- ","- ",34.193031311035156,-116.37774658203125,"SAN BERNARDINO",UNINCORPORATED,-116.37896728515625,34.193031311035156
94475308,2024,2024-11-19,9835,2024-10-26,2300,023315,,6,3,9,3600,0,3,5,,2,034,"PIONEER RD","MOUNTAIN VIEW RD",1426.00,W,N,A,-,Y,SBD,,40," ",R,18.968,H,,L,N,1,1,0,1,A,-,08,22107,,N,E,8,A,A,H,-,D,D,0,,Y,,,Y,Y,M,91,0,0,0,0,0,1,0,0,0,"- ","- ",34.829441070556641,-116.68538665771484,"SAN BERNARDINO",UNINCORPORATED,-116.68541717529297,34.829269409179688
94476744,2024,2024-11-20,9865,2024-11-15,1945,021732,,5,2,9,3600,0,1,3,,2,045,SR-38,"MILL CREEK RD",2112.00,E,N,D,-,N,,,,,,,,,,Y,4,0,1,3,A,-,03,22350,,N,C,C,E,C,H,-,D,D,0,Y,,,,Y,,A,07,0,0,1,0,1,0,0,0,0,"- ","- ",34.151359558105469,-116.96855163574219,"SAN BERNARDINO",UNINCORPORATED,-117.04606628417969,34.080623626708984
9447676,2022,2022-10-07,3600,2022-08-31,2050,J2799,HI08,3,5,4,3618,0,0,0,,0,HI1,"9TH ST","VICTORIA AV",0.00,,Y,A,-,N,,,,,,,,,,N,3,0,1,2,A,-,12,21453,A,N,A,C,-,A,H,-,C,A,0,Y,,,,Y,,N,60,0,1,0,0,0,0,0,0,0,"- ","- ",34.115570068359375,-117.22628021240234,"SAN BERNARDINO",HIGHLAND,-117.22618865966797,34.115695953369141
94477073,2024,2024-11-20,9860,2024-10-21,1842,020282,,1,2,9,3600,0,3,5,,2,002,"DARBY ST","MACY ST",427.00,W,N,A,-,N,,,,,,,,,,N,3,0,1,2,A,-,11,21956,A,N,G,B,E,A,H,-,D,D,0,Y,,,,Y,Y,N,60,0,1,0,0,1,0,0,0,0,"- ","- ",34.146938323974609,-117.34136199951172,"SAN BERNARDINO",UNINCORPORATED,-117.34124755859375,34.146923065185547
94487682,2024,2025-02-05,9855,2024-11-22,1450,020367,,5,2,9,3600,0,3,5,,2,001,"RANDALL AVE.","HEMLOCK AVE.",0.00,,Y,A,-,N,,,,,,,,,,N,4,0,1,2,A,-,11,21950,B,N,G,B,B,A,H,-,A,A,0,Y,,,,Y,,N,60,0,0,1,0,1,0,0,0,0,"- ","- ",34.084758758544922,-117.47566223144531,"SAN BERNARDINO",UNINCORPORATED,-117.47554016113281,34.084720611572266
94488224,2024,2024-12-02,9860,2024-11-16,2131,022875,,6,2,9,3600,0,3,5,,2,002,"E STREET","41 ST ST",370.00,S,N,A,-,N,,,,,,,,,,N,2,0,1,2,A,-,03,22350,,F,C,G,A,A,H,-,D,D,0,,Y,,,Y,,A,07,1,0,0,0,0,0,1,0,0,"- ","- ",34.167179107666016,-117.30052947998047,"SAN BERNARDINO",UNINCORPORATED,-117.30051422119141,34.167198181152344
9449073,2022,2022-06-10,3604,2022-05-17,1121,1429,,2,5,6,3604,0,0,0,,0,003,"VALLEY BL","LIVE OAK AV",93.00,E,N,A,-,N,,,,,,,,,,N,3,0,1,2,D,-,00,,,F,C,G,A,A,H,-,A,D,0,,Y,,,Y,,-,"- ",0,1,0,0,0,0,1,0,0,"- ","- ",,,"SAN BERNARDINO",FONTANA,-117.47964477539062,34.070209503173828
9449417,2022,2022-05-31,3600,2022-04-04,2031,F4772,VC055,1,5,5,3612,0,0,0,,0,VC5,"HOOK BL","EDISON POLE  4265915E",53.00,W,N,A,-,N,,,,,,,,,,N,3,0,1,2,A,-,11,21954,A,N,G,B,D,A,H,-,C,A,0,Y,,,,Y,,N,60,0,1,0,0,1,0,0,0,0,"- ","- ",34.521450042724609,-117.33101654052734,"SAN BERNARDINO",VICTORVILLE,,
94500574,2024,2024-12-13,9855,2024-10-04,"440 ",022984,,5,3,5,3602,0,1,3,,2,603,"SR-60 EASTBOUND (SAN BERNARDINO FREEWAY)","CENTRAL AVENUE",22.00,W,N,A,-,Y,SBD,,60," ",R,2.354,H,,R,N,1,1,0,2,A,-,11,21954,A,F,G,B,E,A,H,-,C,D,0,Y,,,,Y,,N,60,0,0,0,1,0,0,0,0,0,"- ","- ",34.030059814453125,-117.68968963623047,"SAN BERNARDINO",CHINO,-117.68968963623047,34.030197143554688
94501894,2024,2024-12-13,9860,2024-07-04,"450 ",020282,,4,3,5,3608,0,1,1,,2,203,"STATE ROUTE 210 WESTBOUND","5TH STREET",4752.00,E,N,A,-,Y,SBD,,210," ",R,31.119,H,,L,N,2,0,1,2,A,-,11,21956,A,N,G,B,E,A,H,-,D,D,0,Y,,,,Y,,N,60,1,0,0,0,1,0,0,0,0,"- ","- ",34.095348358154297,-117.20023345947266,"SAN BERNARDINO",REDLANDS,-117.20027923583984,34.095352172851562
94508280,2024,2024-12-18,9855,2024-12-09,"836 ",020216,,1,1,6,3616,0,1,1,,2,153,"I-15 S/B TO BASELINE RD.","BASELINE RD.",5.00,N,N,A,-,Y,,,,,,,,,,N,3,0,1,2,A,-,12,21453,A,N,D,G,A,A,H,-,A,A,0,,Y,,,Y,,A,01,0,1,0,0,0,0,1,0,0,"- ","- ",34.121639251708984,-117.51663970947266,"SAN BERNARDINO","RANCHO CUCAMONGA",-117.51432800292969,34.121318817138672
9451459,2022,2022-06-29,3610,2022-05-13,1731,51315,,5,5,6,3610,0,0,0,,0,POLICE,"N H ST","W 30TH ST",0.00,,Y,A,-,N,,,,,,,,,,N,4,0,1,2,A,-,10,21950,A,N,G,B,B,A,H,-,-,A,0,Y,,,,Y,Y,N,60,0,0,1,0,1,0,0,0,0,"- ","- ",34.146831512451172,-117.30081939697266,"SAN BERNARDINO","SAN BERNARDINO",-117.30084228515625,34.146846771240234
94514957,2023,2024-12-24,9860,2023-12-01,"15  ",022723,,5,3,9,3600,0,1,1,,2,105,"I-10 W/B TO 6TH ST","6TH ST",10.00,E,N,A,-,Y,SBD,,38," ",S,0.540,H,,R,N,3,0,1,2,A,-,12,22450,A,N,G,B,B,A,H,-,D,A,0,Y,,,,Y,,D,22,0,1,0,0,1,0,0,0,0,"- ","- ",34.062271118164062,-117.18025970458984,"SAN BERNARDINO",UNINCORPORATED,-117.18035125732422,34.062271118164062
9451576,2022,2022-09-22,3610,2022-04-06,1406,51373,,3,5,6,3610,0,0,0,,0,,"E GILBERT ST","WATERMAN AV",287.00,E,N,A,-,N,,,,,,,,,,N,4,0,1,2,A,-,11,21955,,N,G,B,D,A,H,-,A,D,0,Y,,,,Y,,A,01,0,0,1,0,1,0,0,0,0,"- ","- ",,,"SAN BERNARDINO","SAN BERNARDINO",-117.27783203125,34.126792907714844
9453856,2022,2022-07-13,3610,2022-05-16,1630,51013,,1,5,6,3610,0,0,0,,0,ADAM,"N D ST","W 21ST ST",0.00,,Y,A,-,N,,,,,,,,,,N,4,0,1,2,A,-,10,21952,,F,G,G,A,A,H,-,A,D,0,,Y,,,Y,,A,01,0,0,1,0,0,0,1,0,0,"- ","- ",,,"SAN BERNARDINO","SAN BERNARDINO",-117.29190826416016,34.134902954101562
9453874,2022,2022-07-18,3603,2022-06-09,1623,5065,CPD,4,5,4,3603,0,0,0,,0,001,"RANCHO AV","MILL ST",0.00,,Y,A,-,N,,,,,,,,,,N,4,0,1,2,A,-,09,21801,A,N,-,G,A,A,H,-,A,D,0,,Y,,,Y,,A,01,0,0,1,0,0,0,1,0,0,"- ","- ",34.092319488525391,-117.33365631103516,"SAN BERNARDINO",COLTON,-117.33367156982422,34.092296600341797
9454810,2022,2022-06-28,3604,2022-05-30,2100,989,,1,5,6,3604,0,0,0,,0,,"ARROW BL","OLEANDER AV",0.00,,Y,A,-,N,,,,,,,,,,N,2,0,2,3,A,-,01,23152,,N,G,B,B,A,H,-,C,A,0,Y,,Y,,Y,Y,C,02,2,0,0,0,1,0,0,0,1,"- ","- ",,,"SAN BERNARDINO",FONTANA,-117.44886016845703,34.099300384521484
9455066,2022,2022-06-30,3600,2022-05-29,2200,I8688,VC013,7,5,5,3612,0,0,0,,0,VC3,"11TH AV","LINDERO ST",982.00,N,N,A,-,N,,,,,,,,,,N,2,0,1,2,D,-,00,,,F,G,B,E,A,H,-,C,D,0,Y,,,,Y,,-,"- ",1,0,0,0,1,0,0,0,0,"- ","- ",34.475109100341797,-117.32113647460938,"SAN BERNARDINO",VICTORVILLE,-117.32254028320312,34.477436065673828
9455589,2022,2022-07-06,3601,2022-05-08,2123,P18,BARST,7,5,3,3601,0,0,0,,0,PATROL,"E MAIN ST","E MAIN ST 1300",0.00,,Y,A,-,N,,,,,,,,,,N,4,0,1,2,A,-,10,21950,A,F,D,B,B,A,H,-,C,A,0,Y,,,Y,Y,,F,25,0,0,1,0,1,0,0,0,0,"- ","- ",,,"SAN BERNARDINO",BARSTOW,-117.00373077392578,34.893890380859375
94557253,2024,2025-01-31,9855,2024-05-06,"837 ",015919,,1,1,5,3630,0,1,3,,2,071,"STATE ROUTE 71 NORTHBOUND (CHINO FWY)","EUCLID AVENUE",5280.00,N,N,A,-,Y,SBD,,71," ",R,7.313,H,,R,Y,1,1,2,4,A,-,08,22107,,N,B,C,E,A,H,-,A,D,0,Y,,,Y,Y,,F,26,1,1,0,1,1,0,0,0,0,"- ","- ",33.938610076904297,-117.66629791259766,"SAN BERNARDINO","CHINO HILLS",-117.66651916503906,33.938465118408203
9456514,2022,2022-06-27,3604,2022-05-18,2247,1163,,3,5,6,3604,0,0,0,,0,,"JUNIPER AV","VALENCIA AV",100.00,S,N,A,-,N,,,,,,,,,,N,4,0,1,3,A,-,11,21954,A,N,C,B,E,A,H,-,C,D,0,Y,,,,Y,,N,60,0,0,1,0,0,0,0,0,0,"- ","- ",,,"SAN BERNARDINO",FONTANA,-117.44011688232422,34.097236633300781
9457636,2022,2022-07-07,3610,2022-05-15,2023,51360,,7,5,6,3610,0,0,0,,0,BAKER,"W 30TH ST","ACACIA AV",60.00,S,N,A,-,N,,,,,,,,,,N,3,0,1,2,A,-,11,21954,A,N,G,B,D,A,H,-,C,D,0,Y,,,,Y,,N,60,0,1,0,0,1,0,0,0,0,"- ","- ",,,"SAN BERNARDINO","SAN BERNARDINO",-117.29563140869141,34.146369934082031
9458457,2022,2022-06-13,3600,2022-03-22,0312,G8165,3600,2,5,5,3612,0,0,0,,0,VC1,"D ST","7TH ST",168.00,W,N,-,-,N,,,,,,,,,,,2,0,1,2,D,-,00,,,F,G,B,C,A,A,-,C,D,0,Y,,,,Y,,-,"- ",1,0,0,0,1,0,0,0,0,"- ","- ",34.536510467529297,-117.29341125488281,"SAN BERNARDINO",VICTORVILLE,-117.29328918457031,34.536663055419922
9459815,2022,2022-06-20,3610,2022-04-24,0200,51264,,7,5,6,3610,0,0,0,,0,POLICE,"W 5TH ST","N GARNER AV",184.00,W,N,A,-,N,,,,,,,,,,N,4,0,1,2,A,-,11,21954,A,F,G,B,D,A,H,-,C,D,0,Y,,,,Y,Y,N,60,0,0,1,0,1,0,0,0,0,"- ","- ",,,"SAN BERNARDINO","SAN BERNARDINO",-117.31203460693359,34.108329772949219
9459864,2022,2022-06-29,3605,2022-06-03,1340,443,,5,5,4,3605,0,0,0,,0,,"RAMONA AV","DALE ST",0.00,,Y,B,-,N,,,,,,,,,,N,3,0,1,2,A,-,05,21651,B,N,D,G,A,A,H,-,A,A,0,,Y,,,Y,Y,L,04,0,1,0,0,0,0,1,0,0,"- ","- ",,,"SAN BERNARDINO",MONTCLAIR,-117.70694732666016,34.057781219482422
9460859,2022,2022-06-21,3600,2022-05-25,1037,G9454,YC211,3,5,4,3640,0,0,0,,0,YC2,"FREMONT ST","AVENUE D",0.00,,Y,A,-,N,,,,,,,,,,N,3,0,1,2,A,-,09,21801,,N,G,B,A,A,H,-,A,A,0,,Y,,,Y,,-,"- ",0,1,0,0,0,0,1,0,0,"- ","- ",,,"SAN BERNARDINO",YUCAIPA,-117.02661895751953,34.029682159423828
9461825,2022,2022-07-06,3600,2022-06-02,0339,F6910,HI010,4,5,4,3618,0,0,0,,0,HI2,"VICTORIA AV","HIGHLAND AV",0.00,,Y,A,-,N,,,,,,,,,,N,3,0,1,2,A,-,12,21453,A,N,A,G,A,A,H,-,C,A,0,,Y,,,Y,,L,04,0,1,0,0,0,0,1,0,0,"- ","- ",34.135879516601562,-117.22638702392578,"SAN BERNARDINO",HIGHLAND,-117.22620391845703,34.135829925537109
9462101,2022,2022-09-27,3610,2022-04-28,2132,51238,,4,5,6,3610,0,0,0,,0,POLICE,"N F ST","W BASELINE ST",0.00,,Y,A,-,N,,,,,,,,,,N,3,0,1,2,A,-,12,21453,A,F,D,G,A,A,H,-,C,A,0,,Y,Y,,Y,,C,02,0,1,0,0,0,0,1,0,0,"- ","- ",34.121341705322266,-117.29641723632812,"SAN BERNARDINO","SAN BERNARDINO",-117.29642486572266,34.121341705322266
9463240,2022,2022-08-12,3600,2022-06-02,1500,G9801,VVSUP,4,5,5,3612,0,0,0,,0,VC2,"7TH ST","LORENE DR",0.00,,Y,A,-,N,,,,,,,,,,N,2,0,1,2,A,-,09,21453,B,N,G,B,B,-,H,-,A,A,0,Y,,,,Y,Y,A,01,1,0,0,0,1,0,0,0,0,"- ","- ",34.514049530029297,-117.31539916992188,"SAN BERNARDINO",VICTORVILLE,-117.31562805175781,34.513954162597656
9464184,2022,2023-03-20,3600,2022-06-25,1850,E3370,RC028,6,5,6,3616,0,0,0,,0,002,"ARCHIBALD AV","LIGHT POLE # 1804162",317.00,N,N,A,-,N,,,,,,,,,,Y,1,1,1,2,A,-,01,23152,A,N,D,G,A,A,H,-,A,A,0,,Y,,,Y,Y,A,01,0,1,0,0,0,1,0,0,0,"- ","- ",,,"SAN BERNARDINO","RANCHO CUCAMONGA",,
9464213,2022,2023-03-24,3600,2022-12-14,0418,C8643,RC052,3,5,6,3616,0,0,0,,0,0418,"VINEYARD AV","FOOTHILL BL",0.00,,Y,A,-,N,,,,,,,,,,Y,1,1,0,2,A,-,11,21950,B,N,G,B,B,A,H,-,C,A,0,Y,,,,Y,,N,60,0,0,0,1,0,0,0,0,0,"- ","- ",,,"SAN BERNARDINO","RANCHO CUCAMONGA",-117.61106872558594,34.106571197509766