CASE_ID,ACCIDENT_YEAR,PROC_DATE,JURIS,COLLISION_DATE,COLLISION_TIME,OFFICER_ID,REPORTING_DISTRICT,DAY_OF_WEEK,CHP_SHIFT,POPULATION,CNTY_CITY_LOC,SPECIAL_COND,BEAT_TYPE,CHP_BEAT_TYPE,CITY_DIVISION_LAPD,CHP_BEAT_CLASS,BEAT_NUMBER,PRIMARY_RD,SECONDARY_RD,DISTANCE,DIRECTION,INTERSECTION,WEATHER_1,WEATHER_2,STATE_HWY_IND,CALTRANS_COUNTY,CALTRANS_DISTRICT,STATE_ROUTE,ROUTE_SUFFIX,POSTMILE_PREFIX,POSTMILE,LOCATION_TYPE,RAMP_INTERSECTION,SIDE_OF_HWY,TOW_AWAY,COLLISION_SEVERITY,NUMBER_KILLED,NUMBER_INJURED,PARTY_COUNT,PRIMARY_COLL_FACTOR,PCF_CODE_OF_VIOL,PCF_VIOL_CATEGORY,PCF_VIOLATION,PCF_VIOL_SUBSECTION,HIT_AND_RUN,TYPE_OF_COLLISION,MVIW,PED_ACTION,ROAD_SURFACE,ROAD_COND_1,ROAD_COND_2,LIGHTING,CONTROL_DEVICE,CHP_ROAD_TYPE,PEDESTRIAN_ACCIDENT,BICYCLE_ACCIDENT,MOTORCYCLE_ACCIDENT,TRUCK_ACCIDENT,NOT_PRIVATE_PROPERTY,ALCOHOL_INVOLVED,STWD_VEHTYPE_AT_FAULT,CHP_VEHTYPE_AT_FAULT,COUNT_SEVERE_INJ,COUNT_VISIBLE_INJ,COUNT_COMPLAINT_PAIN,COUNT_PED_KILLED,COUNT_PED_INJURED,COUNT_BICYCLIST_KILLED,COUNT_BICYCLIST_INJURED,COUNT_MC_KILLED,COUNT_MC_INJURED,PRIMARY_RAMP,SECONDARY_RAMP,LATITUDE,LONGITUDE,COUNTY,CITY,POINT_X,POINT_Y
9771992,2024,2025-01-16,3600,2024-11-19,1335,D3381,VC014,2,5,5,3612,0,0,0,,0,VC2,"LA PAZ DR","PLAZA DR",0.00,,Y,A,-,N,,,,,,,,,,N,4,0,1,2,A,-,11,21954,A,N,G,B,D,A,H,-,A,A,0,Y,,,,Y,,N,60,0,0,1,0,1,0,0,0,0,"- ","- ",34.520500183105469,-117.31629943847656,"SAN BERNARDINO",VICTORVILLE,-117.31639099121094,34.521263122558594
9773428,2024,2025-01-10,3610,2024-10-19,1740,51338,,6,5,6,3610,0,0,0,,0,CHARLI,"N VICTORIA AVE","EAST HIGHLAND AV",0.00,,Y,A,-,N,,,,,,,,,,N,4,0,1,2,A,-,10,21950,A,F,G,B,B,A,H,-,C,A,0,Y,,,,Y,,A,01,0,0,1,0,1,0,0,0,0,"- ","- ",34.134998321533203,-117.27642059326172,"SAN BERNARDINO","SAN BERNARDINO",-117.22620391845703,34.135829925537109
9773496,2024,2025-01-09,3610,2024-10-27,2221,51454,,7,5,6,3610,0,0,0,,0,BAKER,"SIERRA WAY","HIGHLAND AV",0.00,,Y,A,-,N,,,,,,,,,,N,4,0,1,2,A,-,10,21950,A,N,G,B,B,A,H,-,C,B,0,Y,,,,Y,,A,01,0,0,1,0,1,0,0,0,0,"- ","- ",34.135948181152344,-117.28514099121094,"SAN BERNARDINO","SAN BERNARDINO",-117.28514099121094,34.135955810546875
9773531,2024,2025-01-17,3610,2024-10-21,1012,24925,,1,5,6,3610,0,0,0,,0,,"21ST ST","ARROWHEAD N",0.00,,Y,A,-,N,,,,,,,,,,N,3,0,1,2,A,-,09,21804,A,N,D,J,-,A,H,-,A,A,0,Y,,,,Y,,N,60,0,1,0,0,1,0,0,0,0,"- ","- ",34.134078979492188,-117.28964996337891,"SAN BERNARDINO","SAN BERNARDINO",-117.28965759277344,34.134082794189453
9775252,2024,2025-01-31,3608,2024-12-05,1645,5232,,4,5,5,3608,0,0,0,,0,,"TEXAS ST","W UNION AV",160.00,S,N,A,-,N,,,,,,,,,,N,3,0,1,2,A,-,11,21954,A,F,G,B,D,A,H,-,B,A,0,Y,,,,Y,,N,60,0,1,0,0,1,0,0,0,0,"- ","- ",,,"SAN BERNARDINO",REDLANDS,-117.19120788574219,34.064861297607422
9776028,2024,2025-01-29,3610,2024-11-19,1641,51366,,2,5,6,3610,0,0,0,,0,DAVID,"W CONGRESS","S K ST",209.00,W,N,A,-,N,,,,,,,,,,N,3,0,2,2,A,-,03,22350,I,N,G,B,E,A,H,-,B,D,0,Y,Y,,,Y,,L,04,0,1,1,0,1,0,1,0,0,"- ","- ",34.098659515380859,-117.30960083007812,"SAN BERNARDINO","SAN BERNARDINO",-117.30834197998047,34.098400115966797
9776029,2024,2025-01-29,3610,2024-11-20,1730,51548,,3,5,6,3610,0,0,0,,0,BAKER,"N G","W 11TH W",0.00,,Y,A,-,N,,,,,,,,,,N,2,0,1,2,A,-,11,21954,A,N,G,B,D,A,H,-,C,A,0,Y,,,,Y,,N,60,1,0,0,0,1,0,0,0,0,"- ","- ",34.119468688964844,-117.29866027832031,"SAN BERNARDINO","SAN BERNARDINO",-117.29866027832031,34.119415283203125
9776031,2024,2025-01-30,3610,2024-11-20,2359,51468,,3,5,6,3610,0,0,0,,0,ADAM,"W MILL ST","S MT VERMPM S",0.00,,Y,A,-,N,,,,,,,,,,N,2,0,1,3,A,-,03,22350,I,N,C,C,F,A,H,-,-,A,0,Y,,,,Y,Y,A,01,1,0,0,0,1,0,0,0,0,"- ","- ",34.092128753662109,-117.31382751464844,"SAN BERNARDINO","SAN BERNARDINO",,
9776097,2024,2025-01-31,3608,2024-11-08,"803 ",4943,,5,5,5,3608,0,0,0,,0,,"LUGONIA AV","JUDSON ST",15.00,E,N,A,-,N,,,,,,,,,,N,3,0,1,2,A,-,10,21950,A,N,G,B,B,A,H,-,A,A,0,Y,,,,Y,,A,01,0,1,0,0,1,0,0,0,0,"- ","- ",,,"SAN BERNARDINO",REDLANDS,-117.15631103515625,34.070068359375
9776423,2024,2025-02-06,3600,2024-10-03,1432,J6127,TW004,4,5,3,3617,0,0,0,,0,TW1,"EL PASEO DR","SMOKE TREE AV",0.00,,Y,A,-,N,,,,,,,,,,N,3,0,1,2,A,-,03,22350,A,N,D,G,A,A,H,-,A,D,0,,Y,,,Y,,-,,0,1,0,0,0,0,1,0,0,"- ","- ",34.142791748046875,-116.05683135986328,"SAN BERNARDINO","TWENTYNINE PALMS",-116.05680084228516,34.142768859863281
9776689,2024,2025-01-27,3600,2024-12-15,1813,B9547,HE413,7,5,5,3619,0,0,0,,0,HE4,"I AV","DANBURY AV",0.00,,Y,A,-,N,,,,,,,,,,N,4,0,1,2,A,-,10,21950,A,M,G,B,B,A,H,-,D,A,0,Y,,,,Y,,-,99,0,0,1,0,1,0,0,0,0,"- ","- ",,,"SAN BERNARDINO",HESPERIA,-117.28123474121094,34.400161743164062
9776697,2024,2025-01-27,3600,2024-12-17,1754,J4501,HE218,2,5,5,3619,0,0,0,,0,HE2,"MAIN ST","E AV",14.00,W,N,A,-,N,,,,,,,,,,N,4,0,1,2,A,-,10,21950,A,N,G,B,B,A,H,-,C,A,0,Y,,,,Y,,D,22,0,0,1,0,1,0,0,0,0,"- ","- ",,,"SAN BERNARDINO",HESPERIA,-117.29258728027344,34.42022705078125
9778536,2024,2025-02-05,3608,2024-12-14,1840,5231,,6,5,5,3608,0,0,0,,0,,"LUGONIA AV","CLAY ST",0.00,,Y,A,-,N,,,,,,,,,,N,3,0,1,2,A,-,09,21802,A,N,D,G,A,A,H,-,C,A,0,,Y,,,Y,,L,04,0,1,0,0,0,0,1,0,0,"- ","- ",,,"SAN BERNARDINO",REDLANDS,-117.18463897705078,34.070049285888672
9778641,2024,2025-02-28,3602,2024-11-02,1210,4256,,6,5,5,3602,0,0,0,,0,001,"CENTRAL AV","RT 60",20.00,E,N,B,-,Y,SBD,8,60,-,R,2.173,R,1,E,N,3,0,1,2,A,-,05,21650,1,N,D,G,A,A,H,-,A,A,0,,Y,,,Y,,L,04,0,1,0,0,0,0,1,0,0,"- ",EF,34.029270172119141,-117.63944244384766,"SAN BERNARDINO",CHINO,-117.69282531738281,34.0301513671875
9782152,2024,2025-02-19,3605,2024-11-20,1943,443,,3,5,4,3605,0,0,0,,0,,"MONTE VISTA AV","FLORA ST",269.00,S,N,A,-,N,,,,,,,,,,N,4,0,1,2,A,-,03,22350,,N,H,G,A,A,H,-,C,D,0,,Y,,,Y,,L,04,0,0,1,0,0,0,1,0,0,"- ","- ",34.068859100341797,-117.69831085205078,"SAN BERNARDINO",MONTCLAIR,-117.69828796386719,34.068073272705078
9782158,2024,2025-02-13,3608,2024-12-27,"15  ",4202,3608,5,5,5,3608,0,0,0,,0,,"ORANGE ST","E STATE ST",0.00,,Y,A,-,N,,,,,,,,,,N,4,0,1,2,A,-,10,21950,A,F,G,B,B,A,H,-,C,A,0,Y,,,,Y,Y,A,07,0,0,1,0,1,0,0,0,0,"- ","- ",,,"SAN BERNARDINO",REDLANDS,-117.18260192871094,34.056476593017578
9784290,2024,2025-02-19,3602,2024-10-05,1953,4385,,6,5,5,3602,0,0,0,,0,001,"RIVERSIDE DR","4TH ST",49.00,E,N,A,-,N,,,,,,,,,,Y,3,0,1,2,A,-,11,21954,A,F,G,B,D,A,H,-,C,B,0,Y,,,,Y,Y,N,60,0,1,0,0,1,0,0,0,0,"- ","- ",,,"SAN BERNARDINO",CHINO,-117.69419860839844,34.01904296875
9784662,2024,2025-02-26,3610,2024-12-13,1600,51344,,5,5,6,3610,0,0,0,,0,ADAM,"MERIDIAN AV","2ND ST",685.00,S,N,A,-,N,,,,,,,,,,N,3,0,1,2,A,-,11,21954,A,M,G,B,E,A,H,-,A,D,0,Y,,,,Y,,N,60,0,1,0,0,1,0,0,0,0,"- ","- ",34.099521636962891,-117.34853363037109,"SAN BERNARDINO","SAN BERNARDINO",-117.34853363037109,34.101253509521484
9784738,2024,2025-02-28,3610,2024-12-18,1745,51548,,3,5,6,3610,0,0,0,,0,ADAM,"RANCHO AV","BELLEVIEW ST",250.00,N,N,A,-,N,,,,,,,,,,Y,3,0,1,2,A,-,08,22107,,N,G,B,B,A,H,-,C,A,0,Y,,,,Y,,A,01,0,1,0,0,1,0,0,0,0,"- ","- ",,,"SAN BERNARDINO","SAN BERNARDINO",-117.33283233642578,34.101512908935547
9785571,2024,2025-02-25,3605,2024-12-26,1830,481,3605,4,5,4,3605,0,0,0,,0,,"BENSON AV","PRINCETON ST",50.00,N,N,A,-,N,,,,,,,,,,Y,2,0,1,2,A,-,08,22107,,N,D,G,A,A,H,-,C,A,0,,Y,,,Y,,L,04,1,0,0,0,0,0,1,0,0,"- ","- ",34.079639434814453,-117.68087768554688,"SAN BERNARDINO",MONTCLAIR,-117.68083190917969,34.079776763916016
9786115,2024,2025-04-29,3604,2024-11-03,1725,680,,7,5,6,3604,0,0,0,,0,,"MERRILL AV","SIERRA AV",149.00,E,N,A,-,N,,,,,,,,,,N,1,1,0,2,A,-,09,21804,A,F,D,G,A,A,H,-,C,D,0,,Y,,,Y,,L,04,0,0,0,0,0,1,0,0,0,"- ","- ",,,"SAN BERNARDINO",FONTANA,-117.43522644042969,34.092128753662109
9786199,2024,2025-05-03,3605,2024-08-25,1703,461,,7,5,4,3605,0,0,0,,0,,"STATE ST","FREMONT AV",422.00,W,N,A,-,N,,,,,,,,,,N,1,1,0,2,A,-,08,22107,,N,D,G,A,A,H,-,A,D,0,,Y,,,Y,,L,04,0,0,0,0,0,1,0,0,0,"- ","- ",34.059669494628906,-117.69387054443359,"SAN BERNARDINO",MONTCLAIR,-117.69525146484375,34.059749603271484
9786202,2024,2025-05-03,3604,2024-12-15,1822,1339,,7,5,6,3604,0,0,0,,0,,"RANCHO FONTAN VILLAGE PKWY","BEECH AV",49.00,E,N,A,-,N,,,,,,,,,,Y,1,1,1,3,A,-,11,21954,A,N,G,B,D,A,H,-,C,A,0,Y,,,,Y,,N,60,1,0,0,1,1,0,0,0,0,"- ","- ",,,"SAN BERNARDINO",FONTANA,-117.470947265625,34.117778778076172
9786295,2024,2025-05-28,3610,2024-12-28,1754,50571,,6,5,6,3610,0,0,0,,0,CHARLI,"HIGHLAND AV","ROCKFORD AV",18.00,W,N,A,-,N,,,,,,,,,,N,1,1,0,2,A,-,11,21954,A,N,G,B,D,-,H,-,C,D,0,Y,,,,Y,,N,60,0,0,0,1,0,0,0,0,0,"- ","- ",34.135829925537109,-117.22881317138672,"SAN BERNARDINO","SAN BERNARDINO",-117.22886657714844,34.135841369628906
9786382,2024,2025-07-14,3600,2024-01-05,2035,F9714,TW005,5,5,3,3617,0,0,0,,0,TW1,"AMBOY RD","SUNMORE PKWY",683.00,E,N,A,-,N,,,,,,,,,,N,1,1,0,2,A,-,00,21954,,F,G,B,E,A,H,-,D,D,0,Y,,,,Y,Y,N,60,0,0,0,1,0,0,0,0,0,"- ","- ",34.165088653564453,-116.02364349365234,"SAN BERNARDINO","TWENTYNINE PALMS",-116.02408599853516,34.165058135986328
9791185,2024,2025-03-07,3602,2024-01-24,1620,4022,67,3,5,5,3602,0,0,0,,0,002,"CENTRAL AV","C ST",0.00,,Y,A,-,N,,,,,,,,,,N,3,0,1,2,A,-,10,21950,A,F,G,B,B,A,H,-,A,A,0,Y,,,,Y,,-,99,0,1,0,0,1,0,0,0,0,"- ","- ",34.019088745117188,-117.68929290771484,"SAN BERNARDINO",CHINO,-117.68936157226562,34.015510559082031
9804079,2024,2025-04-30,3610,2024-03-06,"913 ",51499,,3,5,6,3610,0,0,0,,0,CHARLI,"30TH ST","WATERMAN AV",0.00,,Y,B,C,N,,,,,,,,,,N,3,0,1,2,A,-,03,22350,,N,G,B,B,B,H,-,A,A,0,Y,,,,Y,Y,A,01,0,1,0,0,1,0,0,0,0,"- ","- ",34.145931243896484,-117.27867126464844,"SAN BERNARDINO","SAN BERNARDINO",-117.27870178222656,34.145980834960938
6290562,2014,2015-12-29,9850,2014-04-11,0317,14481,,5,3,9,3600,0,1,1,,2,084,"RT 15","DALE EVANS PKWY",7392.00,S,N,A,-,Y,SBD,8,15,-,-,51.790,H,-,S,Y,1,1,0,2,A,-,11,21954,A,N,G,B,E,A,H,-,D,D,1,Y,,,,Y,,N,60,0,0,0,1,0,0,0,0,0,"- ","- ",34.63494,-117.22528,"SAN BERNARDINO",UNINCORPORATED,-117.21849906999999,34.643817509999998
6290659,2014,2014-06-04,3602,2014-01-20,0631,3060,,1,5,5,3602,0,0,0,,0,005,"RT 83","BICKMORE AV",841.00,N,N,A,-,Y,SBD,8,83,-,-,2.580,H,-,S,Y,1,1,0,2,A,-,11,21954,A,N,G,B,E,A,H,-,B,D,0,Y,,,,Y,Y,N,60,0,0,0,1,0,0,0,0,0,"- ","- ",,,"SAN BERNARDINO",CHINO,-117.65072635999999,33.963508099999999
6291098,2014,2014-08-15,3610,2014-02-27,2211,50749,,4,5,6,3610,0,0,0,,0,,"W 20TH ST","N EMMA RD",0.00,,Y,B,-,N,,,,,,,,,,Y,1,1,1,2,A,-,11,21954,A,N,G,B,D,A,H,-,C,D,0,Y,,,,Y,,N,60,0,1,0,1,0,0,0,0,0,"- ","- ",,,"SAN BERNARDINO","SAN BERNARDINO",-117.33328967999999,34.133216259999998
6291159,2014,2015-12-21,3600,2014-01-24,1757,C9265,HE404,5,5,5,3619,0,0,0,,0,HE4,"SANTA FE AV E","SULTANA ST",334.00,N,N,A,-,N,,,,,,,,,,Y,1,1,0,2,A,-,11,21954,A,N,G,B,D,A,H,-,C,D,0,Y,,,,Y,Y,N,60,0,0,0,1,0,0,0,0,0,"- ","- ",,,"SAN BERNARDINO",HESPERIA,-117.30274756,34.415030989999998
6291292,2014,2014-10-02,9860,2014-01-12,0138,19449,,7,3,4,3603,0,1,1,,2,103,"RT 10","SANTA ANA RV",930.00,E,N,A,-,Y,SBD,8,215,-,-,4.501,R,2,N,Y,1,1,0,2,A,-,11,21954,A,F,G,B,E,A,H,-,C,D,1,Y,,,,Y,Y,N,60,0,0,0,1,0,0,0,0,0,TO,"- ",34.064,-117.29998000000001,"SAN BERNARDINO",COLTON,-117.29558967,34.070654769999997
6291483,2014,2016-01-04,9850,2014-08-05,0753,17237,,2,1,5,3612,0,1,1,,2,083,"RT 15","NISQUALLI RD",3168.00,N,N,A,-,Y,SBD,8,15,-,-,39.390,H,-,S,Y,1,1,0,3,A,-,11,21954,A,F,G,B,E,A,H,-,A,D,1,Y,,,Y,Y,,N,60,0,0,0,1,0,0,0,0,0,"- ","- ",34.492820000000002,-117.33093,"SAN BERNARDINO",VICTORVILLE,-117.33081916,34.492875290000001
6291678,2014,2015-12-30,9860,2014-06-05,2134,20758,,4,2,4,3603,0,1,1,,2,103,"RT 10","S SUNWEST LN",170.00,W,N,A,-,Y,SBD,8,215,-,-,3.530,R,2,S,N,1,1,0,2,A,-,11,21954,A,N,G,B,E,A,H,-,C,D,1,Y,,,,Y,,N,60,0,0,0,1,0,0,0,0,0,TO,"- ",34.06409,-117.29152000000001,"SAN BERNARDINO",COLTON,-117.29841105,34.056593560000003
6291736,2014,2014-12-16,3610,2014-10-12,1955,50925,,7,5,6,3610,0,0,0,,0,,"W LITTLE LEAGUE DR","W LITTLE LEAGUE DR 3496",0.00,,-,A,-,N,,,,,,,,,,Y,1,1,0,2,A,-,11,21956,,N,G,B,E,A,H,-,D,D,0,Y,,,,Y,,N,60,0,0,0,1,0,0,0,0,0,"- ","- ",,,"SAN BERNARDINO","SAN BERNARDINO",-117.37011284,34.198030379999999
6291797,2014,2016-01-05,9870,2014-11-01,0615,20280,,6,1,9,3600,0,1,3,,1,031,"RT 62","WHITE FEATHER RD",54.00,E,N,A,-,Y,SBD,8,62,-,-,20.480,H,-,E,N,1,1,0,2,A,-,11,21954,A,N,G,B,D,A,H,-,C,A,0,Y,,,,Y,,N,60,0,0,0,1,0,0,0,0,0,"- ","- ",34.135080000000002,-116.27647,"SAN BERNARDINO",UNINCORPORATED,-116.27658484,34.135089469999997
6291901,2014,2015-12-31,9860,2014-10-26,0423,20626,,7,3,9,3600,0,1,1,,2,216,"RT 215","UNIVERSITY PKWY",3540.00,S,N,A,-,Y,SBD,8,215,-,-,10.960,H,-,S,N,1,1,0,2,A,-,11,21954,A,N,G,B,E,A,H,-,C,D,1,Y,,,,Y,Y,N,60,0,0,0,1,0,0,0,0,0,"- ","- ",34.15531,-117.32599,"SAN BERNARDINO",UNINCORPORATED,-117.32656415,34.156362029999997
6291920,2014,2015-12-17,3610,2014-11-20,1954,50840,,4,5,6,3610,0,0,0,,0,,"E PACIFIC ST","N FAIRFAX ST",101.00,W,N,B,-,N,,,,,,,,,,N,1,1,0,2,A,-,11,21954,A,N,G,B,D,A,H,-,C,D,0,Y,,,,Y,Y,N,60,0,0,0,1,0,0,0,0,0,"- ","- ",,,"SAN BERNARDINO","SAN BERNARDINO",-117.25771262000001,34.128616399999999
6292055,2014,2015-12-18,3601,2014-07-05,0019,P65,,6,5,3,3601,0,0,0,,0,PATROL,"E RIMROCK RD","EDISON POLE 1848048E",2.00,E,N,A,-,N,,,,,,,,,,N,1,1,0,2,A,-,01,23152,A,N,G,B,E,A,H,-,C,D,0,Y,,,,Y,Y,D,22,0,0,0,1,0,0,0,0,0,"- ","- ",,,"SAN BERNARDINO",BARSTOW,,
6292088,2014,2015-04-14,3604,2014-12-13,2352,6850,FONTA,6,5,6,3604,0,0,0,,0,,"SIERRA AV","TERRA VISTA",264.00,S,N,A,-,N,,,,,,,,,,N,1,1,0,2,A,-,11,21954,A,N,G,B,D,A,H,-,D,D,0,Y,,,,Y,Y,N,60,0,0,0,1,0,0,0,0,0,"- ","- ",,,"SAN BERNARDINO",FONTANA,-117.43620335999999,34.167946460000003
6292089,2014,2015-04-14,3607,2014-12-13,1444,80263,73,6,5,6,3607,0,0,0,,0,041,"INLAND EMPIRE BL","CENTER ST",0.00,,Y,A,-,N,,,,,,,,,,Y,1,1,0,2,A,-,"- ",,,N,G,B,B,A,H,-,A,A,0,Y,,,,Y,,-,,0,0,0,1,0,0,0,0,0,"- ","- ",,,"SAN BERNARDINO",ONTARIO,-117.58045011,34.071510070000002
6292484,2015,2017-04-04,9834,2015-04-25,0147,18054,,6,3,2,3606,0,1,1,,2,046,"RT 40","PARK RD",528.00,E,N,A,-,Y,SBD,8,40,-,R,13.928,H,-,W,Y,1,1,0,2,A,-,03,22350,,F,G,B,E,A,H,-,D,D,0,Y,,,,Y,Y,-,99,0,0,0,1,0,0,0,0,0,"- ","- ",34.870310000000003,-114.65026,"SAN BERNARDINO",NEEDLES,-116.77347285,34.837582879999999
6292530,2015,2017-05-09,3609,2015-05-19,2051,3156,126,2,5,5,3609,0,0,0,,0,002,"VAN KOEVERING ST","RIVERSIDE AV",230.00,W,N,A,-,N,,,,,,,,,,N,1,1,1,2,A,-,05,21650,,N,G,B,E,A,H,-,D,D,0,Y,,Y,,Y,,C,02,1,0,0,0,1,0,0,1,0,"- ","- ",,,"SAN BERNARDINO",RIALTO,-117.37112761,34.112608289999997
6292546,2015,2017-04-25,3600,2015-02-24,1848,D4325,AP008,2,5,5,3621,0,0,0,,0,AP3,"BEAR VALLEY RD","KIOWA RD",772.00,W,N,A,-,N,,,,,,,,,,Y,1,2,0,3,A,-,11,21956,A,N,G,B,D,A,H,-,D,D,0,Y,,,,Y,Y,N,60,0,0,0,2,0,0,0,0,0,"- ","- ",,,"SAN BERNARDINO","APPLE VALLEY",-117.21028314,34.471429999999998
6292595,2015,2017-05-09,9860,2015-07-13,0445,18223,,1,3,6,3610,0,1,1,,2,202,"RT 210","DEL ROSA AV",500.00,W,N,A,-,Y,SBD,8,210,-,R,25.630,H,-,W,N,1,1,0,3,A,-,11,21956,A,N,G,B,E,A,H,-,D,D,1,Y,,,,Y,,N,60,0,0,0,1,0,0,0,0,0,"- ","- ",34.143149999999999,-117.25453,"SAN BERNARDINO","SAN BERNARDINO",-117.25433652,34.143163600000001
6292663,2015,2017-04-03,9850,2015-08-23,2319,15860,,7,3,5,3612,0,1,1,,2,083,"RT 15","BEAR VALLEY RD",533.00,N,N,A,-,Y,SBD,8,15,-,-,37.690,H,-,N,N,1,1,0,2,A,-,11,21954,A,N,G,B,E,A,H,-,D,D,1,Y,,,Y,Y,,N,60,0,0,0,1,0,0,0,0,0,"- ","- ",34.472239999999999,-117.3447,"SAN BERNARDINO",VICTORVILLE,-117.34512477,34.47162119
6292795,2015,2016-04-22,3600,2015-11-21,1947,E7439,HE128,6,5,5,3619,0,0,0,,0,HE5,"MAPLE AV","EDISON POLE 4796156E",45.00,S,N,A,-,N,,,,,,,,,,Y,1,1,0,2,A,-,10,21950,A,N,G,B,C,A,H,-,C,D,0,Y,,,,Y,,A,07,0,0,0,1,0,0,0,0,0,"- ","- ",,,"SAN BERNARDINO",HESPERIA,,
6292852,2015,2016-03-02,3600,2015-06-02,1256,A9600,HE207,2,5,5,3619,0,0,0,,0,002,"I AV","MOJAVE ST",36.00,N,N,A,-,N,,,,,,,,,,Y,1,1,1,3,A,-,03,22350,,N,C,C,D,A,H,-,A,A,0,Y,,,,Y,,D,22,1,0,0,0,1,0,0,0,0,"- ","- ",,,"SAN BERNARDINO",HESPERIA,-117.27986955,34.433907150000003
6292871,2015,2017-04-04,3610,2015-07-18,2114,50732,,6,5,6,3610,0,0,0,,0,,"NORTH WATERMAN AV","30TH ST",700.00,N,N,B,C,Y,SBD,8,18,-,T,6.370,H,-,S,N,1,1,0,2,A,-,11,21954,A,F,G,B,E,B,H,-,C,A,0,Y,,,,Y,Y,N,60,0,0,0,1,0,0,0,0,0,"- ","- ",,,"SAN BERNARDINO","SAN BERNARDINO",-117.27870729999999,34.147892319999997
6336576,2014,2014-06-03,3608,2014-01-05,0953,0099,,7,5,5,3608,0,0,0,,0,,"CAJON ST","FERN AV",0.00,,Y,A,-,N,,,,,,,,,,N,4,0,1,2,A,-,12,21453,A,N,D,G,A,A,H,-,A,A,0,,Y,,,Y,,L,04,0,0,1,0,0,0,1,0,0,"- ","- ",,,"SAN BERNARDINO",REDLANDS,-117.17889,34.050390110000002
6336588,2014,2014-06-03,3608,2014-01-07,1817,3865,,2,5,5,3608,0,0,0,,0,,"SAN BERNARDINO",MARIGOLD,167.00,E,N,A,-,N,,,,,,,,,,N,3,0,1,1,C,-,18,,,N,E,J,A,A,C,-,C,D,0,,Y,,,Y,,-,"- ",0,1,0,0,0,0,1,0,0,"- ","- ",,,"SAN BERNARDINO",REDLANDS,-117.23247023,34.077570000000001
6346459,2014,2014-06-04,3600,2014-01-13,1739,D3560,HE417,1,5,5,3619,0,0,0,,0,004,"FAIRBURN ST","WINDSOR AV",0.00,,Y,A,-,N,,,,,,,,,,N,3,0,1,2,A,-,11,21954,A,N,B,B,D,A,H,-,D,A,0,Y,,,,Y,,N,60,0,1,0,0,1,0,0,0,0,"- ","- ",,,"SAN BERNARDINO",HESPERIA,-117.27149,34.39035011
6350892,2016,2016-03-25,3607,2016-02-02,2255,80502,108,2,5,6,3607,0,0,0,,0,022,"CAMPUS AV","D ST",0.00,,Y,A,-,N,,,,,,,,,,N,4,0,1,2,A,-,09,21802,A,N,D,G,A,A,H,-,C,A,0,,Y,,,Y,,-,,0,0,1,0,0,0,1,0,0,"- ","- ",,,"SAN BERNARDINO",ONTARIO,-117.64134012,34.067010009999997
6358178,2014,2014-06-06,9860,2014-01-03,1750,19429,,5,2,9,3600,0,3,5,,2,002,"MACY ST","PORTER RD",240.00,S,N,A,-,N,,,,,,,,,,N,3,0,2,3,A,-,11,21954,A,N,G,B,D,A,H,-,D,D,0,Y,,,,Y,,N,60,0,2,0,0,2,0,0,0,0,"- ","- ",34.140729999999998,-117.33987999999999,"SAN BERNARDINO",UNINCORPORATED,-117.33984363,34.14083248
6364053,2014,2014-06-12,9850,2014-01-19,1115,16871,,7,1,9,3600,0,2,4,,2,066,"PHELAN RD","CLOVIS RD",39.00,E,N,A,-,N,,,,,,,,,,N,3,0,1,2,A,-,09,21804,A,N,D,G,A,A,H,-,A,D,0,,Y,,,Y,,L,04,0,1,0,0,0,0,1,0,0,"- ","- ",34.426439999999999,-117.57438999999999,"SAN BERNARDINO",UNINCORPORATED,-117.57460107999999,34.426316929999999
6366840,2014,2014-06-25,3605,2014-01-11,1416,272,,6,5,4,3605,0,0,0,,0,,"KINGSLEY ST","CENTRAL AV",0.00,,Y,A,-,N,,,,,,,,,,N,3,0,1,2,A,-,12,21453,A,N,G,G,A,A,H,-,A,A,0,,Y,,,Y,,D,22,0,1,0,0,0,0,1,0,0,"- ","- ",,,"SAN BERNARDINO",MONTCLAIR,-117.68964002,34.066730049999997
6367471,2014,2014-06-09,3604,2014-01-13,1818,1043,,1,5,6,3604,0,0,0,,0,,"SIERRA AV","SIERRA LAKES",855.00,S,N,A,-,N,,,,,,,,,,N,3,0,1,2,A,-,11,21956,A,F,G,B,E,A,H,-,B,A,0,Y,,,,Y,Y,N,60,0,1,0,0,1,0,0,0,0,"- ","- ",,,"SAN BERNARDINO",FONTANA,-117.43713983000001,34.18220402
6371364,2014,2014-06-13,3600,2014-02-02,1045,E4794,HE118,7,5,5,3619,0,0,0,,0,HE1,"ESCONDIDO AV","MAIN ST",0.00,,Y,A,-,N,,,,,,,,,,N,3,0,1,2,A,-,11,21954,A,N,A,B,E,A,H,-,A,A,0,Y,,,,Y,,N,60,0,1,0,0,1,0,0,0,0,"- ","- ",,,"SAN BERNARDINO",HESPERIA,-117.37299001,34.42665006
6377615,2014,2014-07-21,3600,2014-01-11,0902,B6731,YV106,6,5,4,3640,0,0,0,,0,,"4TH ST","YUCAIPA BL",0.00,,Y,A,-,N,,,,,,,,,,N,4,0,1,2,A,-,03,22350,,M,G,G,A,A,H,-,A,A,0,,Y,,,Y,Y,A,01,0,0,1,0,0,0,1,0,0,"- ","- ",,,"SAN BERNARDINO",YUCAIPA,-117.05189012,34.033870059999998