CASE_ID,ACCIDENT_YEAR,PROC_DATE,JURIS,COLLISION_DATE,COLLISION_TIME,OFFICER_ID,REPORTING_DISTRICT,DAY_OF_WEEK,CHP_SHIFT,POPULATION,CNTY_CITY_LOC,SPECIAL_COND,BEAT_TYPE,CHP_BEAT_TYPE,CITY_DIVISION_LAPD,CHP_BEAT_CLASS,BEAT_NUMBER,PRIMARY_RD,SECONDARY_RD,DISTANCE,DIRECTION,INTERSECTION,WEATHER_1,WEATHER_2,STATE_HWY_IND,CALTRANS_COUNTY,CALTRANS_DISTRICT,STATE_ROUTE,ROUTE_SUFFIX,POSTMILE_PREFIX,POSTMILE,LOCATION_TYPE,RAMP_INTERSECTION,SIDE_OF_HWY,TOW_AWAY,COLLISION_SEVERITY,NUMBER_KILLED,NUMBER_INJURED,PARTY_COUNT,PRIMARY_COLL_FACTOR,PCF_CODE_OF_VIOL,PCF_VIOL_CATEGORY,PCF_VIOLATION,PCF_VIOL_SUBSECTION,HIT_AND_RUN,TYPE_OF_COLLISION,MVIW,PED_ACTION,ROAD_SURFACE,ROAD_COND_1,ROAD_COND_2,LIGHTING,CONTROL_DEVICE,CHP_ROAD_TYPE,PEDESTRIAN_ACCIDENT,BICYCLE_ACCIDENT,MOTORCYCLE_ACCIDENT,TRUCK_ACCIDENT,NOT_PRIVATE_PROPERTY,ALCOHOL_INVOLVED,STWD_VEHTYPE_AT_FAULT,CHP_VEHTYPE_AT_FAULT,COUNT_SEVERE_INJ,COUNT_VISIBLE_INJ,COUNT_COMPLAINT_PAIN,COUNT_PED_KILLED,COUNT_PED_INJURED,COUNT_BICYCLIST_KILLED,COUNT_BICYCLIST_INJURED,COUNT_MC_KILLED,COUNT_MC_INJURED,PRIMARY_RAMP,SECONDARY_RAMP,LATITUDE,LONGITUDE,COUNTY,CITY,POINT_X,POINT_Y
6894188,2015,2015-05-04,3607,2015-03-20,2021,80483,129,5,5,6,3607,0,0,0,,0,022,"HOLT BL","BON VIEW AV",250.00,E,N,A,-,N,,,,,,,,,,N,2,0,2,3,A,-,11,21954,A,N,G,B,D,A,H,-,C,D,0,Y,,,,Y,,N,60,1,1,0,0,2,0,0,0,0,"- ","- ",,,"SAN BERNARDINO",ONTARIO,-117.63638677,34.063384059999997
6895018,2015,2015-05-01,3602,2015-02-26,1409,3054,,4,5,5,3602,0,0,0,,0,,"EDISON AV","OAKS AV",0.00,,Y,A,-,N,,,,,,,,,,N,3,0,1,2,A,-,11,21954,A,N,G,B,D,A,H,-,A,A,0,Y,,,,Y,,N,60,0,1,0,0,1,0,0,0,0,"- ","- ",,,"SAN BERNARDINO",CHINO,-117.67602007000001,33.997370070000002
6895068,2015,2016-06-14,3608,2015-04-05,1456,4342,,7,5,5,3608,0,0,0,,0,,"CHAPEL ST","STILLMAN AV",0.00,,Y,A,-,N,,,,,,,,,,N,4,0,1,2,A,-,08,22107,,M,G,B,D,A,H,-,A,D,0,Y,,,,Y,,A,01,0,0,1,0,1,0,0,0,0,"- ","- ",,,"SAN BERNARDINO",REDLANDS,-117.1684101,34.061570039999999
6896494,2015,2015-05-14,9855,2015-03-19,0805,015461,,4,1,9,3600,0,3,5,,2,004,"PIPELINE AV","PHILADELPHIA ST",249.00,S,N,A,-,N,,,,,,,,,,N,3,0,1,2,A,-,08,22107,,F,C,G,A,A,H,-,A,D,0,,Y,,,Y,Y,A,01,0,1,0,0,0,0,1,0,0,"- ","- ",,,"SAN BERNARDINO",UNINCORPORATED,-117.71559000000001,34.032717519999999
6900256,2015,2015-05-13,3610,2015-03-12,0826,50732,,4,5,6,3610,0,0,0,,0,,"N BELLE ST","29TH ST",152.00,S,N,A,G,N,,,,,,,,,,Y,4,0,1,2,A,-,11,21954,A,N,G,B,E,A,H,-,A,A,0,Y,,,,Y,,N,60,0,0,1,0,1,0,0,0,0,"- ","- ",,,"SAN BERNARDINO","SAN BERNARDINO",-117.27975246,34.143623599999998
6900264,2015,2015-05-11,3610,2015-03-02,1506,50571,,1,5,6,3610,0,0,0,,0,,"LITTLE MOUNTAIN DR","NORTHPARK BL",12.00,S,N,B,-,N,,,,,,,,,,N,3,0,1,2,A,-,12,21453,A,N,D,G,A,A,H,-,A,A,0,,Y,,,Y,,L,04,0,1,0,0,0,0,1,0,0,"- ","- ",,,"SAN BERNARDINO","SAN BERNARDINO",-117.31395000000001,34.179057120000003
6904962,2015,2015-05-07,3608,2015-03-31,0755,4335,3608,2,5,5,3608,0,0,0,,0,,"W COLTON AV","W COLTON AV 1121",0.00,,-,A,-,N,,,,,,,,,,N,3,0,1,2,A,-,05,21202,A,N,D,G,A,A,H,-,A,D,0,,Y,,,Y,,L,04,0,1,0,0,0,0,1,0,0,"- ","- ",,,"SAN BERNARDINO",REDLANDS,-117.19869733,34.062860569999998
6907962,2015,2016-10-10,9865,2015-02-14,1420,20822,,6,2,9,3600,0,1,3,,1,039,"RT 38","SHAY RD",0.00,,Y,A,-,Y,SBD,8,38,-,-,48.070,I,5,E,N,3,0,1,1,A,-,03,22350,,N,F,I,A,A,B,-,A,A,0,,Y,,,Y,,L,04,0,1,0,0,0,0,1,0,0,"- ","- ",34.262650000000001,-116.8219,"SAN BERNARDINO",UNINCORPORATED,-116.8218873,34.262626019999999
6908793,2015,2015-05-19,3602,2015-04-21,0649,3060,,2,5,5,3602,0,0,0,,0,002,"RIVERSIDE DR","BENSON AV",130.00,E,N,B,-,N,,,,,,,,,,N,3,0,1,2,A,-,09,21804,A,N,D,G,A,A,H,-,A,D,0,,Y,,,Y,,A,01,0,1,0,0,0,0,1,0,0,"- ","- ",,,"SAN BERNARDINO",CHINO,-117.68017211,34.019129999999997
6908797,2015,2015-05-19,3602,2015-04-02,0726,3402,,4,5,5,3602,0,0,0,,0,001,"WALNUT AV","MONTE VISTA AV",0.00,,Y,A,-,N,,,,,,,,,,N,4,0,1,2,A,-,12,22450,A,N,D,G,A,A,H,-,A,A,0,,Y,,,Y,,L,04,0,0,1,0,0,0,1,0,0,"- ","- ",,,"SAN BERNARDINO",CHINO,-117.69810003000001,34.026240049999998
6910563,2015,2015-05-18,3609,2015-03-27,1946,9632,41,5,5,5,3609,0,0,0,,0,002,"RIVERSIDE AV","COLUMBINE AV",340.00,N,N,A,-,N,,,,,,,,,,N,3,0,1,2,A,-,11,21954,A,N,G,B,D,A,H,-,C,D,0,Y,,,,Y,,N,60,0,1,0,0,1,0,0,0,0,"- ","- ",,,"SAN BERNARDINO",RIALTO,-117.38014210999999,34.144112419999999
6910836,2015,2016-06-13,3604,2015-04-15,0452,744,,3,5,6,3604,0,0,0,,0,,"SIERRA AV","RT 66",33.00,S,N,A,G,N,,,,,,,,,,N,4,0,1,2,A,-,11,21954,,N,G,B,D,A,H,-,C,A,0,Y,,,,Y,,N,60,0,0,1,0,1,0,0,0,0,"- ","- ",,,"SAN BERNARDINO",FONTANA,-117.43579209000001,34.106514629999999
6910857,2015,2015-05-18,3609,2015-04-06,1947,1984,,1,5,5,3609,0,0,0,,0,001,"SPRUCE AV",VALENCIA,0.00,,Y,A,-,N,,,,,,,,,,N,3,0,1,2,A,-,05,21650,1,N,D,G,A,A,H,-,C,-,0,,Y,,,Y,,L,04,0,1,0,0,0,0,1,0,0,"- ","- ",,,"SAN BERNARDINO",RIALTO,-117.38790006000001,34.115510100000002
6910904,2015,2015-05-12,3604,2015-04-15,1358,744,,3,5,6,3604,0,0,0,,0,,"SIERRA AV","ATHOL ST",18.00,N,N,A,-,N,,,,,,,,,,N,3,0,1,2,A,-,05,21650,1,N,D,G,A,A,H,-,A,A,0,,Y,,,Y,,L,04,0,1,0,0,0,0,1,0,0,"- ","- ",,,"SAN BERNARDINO",FONTANA,-117.43572947,34.088539320000002
6911354,2015,2015-05-16,9850,2015-04-29,1710,019278,,3,2,9,3600,0,3,5,,2,004,"MIDWAY AV","RABBIT SPRINGS RD",550.00,N,N,A,-,N,,,,,,,,,,N,3,0,1,2,A,-,03,22350,,F,H,G,A,A,H,-,A,D,0,,Y,,,Y,,A,01,0,1,0,0,0,0,1,0,0,"- ","- ",34.460479999999997,-116.90249,"SAN BERNARDINO",UNINCORPORATED,-116.90248,34.460065980000003
6912157,2015,2015-05-11,3610,2015-03-06,1813,50584,,5,5,6,3610,0,0,0,,0,,"N STATE ST","W COLLEGE AV",30.00,S,N,A,-,N,,,,,,,,,,N,2,0,1,2,A,-,11,21950,B,N,G,B,B,A,H,-,C,D,0,Y,,,,Y,,N,60,1,0,0,0,1,0,0,0,0,"- ","- ",,,"SAN BERNARDINO","SAN BERNARDINO",-117.33108970000001,34.171247809999997
6913826,2015,2015-05-29,3604,2015-04-28,1525,D171,G23E1,2,5,6,3604,0,0,0,,0,,"RANDALL AV","EUGENE AV",10.00,W,N,A,-,N,,,,,,,,,,N,4,0,1,2,A,-,03,22350,,N,G,B,E,A,H,-,A,D,0,Y,,,,Y,,-,,0,0,1,0,1,0,0,0,0,"- ","- ",,,"SAN BERNARDINO",FONTANA,-117.46344293,34.084769729999998
6914858,2015,2015-05-27,3610,2015-04-20,0711,50789,,1,5,6,3610,0,0,0,,0,,"E 30TH ST","N PARKSIDE DR",90.00,W,N,A,-,N,,,,,,,,,,N,4,0,1,2,A,-,05,21650,1,N,A,G,A,A,H,-,A,A,0,,Y,,,Y,,L,04,0,0,1,0,0,0,1,0,0,"- ","- ",,,"SAN BERNARDINO","SAN BERNARDINO",-117.27704616,34.145969999999998
6915303,2015,2015-05-22,3610,2015-04-02,2113,50184,,4,5,6,3610,0,0,0,,0,,"18TH ST","D ST",0.00,,Y,A,-,N,,,,,,,,,,N,3,0,1,2,A,-,10,21950,A,F,G,B,D,A,H,-,C,A,0,Y,,,,Y,,A,01,0,1,0,0,1,0,0,0,0,"- ","- ",,,"SAN BERNARDINO","SAN BERNARDINO",-117.29191002,34.131450030000003
6916395,2015,2015-05-29,3610,2015-04-25,1943,50700,,6,5,6,3610,0,0,0,,0,,"WEST 4TH","N F ST",0.00,,Y,C,-,N,,,,,,,,,,N,3,0,1,2,A,-,11,21453,D,N,G,B,B,B,H,-,C,A,0,Y,,,,Y,,A,01,0,1,0,0,1,0,0,0,0,"- ","- ",,,"SAN BERNARDINO","SAN BERNARDINO",-117.29641006999999,34.106430060000001
6917359,2014,2015-05-28,9855,2014-11-01,1145,15498,,6,1,9,3600,0,3,5,,2,004,"MISSION BL","KADOTA AV",57.00,E,N,B,-,N,,,,,,,,,,N,2,0,2,2,A,-,11,21955,,N,G,B,D,A,H,-,A,A,0,Y,,,,Y,,N,60,1,0,1,0,1,0,0,0,0,"- ","- ",34.055810000000001,-117.71753,"SAN BERNARDINO",UNINCORPORATED,-117.71750249999999,34.05601721
6918603,2015,2015-05-20,3610,2015-04-30,1440,50936,,4,5,6,3610,0,0,0,,0,,"N SIERRA WALK","W VICTORIA ST",0.00,,Y,A,-,N,,,,,,,,,,N,2,0,1,2,A,-,12,22450,A,N,D,G,A,A,H,-,A,A,0,,Y,,,Y,,L,04,1,0,0,0,0,0,1,0,0,"- ","- ",,,"SAN BERNARDINO","SAN BERNARDINO",-117.28515013000001,34.111110119999999
6919327,2015,2015-10-12,9855,2015-05-06,0044,17570,,3,3,9,3600,0,3,5,,2,001,"VALLEY BL","REDWOOD AV",200.00,W,N,A,-,N,,,,,,,,,,N,3,0,1,2,A,-,11,21954,A,F,G,B,D,A,H,-,D,D,0,Y,,,,Y,,N,60,0,1,0,0,1,0,0,0,0,"- ","- ",34.070149999999998,-117.48593,"SAN BERNARDINO",UNINCORPORATED,-117.48496855,34.070189999999997
6923207,2015,2016-12-20,9855,2015-08-20,0320,18000,,4,3,5,3611,0,1,1,,2,103,"RT 10","SULTANA AV",75.00,E,N,A,-,Y,SBD,8,10,-,-,3.760,H,-,E,Y,2,0,2,3,A,-,03,22350,,N,D,C,E,A,H,-,C,D,1,Y,,,,Y,Y,A,01,1,1,0,0,1,0,0,0,0,"- ","- ",34.087269999999997,-117.64536,"SAN BERNARDINO",UPLAND,-117.64615094,34.087286820000003
6923511,2015,2015-06-02,3605,2015-04-24,1621,371,,5,5,4,3605,0,0,0,,0,,"MORENO ST","VERNON AV",287.00,W,N,B,-,N,,,,,,,,,,N,4,0,1,2,A,-,03,22350,,N,D,C,A,A,H,-,A,D,0,,Y,,,Y,,L,04,0,0,1,0,0,0,1,0,0,"- ","- ",,,"SAN BERNARDINO",MONTCLAIR,-117.68726535,34.088740000000001
6924046,2015,2015-06-02,3610,2015-03-03,1132,50571,,2,5,6,3610,0,0,0,,0,,"W VALLEY","MAYFIELD AV",70.00,W,N,A,-,N,,,,,,,,,,N,4,0,1,2,A,-,11,21954,A,F,G,B,E,A,H,-,A,D,0,Y,,,,Y,,N,60,0,0,1,0,1,0,0,0,0,"- ","- ",,,"SAN BERNARDINO","SAN BERNARDINO",-117.29102047000001,34.09596355
6924708,2015,2015-07-02,9860,2015-05-12,2000,18275,,2,2,9,3600,0,3,5,,2,004,"SANTA ANA AV","LINDEN AV",0.00,,Y,A,-,N,,,,,,,,,,N,4,0,1,2,A,-,08,22107,,F,G,B,D,A,H,-,A,A,0,Y,,,,Y,,D,22,0,0,1,0,1,0,0,0,0,"- ","- ",34.055950000000003,-117.40079,"SAN BERNARDINO",UNINCORPORATED,-117.40076003999999,34.055870050000003
6926191,2014,2015-05-28,9855,2014-11-20,1443,15639,,4,2,5,3602,0,1,3,,2,603,"RT 60","EAST END AV",330.00,E,N,B,-,Y,,,,,,,,,,N,3,0,1,2,A,-,08,22107,,F,G,B,E,A,H,-,A,D,0,Y,,,,Y,,D,22,0,1,0,0,1,0,0,0,0,"- ","- ",,,"SAN BERNARDINO",CHINO,-117.72321126999999,34.026060340000001
6926275,2015,2016-09-28,9855,2015-01-01,0200,018335,,4,3,6,3604,0,1,1,,2,101,"RT 10","CITRUS AV",5280.00,W,N,A,-,Y,SBD,8,10,-,-,15.080,H,-,E,N,2,0,1,2,A,-,11,21954,A,N,G,B,E,A,H,-,C,D,1,Y,,,,Y,Y,N,60,1,0,0,0,1,0,0,0,0,"- ","- ",34.06615,-117.46686,"SAN BERNARDINO",FONTANA,-117.45551336,34.066712389999999
6928632,2015,2015-06-12,3600,2015-05-15,1448,B5098,YC204,5,5,4,3640,0,0,0,,0,YC2,"SUNNYSIDE DR","OAK GLEN RD",381.00,N,N,B,-,N,,,,,,,,,,N,4,0,1,2,A,-,09,21804,A,N,D,G,A,-,H,-,A,A,0,,Y,,,Y,,A,01,0,0,1,0,0,0,1,0,0,"- ","- ",,,"SAN BERNARDINO",YUCAIPA,-117.0402247,34.049483379999998
6931045,2015,2015-06-04,3610,2015-02-15,1343,50802,,7,5,6,3610,0,0,0,,0,,"N DEL ROSA AV","E PUMALO ST",528.00,N,N,A,-,N,,,,,,,,,,N,4,0,1,2,A,-,05,21650,,N,D,G,A,A,H,-,A,D,0,,Y,,,Y,,L,04,0,0,1,0,0,0,1,0,0,"- ","- ",,,"SAN BERNARDINO","SAN BERNARDINO",-117.25240026,34.140006339999999
6931392,2015,2015-06-11,3611,2015-03-13,0757,2387,,5,5,5,3611,0,0,0,,0,001,"FOOTHILL BL","WILSON AV",0.00,,Y,A,-,N,,,,,,,,,,N,3,0,1,2,A,-,00,21651,5,N,D,G,A,A,H,-,A,B,0,,Y,,,Y,,L,04,0,1,0,0,0,0,1,0,0,"- ","- ",,,"SAN BERNARDINO",UPLAND,-117.67500003000001,34.107120080000001
6931760,2015,2015-06-09,3607,2015-04-04,0758,80491,205,6,5,6,3607,0,0,0,,0,061,"SULTANA AV","PHILLIPS ST",200.00,S,N,A,-,N,,,,,,,,,,N,4,0,1,2,A,-,11,21954,A,N,G,B,D,A,H,-,A,D,0,Y,,,,Y,,N,60,0,0,1,0,1,0,0,0,0,"- ","- ",,,"SAN BERNARDINO",ONTARIO,-117.64599756,34.050131899999997
6931863,2015,2015-06-09,3611,2015-04-18,1703,2670,3611,6,5,5,3611,0,0,0,,0,003,"FOOTHILL BL","CAMPUS AV",600.00,E,N,A,-,N,,,,,,,,,,N,3,0,1,2,A,-,09,21801,A,N,D,G,A,A,H,-,A,D,0,,Y,,,Y,,A,07,0,1,0,0,0,0,1,0,0,"- ","- ",,,"SAN BERNARDINO",UPLAND,-117.63990594000001,34.106679999999997
6931914,2015,2015-06-05,3611,2015-04-27,1800,1677,3611,1,5,5,3611,0,0,0,,0,003,"16TH ST","2ND AV",318.00,E,N,A,-,N,,,,,,,,,,N,4,0,1,2,A,-,09,21801,A,N,D,G,A,A,H,-,A,D,0,,Y,,,Y,,A,01,0,0,1,0,0,0,1,0,0,"- ","- ",,,"SAN BERNARDINO",UPLAND,-117.64759207,34.121549999999999
6932682,2015,2016-12-09,9860,2015-04-14,0502,14963,,2,3,5,3608,0,1,1,,2,105,"RT 10","CYPRESS AV",1288.00,E,N,A,-,Y,SBD,8,10,-,-,32.380,H,-,W,Y,3,0,1,4,A,-,03,22350,,N,C,C,E,A,H,-,C,D,1,Y,,,,Y,,A,01,0,1,0,0,1,0,0,0,0,"- ","- ",34.0518,-117.16061000000001,"SAN BERNARDINO",REDLANDS,-117.16077839,34.05166114
6934011,2015,2015-06-04,3607,2015-04-27,0655,15035,950,1,5,6,3607,0,0,0,,0,021,"CAMPUS AV","DEODAR ST",200.00,N,N,A,-,N,,,,,,,,,,N,4,0,1,2,A,-,08,22107,,N,D,G,A,A,H,-,A,D,0,,Y,,,Y,,L,04,0,0,1,0,0,0,1,0,0,"- ","- ",,,"SAN BERNARDINO",ONTARIO,-117.64142712,34.086638100000002
6934016,2015,2015-06-03,3607,2015-04-22,1433,80313,39,3,5,6,3607,0,0,0,,0,011,"4TH ST","ELDERBERRY AV",0.00,,Y,B,-,N,,,,,,,,,,N,3,0,1,2,A,-,05,21202,A,N,D,G,A,A,H,-,A,A,0,,Y,,,Y,,L,04,0,1,0,0,0,0,1,0,0,"- ","- ",,,"SAN BERNARDINO",ONTARIO,-117.67483007,34.077860080000001
6934812,2015,2015-07-13,3607,2015-05-28,2025,80204,290,4,5,6,3607,0,0,0,,0,072,"OLD ARCHIBALD RANCH RD","CHINO AV",0.00,,Y,A,-,N,,,,,,,,,,N,3,0,1,2,A,-,10,21950,A,N,G,B,B,A,H,-,C,A,0,Y,,,,Y,,A,01,0,1,0,0,1,0,0,0,0,"- ","- ",,,"SAN BERNARDINO",ONTARIO,-117.58867002,34.011760109999997
6934872,2015,2015-07-13,3611,2015-05-07,2310,2847,3611,4,5,5,3611,0,0,0,,0,001,"FOOTHILL BL","BENSON AV",300.00,W,N,C,-,N,,,,,,,,,,N,3,0,1,2,A,-,14,21201,D,N,D,G,A,B,H,-,C,D,0,,Y,,,Y,,L,04,0,1,0,0,0,0,1,0,0,"- ","- ",,,"SAN BERNARDINO",UPLAND,-117.68183805,34.106870000000001
6939490,2015,2015-06-02,9865,2015-04-25,2315,020007,,6,3,9,3600,0,3,5,,2,001,"ZUGER DR","ZUGER CT",0.00,,Y,E,-,N,,,,,,,,,,N,3,0,1,2,A,-,03,22350,,F,G,B,E,A,H,-,D,D,0,Y,,,,Y,,A,07,0,1,0,0,1,0,0,0,0,"- ","- ",34.244909999999997,-117.28301,"SAN BERNARDINO",UNINCORPORATED,-117.28299002,34.244970029999998
6939559,2015,2015-06-01,3607,2015-04-07,0724,80479,179,2,5,6,3607,0,0,0,,0,051,"PALMETTO AV","WOODLAWN ST",180.00,N,N,A,-,N,,,,,,,,,,N,3,0,1,2,A,-,11,21954,A,N,G,B,D,A,H,-,A,D,0,Y,,,,Y,,N,60,0,1,0,0,1,0,0,0,0,"- ","- ",,,"SAN BERNARDINO",ONTARIO,-117.66761722,34.0506733
6939563,2015,2015-06-01,3607,2015-04-13,1505,15043,269,1,5,6,3607,0,0,0,,0,062,"SAINT ANDREWS ST","CUCAMONGA AV",25.00,E,N,A,-,N,,,,,,,,,,N,4,0,1,2,A,-,21,22106,,N,G,B,E,A,H,-,A,-,0,Y,,,,Y,,-,,0,0,1,0,1,0,0,0,0,"- ","- ",,,"SAN BERNARDINO",ONTARIO,-117.63266772,34.023440970000003
6947122,2015,2016-11-14,9865,2015-05-22,0940,18392,,5,1,9,3600,0,1,3,,2,015,"RT 189","NORTH BAY RD",350.00,W,N,C,-,Y,SBD,8,189,-,-,3.930,H,-,W,N,3,0,1,2,A,-,10,21950,A,N,G,B,C,B,H,-,A,A,0,Y,,,,Y,,A,01,0,1,0,0,1,0,0,0,0,"- ","- ",34.246470000000002,-117.21008999999999,"SAN BERNARDINO",UNINCORPORATED,-117.20987162,34.24648638
6947541,2015,2015-06-19,3608,2015-05-23,1729,3675,,6,5,5,3608,0,0,0,,0,,"ORANGE ST","SAN BERNARDINO",0.00,,Y,A,-,N,,,,,,,,,,N,4,0,1,2,A,-,09,21802,A,F,D,G,A,A,H,-,A,A,0,,Y,,,Y,,-,99,0,0,1,0,0,0,1,0,0,"- ","- ",,,"SAN BERNARDINO",REDLANDS,-117.18240011,34.077270120000001
6953614,2015,2015-07-15,3607,2015-05-01,0629,80464,124,5,5,6,3607,0,0,0,,0,012,"VINE AV","D ST",0.00,,Y,A,-,N,,,,,,,,,,N,4,0,1,2,A,-,09,21802,A,N,H,G,A,A,H,-,A,D,0,,Y,,,Y,,L,04,0,0,1,0,0,0,1,0,0,"- ","- ",,,"SAN BERNARDINO",ONTARIO,-117.65591003999999,34.066980020000003
6955094,2015,2015-07-11,3608,2015-06-14,1435,2952,,7,5,5,3608,0,0,0,,0,,"SAN BERNARDINO AV","MOUNTAIN VIEW AV",21.00,E,N,A,-,N,,,,,,,,,,N,3,0,1,1,A,-,03,22350,,N,F,G,A,A,H,-,A,A,0,,Y,,,Y,,L,,0,1,0,0,0,0,1,0,0,"- ","- ",,,"SAN BERNARDINO",REDLANDS,-117.24357087,34.077559999999998
6956890,2015,2015-06-22,3600,2015-04-30,2006,E3900,VC059,4,5,5,3612,0,0,0,,0,004,"AMETHYST RD","EASTGATE WY",0.00,,Y,A,-,N,,,,,,,,,,N,3,0,1,2,A,-,05,21650,1,N,D,G,A,A,H,-,C,A,0,,Y,,,Y,,L,04,0,1,0,0,0,0,1,0,0,"- ","- ",,,"SAN BERNARDINO",VICTORVILLE,-117.36432012,34.475970070000002
6961173,2015,2015-07-11,3600,2015-06-05,0921,B7126,VC057,5,5,5,3612,0,0,0,,0,VC4,"EL EVADO RD","ANACAPA RD",0.00,,Y,A,-,N,,,,,,,,,,N,4,0,1,2,A,-,05,21650,,N,D,G,A,A,H,-,A,A,0,,Y,,,Y,,L,04,0,0,1,0,0,0,1,0,0,"- ","- ",,,"SAN BERNARDINO",VICTORVILLE,-117.34676013000001,34.504930109999997
6962230,2015,2015-06-25,3603,2015-05-09,0625,CL4709,COLTO,6,5,4,3603,0,0,0,,0,004,"MEADOW LN","WASHINGTON BL",0.00,,Y,B,-,N,,,,,,,,,,N,4,0,1,2,A,-,10,21950,A,N,G,B,B,A,H,-,A,A,0,Y,,,,Y,,A,01,0,0,1,0,1,0,0,0,0,"- ","- ",,,"SAN BERNARDINO",COLTON,-117.2994301,34.04841004
6962539,2015,2015-07-13,3604,2015-06-05,2028,1158,,5,5,6,3604,0,0,0,,0,,"SUMMIT AV","KNOX AV",0.00,,Y,A,-,N,,,,,,,,,,N,3,0,1,2,A,-,11,21950,B,N,A,B,B,A,H,-,C,A,0,Y,,,,Y,,N,60,0,1,0,0,1,0,0,0,0,"- ","- ",,,"SAN BERNARDINO",FONTANA,-117.46218003,34.150460099999997
6963180,2015,2016-11-28,3600,2015-05-26,0916,B7126,VC056,2,5,5,3612,0,0,0,,0,VC5,"AMARGOSA RD","PALMDALE RD",157.00,S,N,A,-,Y,SBD,8,18,-,-,96.970,H,-,S,N,3,0,1,2,A,-,11,21955,,N,G,B,D,A,H,-,A,D,0,Y,,,,Y,,N,60,0,1,0,0,1,0,0,0,0,"- ","- ",,,"SAN BERNARDINO",VICTORVILLE,-117.3295944,34.506984860000003
6964678,2015,2015-07-11,9865,2015-05-24,1856,19871,,7,2,9,3600,0,3,5,,2,001,"RIM OF THE WORLD DR","BURNT MILL RD",125.00,W,N,A,-,N,,,,,,,,,,N,2,0,1,2,A,-,11,21954,A,N,G,B,D,A,H,-,A,D,0,Y,,,,Y,,N,60,1,0,0,0,1,0,0,0,0,"- ","- ",34.23415,-117.20103,"SAN BERNARDINO",UNINCORPORATED,-117.2008118,34.23415756
6966696,2015,2015-06-26,3602,2015-04-09,1420,3618,,4,5,5,3602,0,0,0,,0,002,"TAMARISK LN","PRIMROSE CT",0.00,,Y,A,-,N,,,,,,,,,,N,2,0,1,2,A,-,00,22800,B,N,H,G,A,A,H,-,A,D,0,,Y,,,Y,,L,04,1,0,0,0,0,0,1,0,0,"- ","- ",,,"SAN BERNARDINO",CHINO,-117.65720002,34.027050019999997
6971780,2015,2015-07-06,3610,2015-05-28,1253,50571,,4,5,6,3610,0,0,0,,0,,"EAST 9TH","SIERRA WY",5.00,E,N,A,-,N,,,,,,,,,,N,3,0,1,2,A,-,12,21453,A,N,D,G,A,A,H,-,A,A,0,,Y,,,Y,,L,04,0,1,0,0,0,0,1,0,0,"- ","- ",,,"SAN BERNARDINO","SAN BERNARDINO",-117.28512353000001,34.115780119999997
6972028,2015,2015-07-07,3610,2015-05-19,1507,50969,,2,5,6,3610,0,0,0,,0,,"N MT VERNON","W 14TH ST",0.00,,Y,A,-,N,,,,,,,,,,N,3,0,1,2,A,-,12,22450,A,N,D,G,A,A,H,-,A,A,0,,Y,,,Y,,A,01,0,1,0,0,0,0,1,0,0,"- ","- ",,,"SAN BERNARDINO","SAN BERNARDINO",-117.31384014,34.12499004
6972528,2015,2015-07-02,3610,2015-05-26,2337,50184,,2,5,6,3610,0,0,0,,0,,"WATERMAN AV","RIALTO AV",175.00,S,N,A,-,N,,,,,,,,,,Y,3,0,1,2,A,-,11,21955,,N,G,B,D,A,-,-,D,A,0,Y,,,,Y,,N,60,0,1,0,0,1,0,0,0,0,"- ","- ",,,"SAN BERNARDINO","SAN BERNARDINO",-117.27876000000001,34.100859999999997
6979823,2015,2016-11-28,9860,2015-05-25,2122,18972,,1,2,6,3610,0,1,1,,2,202,"RT 210","DEL ROSA AV",36960.00,W,N,B,-,Y,SBD,8,210,-,R,25.532,R,1,E,N,4,0,1,2,A,-,05,21650,1,N,H,G,A,A,H,-,C,A,1,,Y,,,Y,,L,04,0,0,1,0,0,0,1,0,0,TO,"- ",34.141959999999997,-117.2526,"SAN BERNARDINO","SAN BERNARDINO",-117.25597506,34.143187560000001
6981207,2015,2015-07-13,3609,2015-05-14,1428,1041,098,4,5,5,3609,0,0,0,,0,001,"BASELINE RD","WILLOW AV",0.00,,Y,C,-,N,,,,,,,,,,N,4,0,1,2,A,-,10,21950,A,N,G,B,B,B,H,-,A,A,0,Y,,,,Y,,A,01,0,0,1,0,1,0,0,0,0,"- ","- ",,,"SAN BERNARDINO",RIALTO,-117.37479999999999,34.121360090000003
6981357,2015,2015-07-14,9860,2015-06-08,2115,016658,,1,2,9,3600,0,3,5,,2,003,"3RD ST","LENA RD",528.00,E,N,A,-,N,,,,,,,,,,N,3,0,1,2,A,-,08,22107,,F,H,G,A,A,H,-,E,D,0,,Y,,,Y,,-,99,0,1,0,0,0,0,1,0,0,"- ","- ",34.104430000000001,-117.26353,"SAN BERNARDINO",UNINCORPORATED,-117.26612117000001,34.104300000000002
6984376,2015,2015-07-23,3604,2015-06-25,1149,,,4,5,6,3604,0,0,0,,0,,"CHERRY AV","JURUPA AV",300.00,N,N,A,-,N,,,,,,,,,,N,3,0,1,2,A,-,07,21658,A,F,B,G,A,A,H,-,A,D,0,,Y,,,Y,,-,99,0,1,0,0,0,0,1,0,0,"- ","- ",,,"SAN BERNARDINO",FONTANA,-117.48893,34.047513639999998