CASE_ID,ACCIDENT_YEAR,PROC_DATE,JURIS,COLLISION_DATE,COLLISION_TIME,OFFICER_ID,REPORTING_DISTRICT,DAY_OF_WEEK,CHP_SHIFT,POPULATION,CNTY_CITY_LOC,SPECIAL_COND,BEAT_TYPE,CHP_BEAT_TYPE,CITY_DIVISION_LAPD,CHP_BEAT_CLASS,BEAT_NUMBER,PRIMARY_RD,SECONDARY_RD,DISTANCE,DIRECTION,INTERSECTION,WEATHER_1,WEATHER_2,STATE_HWY_IND,CALTRANS_COUNTY,CALTRANS_DISTRICT,STATE_ROUTE,ROUTE_SUFFIX,POSTMILE_PREFIX,POSTMILE,LOCATION_TYPE,RAMP_INTERSECTION,SIDE_OF_HWY,TOW_AWAY,COLLISION_SEVERITY,NUMBER_KILLED,NUMBER_INJURED,PARTY_COUNT,PRIMARY_COLL_FACTOR,PCF_CODE_OF_VIOL,PCF_VIOL_CATEGORY,PCF_VIOLATION,PCF_VIOL_SUBSECTION,HIT_AND_RUN,TYPE_OF_COLLISION,MVIW,PED_ACTION,ROAD_SURFACE,ROAD_COND_1,ROAD_COND_2,LIGHTING,CONTROL_DEVICE,CHP_ROAD_TYPE,PEDESTRIAN_ACCIDENT,BICYCLE_ACCIDENT,MOTORCYCLE_ACCIDENT,TRUCK_ACCIDENT,NOT_PRIVATE_PROPERTY,ALCOHOL_INVOLVED,STWD_VEHTYPE_AT_FAULT,CHP_VEHTYPE_AT_FAULT,COUNT_SEVERE_INJ,COUNT_VISIBLE_INJ,COUNT_COMPLAINT_PAIN,COUNT_PED_KILLED,COUNT_PED_INJURED,COUNT_BICYCLIST_KILLED,COUNT_BICYCLIST_INJURED,COUNT_MC_KILLED,COUNT_MC_INJURED,PRIMARY_RAMP,SECONDARY_RAMP,LATITUDE,LONGITUDE,COUNTY,CITY,POINT_X,POINT_Y
8148838,2016,2016-12-22,3608,2016-10-07,1907,3372,,5,5,5,3608,0,0,0,,0,REDLAN,"N ORANGE ST","PIONEER AV",1800.00,N,N,B,-,N,,,,,,,,,,N,3,0,1,2,A,-,11,21956,A,N,B,B,E,A,H,-,D,D,0,Y,,,,Y,Y,N,60,0,1,0,0,1,0,0,0,0,"- ","- ",,,"SAN BERNARDINO",REDLANDS,-117.18239407,34.085770490000002
81492524,2021,2021-06-09,3607,2021-06-01,0515,20497,258,2,5,6,3607,0,0,0,,0,071,"WALNUT ST","VINEYARD AV",0.00,,Y,A,-,N,,,,,,,,,,N,3,0,1,2,A,-,05,21650,1,N,D,G,A,A,H,-,B,A,0,,Y,,,Y,,-,"- ",0,1,0,0,0,0,1,0,0,"- ","- ",,,"SAN BERNARDINO",ONTARIO,-117.61097717285156,34.026832580566406
8149752,2016,2016-11-30,3600,2016-09-30,1303,D3560,HE125,5,5,5,3619,0,0,0,,0,HE1,"LEMON ST","LEMON ST 16633",0.00,,Y,A,-,N,,,,,,,,,,N,3,0,1,2,A,-,21,22106,,N,G,B,F,A,H,-,A,D,0,Y,,,,Y,,A,01,0,1,0,0,0,0,0,0,0,"- ","- ",,,"SAN BERNARDINO",HESPERIA,-117.30156183,34.445060959999999
8150323,2016,2016-10-26,3610,2016-09-05,1951,,,1,5,6,3610,0,0,0,,0,POLICE,"E 9TH ST","BOBBETT DR",228.00,E,N,A,-,N,,,,,,,,,,N,2,0,1,2,A,-,05,21650,1,N,H,G,A,A,H,-,D,D,0,,Y,,,Y,,L,04,1,0,0,0,0,0,1,0,0,"- ","- ",34.115760000000002,-117.26655,"SAN BERNARDINO","SAN BERNARDINO",-117.26737906,34.115755559999997
81506234,2021,2021-06-25,3607,2021-06-22,0614,80522,22,2,5,6,3607,0,0,0,,0,011,"FIFTH ST","MOUNTAIN AV",0.00,,Y,A,-,N,,,,,,,,,,N,3,0,1,2,A,-,09,21804,A,N,D,G,A,A,H,-,A,A,0,,Y,,,Y,,A,01,0,1,0,0,0,0,1,0,0,"- ","- ",,,"SAN BERNARDINO",ONTARIO,-117.67014312744141,34.081478118896484
8150937,2016,2016-10-25,3609,2016-10-10,0800,6337,38,1,5,5,3609,0,0,0,,0,001,"SPRUCE AV","CASMALIA AV",0.00,,Y,A,-,N,,,,,,,,,,N,3,0,2,3,A,-,10,21950,A,N,G,B,B,A,H,-,A,D,0,Y,,,,Y,,A,01,0,2,0,0,2,0,0,0,0,"- ","- ",,,"SAN BERNARDINO",RIALTO,-117.38797005000001,34.137630110000003
81511645,2021,2021-07-02,3607,2021-06-17,1440,20341,123,4,5,6,3607,0,0,0,,0,012,"D ST","SAN ANTONIO AV",10.00,E,N,A,-,N,,,,,,,,,,N,3,0,1,2,A,-,03,22350,,F,G,B,B,A,H,-,E,A,0,Y,,,,Y,,D,22,0,1,0,0,1,0,0,0,0,"- ","- ",,,"SAN BERNARDINO",ONTARIO,-117.66057586669922,34.066970825195312
81514184,2021,2021-07-07,3607,2021-06-14,1541,20133,870,1,5,6,3607,0,0,0,,0,081,"CELEBRATION AV","EUCALYPTUS AV",0.00,,Y,A,-,N,,,,,,,,,,N,2,0,1,2,A,-,10,21950,A,N,G,B,B,A,H,-,A,A,0,Y,,,,Y,,A,01,1,0,0,0,1,0,0,0,0,"- ","- ",,,"SAN BERNARDINO",ONTARIO,-117.58457946777344,33.990066528320312
81515313,2021,2021-07-08,3607,2021-07-05,1113,19792,3607,1,5,6,3607,0,0,0,,0,052,"RIVERSIDE DR","EUCLID AV",310.00,E,N,A,-,N,,,,,,,,,,Y,1,1,2,3,A,-,01,23153,F,N,G,B,D,A,H,-,A,D,0,Y,,,,Y,,A,01,1,1,0,1,1,0,0,0,0,"- ","- ",,,"SAN BERNARDINO",ONTARIO,-117.64964294433594,34.019336700439453
8151673,2016,2016-10-27,3600,2016-09-23,1123,D2561,VC059,5,5,5,3612,0,0,0,,0,VC4,"RIVERSTONE DR","COBBLESTONE CIR",0.00,,Y,A,-,N,,,,,,,,,,N,2,0,1,2,A,-,09,21802,A,N,D,G,A,A,H,-,A,A,0,,Y,,,Y,Y,L,04,1,0,0,0,0,0,1,0,0,"- ","- ",,,"SAN BERNARDINO",VICTORVILLE,-117.36821011000001,34.473160030000003
8151677,2016,2016-10-26,3600,2016-09-23,0857,D2561,VC070,5,5,5,3612,0,0,0,,0,VC5,"DOS PALMAS RD","DEL CERRO ST",0.00,,Y,A,-,N,,,,,,,,,,N,3,0,1,2,A,-,03,22350,,F,G,-,D,A,H,-,A,A,0,Y,,,,Y,Y,-,,0,1,0,0,1,0,0,0,0,"- ","- ",,,"SAN BERNARDINO",VICTORVILLE,-117.36812006,34.49946001
81540930,2021,2021-08-10,3607,2021-07-12,2139,80508,65,1,5,6,3607,0,0,0,,0,032,"GROVE AV","FOURTH ST",185.00,N,N,A,-,N,,,,,,,,,,Y,1,1,0,2,A,-,11,21954,A,N,G,B,D,A,H,-,C,D,0,Y,,,,Y,Y,N,60,0,0,0,1,0,0,0,0,0,"- ","- ",,,"SAN BERNARDINO",ONTARIO,-117.62857818603516,34.078323364257812
8154411,2016,2016-10-28,3600,2016-09-15,1718,B3501,RC056,4,5,6,3616,0,0,0,,0,RC4,"FOOTHILL BL","RED HILL COUNTRY CLUB DR",116.00,E,N,A,-,N,,,,,,,,,,N,3,0,1,2,A,-,09,21804,A,N,D,G,A,A,H,-,A,A,0,,Y,,,Y,,A,01,0,1,0,0,0,0,1,0,0,"- ","- ",,,"SAN BERNARDINO","RANCHO CUCAMONGA",-117.62711152,34.106389919999998
8155691,2016,2016-11-03,3609,2016-10-13,1641,8510,172,4,5,5,3609,0,0,0,,0,004,"RIVERSIDE AV","RANDALL AV",938.00,S,N,A,-,N,,,,,,,,,,N,3,0,1,2,A,-,05,21650,,N,D,C,A,A,H,-,A,D,0,,Y,,,Y,,L,04,0,1,0,0,0,0,1,0,0,"- ","- ",,,"SAN BERNARDINO",RIALTO,-117.37032000000001,34.082410090000003
81560861,2021,2021-09-02,3607,2021-08-20,1101,19999,201,5,5,6,3607,0,0,0,,0,061,"ACACIA ST","SULTANA AV",40.00,E,N,A,-,N,,,,,,,,,,N,4,0,1,2,A,-,11,21954,A,N,G,B,D,A,H,-,A,D,0,Y,,,,Y,,N,60,0,0,1,0,1,0,0,0,0,"- ","- ",,,"SAN BERNARDINO",ONTARIO,-117.64588165283203,34.049198150634766
81561960,2021,2021-09-03,3607,2021-08-31,2002,19890,313,2,5,6,3607,0,0,0,,0,ARP,"AIRPORT DR","GROVE AV",1800.00,E,N,A,-,N,,,,,,,,,,N,1,1,0,2,A,-,11,21954,A,F,G,B,D,A,D,-,C,D,0,Y,,,,Y,,N,60,0,0,0,1,0,0,0,0,0,"- ","- ",,,"SAN BERNARDINO",ONTARIO,-117.62319946289062,34.061813354492188
8157878,2016,2016-11-07,3604,2016-10-16,2155,1156,,7,5,6,3604,0,0,0,,0,,"ALDER AV","CITRON AV",13.00,N,N,A,-,N,,,,,,,,,,N,3,0,1,2,A,-,11,21954,A,N,G,B,D,A,H,-,C,D,0,Y,,,,Y,Y,N,60,0,1,0,0,1,0,0,0,0,"- ","- ",,,"SAN BERNARDINO",FONTANA,-117.41832101999999,34.09408561
81588959,2021,2021-10-06,3607,2021-09-23,0755,80206,237,4,5,6,3607,0,0,0,,0,062,"PHILADELPHIA ST","BON VIEW AV",0.00,,Y,-,-,N,,,,,,,,,,N,4,0,1,2,A,-,10,21950,A,M,G,B,B,A,H,-,A,A,0,Y,,,,Y,,A,07,0,0,1,0,1,0,0,0,0,"- ","- ",,,"SAN BERNARDINO",ONTARIO,-117.63713836669922,34.033885955810547
81590074,2021,2021-10-07,3607,2021-09-22,1008,20275,128,3,5,6,3607,0,0,0,,0,022,"D ST","CAMPUS AV",50.00,W,N,A,-,N,,,,,,,,,,N,3,0,1,2,A,-,08,22107,,N,C,G,A,A,H,-,A,A,0,,Y,,,Y,,L,04,0,1,0,0,0,0,1,0,0,"- ","- ",,,"SAN BERNARDINO",ONTARIO,-117.64154815673828,34.067008972167969
81591338,2021,2021-10-08,3607,2021-09-27,1411,80522,56,1,5,6,3607,0,0,0,,0,011,"I ST","MOUNTAIN AV",10.00,E,N,A,-,N,,,,,,,,,,N,4,0,1,2,A,-,05,21650,1,N,D,G,A,A,H,-,A,D,0,,Y,,,Y,,L,04,0,0,1,0,0,0,1,0,0,"- ","- ",,,"SAN BERNARDINO",ONTARIO,-117.67005920410156,34.074199676513672
8159650,2016,2016-11-14,3603,2016-07-11,1539,CL4744,COLTO,1,5,4,3603,0,0,0,,0,003,"LA CADENA DR","HERT ST",0.00,,Y,A,-,N,,,,,,,,,,N,4,0,1,2,A,-,05,21202,A,N,D,G,A,A,H,-,A,A,0,,Y,,,Y,,L,04,0,0,1,0,0,0,1,0,0,"- ","- ",,,"SAN BERNARDINO",COLTON,-117.33009009,34.054650070000001
8159849,2016,2016-11-08,3603,2016-08-17,2158,CL4782,COLTO,3,5,4,3603,0,0,0,,0,001,"RANCHO AV","F ST",0.00,,Y,A,-,N,,,,,,,,,,N,3,0,2,3,A,-,00,22950,A,N,G,B,B,A,D,-,C,D,0,Y,,,,Y,,A,07,0,2,0,0,2,0,0,0,0,"- ","- ",,,"SAN BERNARDINO",COLTON,-117.33543011,34.071830040000002
81599851,2021,2021-10-19,3607,2021-10-14,2012,80549,49,4,5,6,3607,0,0,0,,0,032,"FOURTH ST","CALAVERAS AV",50.00,W,N,A,-,N,,,,,,,,,,N,3,0,2,3,A,-,11,21954,A,N,G,B,D,A,H,-,C,D,0,Y,,,,Y,,N,60,0,2,0,0,2,0,0,0,0,"- ","- ",,,"SAN BERNARDINO",ONTARIO,-117.62698364257812,34.077659606933594
8160245,2016,2016-11-07,3607,2016-10-19,2251,80527,56,3,5,6,3607,0,0,0,,0,011,"MOUNTAIN AV","H ST",200.00,N,N,A,-,N,,,,,,,,,,N,2,0,1,2,A,-,11,21954,A,N,G,B,D,A,H,-,D,D,0,Y,,,,Y,,N,60,1,0,0,0,1,0,0,0,0,"- ","- ",,,"SAN BERNARDINO",ONTARIO,-117.67009,34.072928150000003
8160265,2016,2016-11-07,3607,2016-10-22,1314,80418,67,6,5,6,3607,0,0,0,,0,031,"4TH ST","BAKER AV",0.00,,Y,A,-,N,,,,,,,,,,N,3,0,1,2,A,-,05,21202,A,N,D,G,A,A,H,-,A,A,0,,Y,,,Y,,L,04,0,1,0,0,0,0,1,0,0,"- ","- ",,,"SAN BERNARDINO",ONTARIO,-117.61983005,34.077630110000001
8160729,2016,2017-02-15,3609,2016-10-18,1834,5491,510,2,5,5,3609,0,0,0,,0,002,"FOOTHILL BL","PEPPER AV",414.00,W,N,A,-,N,,,,,,,,,,N,2,0,1,2,A,-,11,21954,A,N,G,B,D,A,H,-,C,D,0,Y,,,,Y,Y,N,60,1,0,0,0,1,0,0,0,0,"- ","- ",,,"SAN BERNARDINO",RIALTO,-117.35427358,34.106769999999997
81613020,2021,2021-11-02,3607,2021-10-31,2210,20393,123,7,5,6,3607,0,0,0,,0,012,"HOLT BL","SAN ANTONIO AV",260.00,E,N,A,-,N,,,,,,,,,,N,2,0,1,2,A,-,11,21954,A,F,G,B,E,A,H,-,C,D,0,Y,,,,Y,,N,60,1,0,0,0,1,0,0,0,0,"- ","- ",,,"SAN BERNARDINO",ONTARIO,-117.65974426269531,34.063339233398438
8161394,2016,2016-11-10,3610,2016-10-12,1826,51040,,3,5,6,3610,0,0,0,,0,POLICE,"N E ST","16TH ST",219.00,N,N,A,-,N,,,,,,,,,,N,4,0,1,2,A,-,03,22350,,N,D,G,A,A,H,-,B,D,0,,Y,,,Y,,L,04,0,0,1,0,0,0,1,0,0,"- ","- ",34.12856,-117.29419,"SAN BERNARDINO","SAN BERNARDINO",-117.29416999999999,34.129339960000003
8161443,2016,2016-11-09,3610,2016-10-20,1030,51041,,4,5,6,3610,0,0,0,,0,DAVID,"W 5TH ST","N E ST",0.00,,Y,A,-,N,,,,,,,,,,N,2,0,1,2,A,-,10,21950,A,N,G,B,B,A,H,-,A,A,0,Y,,,,Y,,A,01,1,0,0,0,1,0,0,0,0,"- ","- ",34.108319999999999,-117.29415,"SAN BERNARDINO","SAN BERNARDINO",-117.29414009,34.108310039999999
8161483,2016,2016-11-09,3610,2016-10-18,1300,50925,,2,5,6,3610,0,0,0,,0,DAVID,"E BASELINE ST","N BELLE ST",123.00,E,N,A,-,N,,,,,,,,,,N,3,0,1,2,A,-,11,21954,A,N,G,B,D,A,H,-,A,D,0,Y,,,,Y,,N,60,0,1,0,0,1,0,0,0,0,"- ","- ",34.121319999999997,-117.28009,"SAN BERNARDINO","SAN BERNARDINO",-117.27967485000001,34.12133
81624103,2021,2021-11-15,3607,2021-11-03,0821,20275,41,3,5,6,3607,0,0,0,,0,011,"FOURTH ST","BEGONIA AV",25.00,W,N,A,-,N,,,,,,,,,,N,3,0,1,2,A,-,11,21954,A,N,G,B,D,A,H,-,A,D,0,Y,,,,Y,,N,60,0,1,0,0,1,0,0,0,0,"- ","- ",,,"SAN BERNARDINO",ONTARIO,-117.67188262939453,34.077869415283203
81631427,2021,2021-11-22,3609,2021-11-02,0025,02136,230,2,5,5,3609,0,0,0,,0,004,"RESOURCE DR","ENTERPRISE DR (E)",55.00,E,N,-,-,N,,,,,,,,,,N,3,0,1,2,A,-,11,21956,,N,G,B,E,A,H,-,C,A,0,Y,,,Y,Y,Y,N,60,0,1,0,0,1,0,0,0,0,"- ","- ",34.041419982910156,-117.37122344970703,"SAN BERNARDINO",RIALTO,-117.37123870849609,34.041473388671875
81635799,2021,2021-11-29,3607,2021-11-11,0438,20041,65,4,5,6,3607,0,0,0,,0,032,"GROVE AV","FOURTH ST",20.00,N,N,A,-,N,,,,,,,,,,N,3,0,1,2,A,-,11,21954,A,N,G,B,E,A,H,-,C,D,0,Y,,,Y,Y,,N,60,0,1,0,0,1,0,0,0,0,"- ","- ",,,"SAN BERNARDINO",ONTARIO,-117.62862396240234,34.077873229980469
81636240,2021,2021-11-29,3609,2021-10-22,1812,02373,139,5,5,5,3609,0,0,0,,0,004,"3RD ST","DATE AVE",0.00,,Y,A,-,N,,,,,,,,,,N,4,0,1,2,A,-,03,22350,,F,G,B,C,A,H,-,B,A,0,Y,,,,Y,,A,01,0,0,1,0,1,0,0,0,0,"- ","- ",,,"SAN BERNARDINO",RIALTO,-117.36790466308594,34.104240417480469
8163887,2016,2016-11-09,3604,2016-10-19,0712,1147,,3,5,6,3604,0,0,0,,0,,ALMERIA,"MONTGOMERY RD",0.00,,Y,A,-,N,,,,,,,,,,N,3,0,1,2,A,-,05,21650,,N,G,G,A,A,H,-,A,A,0,,Y,,,Y,,L,04,0,1,0,0,0,0,1,0,0,"- ","- ",,,"SAN BERNARDINO",FONTANA,-117.46019009,34.11920009
81645946,2021,2021-12-08,3607,2021-12-02,2123,20393,48,4,5,6,3607,0,0,0,,0,021,"PRINCETON ST","VIRGINIA AV",1.00,W,N,A,-,N,,,,,,,,,,N,2,0,1,2,A,-,10,21950,C,F,G,B,D,A,H,-,C,D,0,Y,,,,Y,,-,99,1,0,0,0,1,0,0,0,0,"- ","- ",,,"SAN BERNARDINO",ONTARIO,-117.63076019287109,34.079780578613281
81649406,2021,2021-12-13,3609,2021-11-29,0800,01323,,1,5,5,3609,0,0,0,,0,,"FOOTHILL BLVD","LARCH AVE",292.00,W,N,A,-,Y,,,,,,,,,,N,4,0,1,2,A,-,03,22350,,F,B,B,E,A,D,-,A,D,0,Y,,,,Y,,-,99,0,0,1,0,1,0,0,0,0,"- ","- ",34.106788635253906,-117.39205169677734,"SAN BERNARDINO",RIALTO,-117.39314270019531,34.106731414794922
8165167,2016,2016-11-10,3602,2016-09-28,1812,2798,,3,5,5,3602,0,0,0,,0,001,"PHILADELPHIA ST","TELEPHONE AV",7.00,E,N,A,-,N,,,,,,,,,,N,4,0,1,2,A,-,10,21950,A,N,G,B,B,A,H,-,A,A,0,Y,,,,Y,,A,01,0,0,1,0,1,0,0,0,0,"- ","- ",,,"SAN BERNARDINO",CHINO,-117.69377695999999,34.03351
8165675,2016,2016-11-16,3605,2016-10-19,1740,365,,3,5,4,3605,0,0,0,,0,,"ROSE AV","PALO VERDE ST",8.00,N,N,A,-,N,,,,,,,,,,N,3,0,1,2,D,-,00,,,N,D,B,C,A,H,-,A,D,0,Y,,,,Y,,-,"- ",0,1,0,0,1,0,0,0,0,"- ","- ",,,"SAN BERNARDINO",MONTCLAIR,-117.68841999999999,34.081461930000003
81657105,2021,2021-12-21,3609,2021-12-01,0738,01323,58,3,5,5,3609,0,0,0,,0,001,"RIVERSIDE AVE","CASMALIA ST",0.00,,Y,A,-,N,,,,,,,,,,N,3,0,1,2,A,-,11,21954,A,N,G,B,B,A,H,-,A,D,0,Y,,,,Y,,N,60,0,1,0,0,1,0,0,0,0,"- ","- ",34.13916015625,-117.37181091308594,"SAN BERNARDINO",RIALTO,-117.37178039550781,34.139141082763672
81661777,2021,2021-12-27,3609,2021-12-10,1709,01813,97,5,5,5,3609,0,0,0,,0,002,"LILAC AVE","VIRGINIA ST",191.00,S,N,A,-,N,,,,,,,,,,N,2,0,2,3,A,-,10,21950,A,F,G,B,C,A,H,-,C,D,0,Y,,,,Y,,A,01,2,0,0,0,2,0,0,0,0,"- ","- ",34.124420166015625,-117.37920379638672,"SAN BERNARDINO",RIALTO,-117.37917327880859,34.123847961425781
8166630,2016,2017-01-23,3610,2016-08-22,2007,50829,,1,5,6,3610,0,0,0,,0,,"W BASELINE ST","N DAVIDSON ST",0.00,,Y,A,-,N,,,,,,,,,,Y,1,1,0,2,A,-,10,21950,A,N,G,B,B,A,H,-,C,B,0,Y,,,,Y,,A,07,0,0,0,1,0,0,0,0,0,"- ","- ",34.121690000000001,-117.31005,"SAN BERNARDINO","SAN BERNARDINO",-117.30978002000001,34.12133008
8166703,2016,2017-02-13,3604,2016-10-31,1938,744,,1,5,6,3604,0,0,0,,0,,"ARROW BL","BENNETT AV",0.00,,Y,B,-,N,,,,,,,,,,N,1,1,0,2,A,-,11,21954,A,N,G,B,-,A,H,-,C,A,0,Y,,,,Y,,N,60,0,0,0,1,0,0,0,0,0,"- ","- ",,,"SAN BERNARDINO",FONTANA,-117.43814001,34.099330029999997
8166781,2016,2017-03-28,3600,2016-02-10,1839,S2984,YC302,3,5,4,3640,0,0,0,,0,YC1,"CALIFORNIA ST","EUREKA AV",291.00,S,N,A,-,N,,,,,,,,,,Y,1,2,0,3,A,-,11,21954,A,N,G,B,D,A,H,-,D,D,0,Y,,,,Y,,N,60,0,0,0,2,0,0,0,0,0,"- ","- ",,,"SAN BERNARDINO",YUCAIPA,-117.03883999999999,34.024003039999997
81667939,2021,2022-01-03,3607,2021-12-29,1710,20642,288,3,5,6,3607,0,0,0,,0,022,"HOLT BL","SULTANA AV",0.00,,Y,C,-,N,,,,,,,,,,N,3,0,1,2,A,-,10,21950,A,F,G,B,B,B,H,-,B,A,0,Y,,,,Y,,A,01,0,1,0,0,1,0,0,0,0,"- ","- ",,,"SAN BERNARDINO",ONTARIO,-117.64603424072266,34.063381195068359
8167034,2017,2019-04-08,3600,2017-04-09,2013,E3900,RC032,7,5,6,3616,0,0,0,,0,005,"FOOTHILL BL","RAMONA AV",686.00,E,N,A,-,N,,,,,,,,,,N,1,1,0,4,A,-,11,21954,A,N,G,B,E,A,H,-,C,-,0,Y,,,,Y,Y,N,60,0,0,0,1,0,0,0,0,0,"- ","- ",,,"SAN BERNARDINO","RANCHO CUCAMONGA",-117.58684995,34.10654418
8167197,2017,2018-06-15,3600,2017-07-03,1053,C8620,BB208,1,5,2,3680,0,0,0,,0,BB1,"S MENLO DR","W BUTTE AV",0.00,,Y,A,-,N,,,,,,,,,,N,1,1,0,3,A,-,12,22450,A,N,A,G,A,A,H,-,A,A,0,,Y,,,Y,,L,04,0,0,0,0,0,1,0,0,0,"- ","- ",,,"SAN BERNARDINO","BIG BEAR LAKE",-116.86143004,34.241250049999998
8167204,2017,2019-04-08,3600,2017-11-13,2115,T1686,AP021,1,5,5,3621,0,0,0,,0,AP4,"BEAR VALLEY RD","NAVAJO RD",0.00,E,N,A,-,N,,,,,,,,,,N,1,1,0,2,A,-,11,21954,A,N,G,B,D,A,H,-,D,D,0,Y,,,,Y,Y,N,60,0,0,0,1,0,0,0,0,0,"- ","- ",,,"SAN BERNARDINO","APPLE VALLEY",-117.19017002,34.471500030000001
81676138,2021,2022-01-12,3609,2021-12-09,0600,01720,181,4,5,5,3609,0,0,0,,0,003,"SAN BERNARDINO AVE","LILAC AVE",0.00,,Y,C,-,N,,,,,,,,,,N,4,0,1,2,A,-,10,21950,,N,G,B,B,B,H,-,C,C,0,Y,,,,Y,,-,"- ",0,0,1,0,1,0,0,0,0,"- ","- ",34.077739715576172,-117.3790283203125,"SAN BERNARDINO",RIALTO,-117.3790283203125,34.077690124511719
8167884,2019,2019-11-12,3601,2019-07-30,2143,80K9,BARST,2,5,3,3601,0,0,0,,0,PATROL,"E MAIN ST","COOLWATER LN",0.00,,Y,A,-,N,,,,,,,,,,N,3,0,1,2,A,-,11,21954,A,N,G,B,E,A,H,-,C,D,0,Y,,,,Y,,N,60,0,1,0,0,1,0,0,0,0,"- ","- ",,,"SAN BERNARDINO",BARSTOW,-117.00383758544922,34.893959045410156
81679135,2021,2022-01-17,3602,2021-12-11,0035,4137,,6,5,5,3602,0,0,0,,0,003,"MERRILL AVE","GROVE AVE",0.00,,Y,A,-,Y,,,,,,,,,,Y,3,0,1,2,A,-,01,23152,B,N,H,G,A,A,H,-,C,A,0,,Y,,,Y,Y,A,01,0,1,0,0,0,0,1,0,0,"- ","- ",33.983131408691406,-117.62783813476562,"SAN BERNARDINO",CHINO,-117.62796783447266,33.983180999755859
81686215,2022,2022-01-27,3607,2022-01-21,1538,80310,152,5,5,6,3607,0,0,0,,0,051,"MISSION BL","BENSON AV",0.00,,Y,A,-,N,,,,,,,,,,N,3,0,1,2,A,-,05,21650,,N,D,G,A,A,H,-,A,A,0,,Y,,,Y,,L,04,0,1,0,0,0,0,1,0,0,"- ","- ",,,"SAN BERNARDINO",ONTARIO,-117.68080139160156,34.05584716796875
81696486,2022,2022-02-09,3607,2022-02-02,1500,80410,61,3,5,6,3607,0,0,0,,0,011,"LAUREL AV","FOURTH ST",0.00,,Y,A,-,N,,,,,,,,,,N,4,0,1,2,A,-,21,22106,,M,G,B,B,A,H,-,A,D,0,Y,,,,Y,,-,99,0,0,1,0,1,0,0,0,0,"- ","- ",,,"SAN BERNARDINO",ONTARIO,-117.65312194824219,34.077922821044922
8169861,2016,2016-11-17,3600,2016-10-04,2216,F9722,VC075,2,5,5,3612,0,0,0,,0,VC5,"ROY ROGERS DR","CIVIC DR",0.00,,Y,A,-,N,,,,,,,,,,N,3,0,1,2,A,-,11,21954,A,N,G,B,D,A,H,-,C,A,0,Y,,,,Y,,N,60,0,1,0,0,1,0,0,0,0,"- ","- ",,,"SAN BERNARDINO",VICTORVILLE,-117.32380008,34.521520109999997
8170007,2016,2016-11-17,3604,2016-11-03,2235,907,,4,5,6,3604,0,0,0,,0,,"ELAINE DR","PALMETTO AV",183.00,E,N,A,-,N,,,,,,,,,,N,3,0,1,2,A,-,05,21650,,N,A,G,A,A,H,-,D,D,0,,Y,,,Y,,A,07,0,1,0,0,0,0,1,0,0,"- ","- ",,,"SAN BERNARDINO",FONTANA,-117.42712,34.117170000000002
81701726,2022,2022-02-16,3607,2022-02-04,1415,20730,,5,5,6,3607,0,0,0,,0,,"HAVEN AV","CREEKSIDE DR",3168.00,N,N,A,-,N,,,,,,,,,,N,3,0,1,2,A,-,07,21658,A,N,D,G,A,A,H,-,A,D,0,,Y,,,Y,,L,04,0,1,0,0,0,0,1,0,0,"- ","- ",,,"SAN BERNARDINO",ONTARIO,-117.57585906982422,34.020069122314453
81703844,2022,2022-02-18,3607,2022-02-08,0805,80515,195,2,5,6,3607,0,0,0,,0,052,"PHILLIPS ST","CYPRESS AV",0.00,,Y,A,-,N,,,,,,,,,,N,4,0,1,2,A,-,05,21650,1,F,D,G,A,A,H,-,A,A,0,,Y,,,Y,Y,L,04,0,0,1,0,0,0,1,0,0,"- ","- ",,,"SAN BERNARDINO",ONTARIO,-117.66326141357422,34.049484252929688
8170743,2016,2016-12-05,3609,2016-11-03,0415,9222,139,4,5,5,3609,0,0,0,,0,004,"FOOTHILL BL","OLIVE AV",99.00,W,N,A,-,N,,,,,,,,,,N,4,0,1,2,A,-,11,21954,A,N,B,B,D,A,H,-,C,D,0,Y,,,,Y,,N,60,0,0,1,0,1,0,0,0,0,"- ","- ",,,"SAN BERNARDINO",RIALTO,-117.36943608,34.106760000000001
8170911,2016,2016-11-18,3609,2016-10-14,0916,1953,RPD,5,5,5,3609,0,0,0,,0,002,"BASELINE RD","EUCALYPTUS AV",500.00,E,N,A,-,N,,,,,,,,,,N,3,0,1,2,A,-,08,22107,,N,B,G,A,A,H,-,A,D,0,,Y,,,Y,,L,04,0,1,0,0,0,0,1,0,0,"- ","- ",,,"SAN BERNARDINO",RIALTO,-117.35568287,34.121369999999999
8170984,2016,2016-11-21,3608,2016-11-08,1647,4345,,2,5,5,3608,0,0,0,,0,901,"TENNESSEE ST","ORANGE AV",60.00,S,N,A,-,N,,,,,,,,,,N,3,0,1,2,A,-,09,21802,A,N,D,G,A,A,H,-,B,A,0,,Y,,,Y,,L,04,0,1,0,0,0,0,1,0,0,"- ","- ",,,"SAN BERNARDINO",REDLANDS,-117.2,34.051815650000002
8171431,2016,2016-11-28,3601,2016-10-05,1701,70K9,3601,3,5,3,3601,0,0,0,,0,PATROL,"EAST MAIN ST","2ND AV",0.00,,Y,A,-,N,,,,,,,,,,N,3,0,1,2,A,-,10,21950,A,N,G,B,B,A,H,-,A,A,0,Y,,,,Y,,D,22,0,1,0,0,1,0,0,0,0,"- ","- ",,,"SAN BERNARDINO",BARSTOW,-117.02618003000001,34.898750110000002