CASE_ID,ACCIDENT_YEAR,PROC_DATE,JURIS,COLLISION_DATE,COLLISION_TIME,OFFICER_ID,REPORTING_DISTRICT,DAY_OF_WEEK,CHP_SHIFT,POPULATION,CNTY_CITY_LOC,SPECIAL_COND,BEAT_TYPE,CHP_BEAT_TYPE,CITY_DIVISION_LAPD,CHP_BEAT_CLASS,BEAT_NUMBER,PRIMARY_RD,SECONDARY_RD,DISTANCE,DIRECTION,INTERSECTION,WEATHER_1,WEATHER_2,STATE_HWY_IND,CALTRANS_COUNTY,CALTRANS_DISTRICT,STATE_ROUTE,ROUTE_SUFFIX,POSTMILE_PREFIX,POSTMILE,LOCATION_TYPE,RAMP_INTERSECTION,SIDE_OF_HWY,TOW_AWAY,COLLISION_SEVERITY,NUMBER_KILLED,NUMBER_INJURED,PARTY_COUNT,PRIMARY_COLL_FACTOR,PCF_CODE_OF_VIOL,PCF_VIOL_CATEGORY,PCF_VIOLATION,PCF_VIOL_SUBSECTION,HIT_AND_RUN,TYPE_OF_COLLISION,MVIW,PED_ACTION,ROAD_SURFACE,ROAD_COND_1,ROAD_COND_2,LIGHTING,CONTROL_DEVICE,CHP_ROAD_TYPE,PEDESTRIAN_ACCIDENT,BICYCLE_ACCIDENT,MOTORCYCLE_ACCIDENT,TRUCK_ACCIDENT,NOT_PRIVATE_PROPERTY,ALCOHOL_INVOLVED,STWD_VEHTYPE_AT_FAULT,CHP_VEHTYPE_AT_FAULT,COUNT_SEVERE_INJ,COUNT_VISIBLE_INJ,COUNT_COMPLAINT_PAIN,COUNT_PED_KILLED,COUNT_PED_INJURED,COUNT_BICYCLIST_KILLED,COUNT_BICYCLIST_INJURED,COUNT_MC_KILLED,COUNT_MC_INJURED,PRIMARY_RAMP,SECONDARY_RAMP,LATITUDE,LONGITUDE,COUNTY,CITY,POINT_X,POINT_Y
8626461,2018,2018-06-05,3600,2018-04-01,2008,F6904,RC019,7,5,6,3616,0,0,0,,0,RC5,"FOOTHILL BL","HAVEN AV",121.00,W,N,A,-,N,,,,,,,,,,N,4,0,1,2,A,-,11,21954,A,N,G,B,D,A,H,-,C,A,0,Y,,,,Y,Y,N,60,0,0,1,0,1,0,0,0,0,"- ","- ",,,"SAN BERNARDINO","RANCHO CUCAMONGA",-117.57637023925781,34.106571197509766
8626537,2018,2018-06-05,3600,2018-04-19,1711,D3311,RC036,4,5,6,3616,0,0,0,,0,RC4,"8TH ST","ARCHIBALD AV",0.00,,Y,A,-,N,,,,,,,,,,N,4,0,1,2,A,-,05,21650,,N,D,G,A,A,H,-,A,A,0,,Y,,,Y,,L,04,0,0,1,0,0,0,1,0,0,"- ","- ",,,"SAN BERNARDINO","RANCHO CUCAMONGA",-117.59349822998047,34.091678619384766
8626557,2018,2018-06-05,3600,2018-04-08,1206,D3311,RC051,7,5,6,3616,0,0,0,,0,RC4,"FOOTHILL BL","ORCHARD PLZ",0.00,,N,A,-,N,,,,,,,,,,N,3,0,1,2,A,-,10,21952,,N,G,B,F,A,H,-,A,A,0,Y,,,,Y,,A,01,0,1,0,0,1,0,0,0,0,"- ","- ",,,"SAN BERNARDINO","RANCHO CUCAMONGA",-117.60758199999999,34.106682999999997
8626760,2017,2018-06-05,3603,2017-09-18,0715,CL3807,COLTO,1,5,4,3603,0,0,0,,0,001,"PENNSYLVANIA AV","LAUREL AV",0.00,,Y,A,-,N,,,,,,,,,,N,3,0,1,2,A,-,10,21950,A,N,G,B,D,A,H,-,A,D,0,Y,,,,Y,,A,07,0,1,0,0,1,0,0,0,0,"- ","- ",,,"SAN BERNARDINO",COLTON,-117.32710009,34.081220100000003
8627459,2018,2018-07-10,3601,2018-04-25,1225,P28,BARST,3,5,3,3601,0,0,0,,0,PATROL,"ARMORY RD","FORREST AV",37.00,W,N,A,-,N,,,,,,,,,,N,4,0,3,4,A,-,03,22350,,N,-,B,F,A,D,H,A,A,0,Y,,,,Y,,D,22,0,0,3,0,3,0,0,0,0,"- ","- ",,,"SAN BERNARDINO",BARSTOW,-117.00728607177734,34.884010314941406
8629080,2018,2018-06-15,3610,2018-04-19,2100,51141,,4,5,6,3610,0,0,0,,0,,"W BASELINE ST","TIA JUANA ST",18.00,W,N,A,-,N,,,,,,,,,,N,4,0,1,2,A,-,11,21954,A,M,G,B,D,A,H,-,C,D,0,Y,,,,Y,Y,N,60,0,0,1,0,1,0,0,0,0,"- ","- ",,,"SAN BERNARDINO","SAN BERNARDINO",-117.32173919677734,34.121318817138672
8630460,2018,2018-06-04,3602,2018-04-13,1116,2894,,5,5,5,3602,0,0,0,,0,001,"CENTRAL AV","RIVERSIDE DR",0.00,,Y,A,-,N,,,,,,,,,,N,3,0,1,2,A,-,05,21650,,N,D,G,A,A,H,-,A,A,0,,Y,,,Y,,L,04,0,1,0,0,0,0,1,0,0,"- ","- ",,,"SAN BERNARDINO",CHINO,-117.68939971923828,34.019081115722656
8630859,2018,2018-06-06,3600,2018-05-09,0818,F6910,HI005,3,5,4,3618,0,0,0,,0,HI1,"9TH ST","STERLING AV",435.00,W,N,A,-,N,,,,,,,,,,N,3,0,1,2,A,-,03,22350,,F,B,G,A,A,H,-,A,D,0,,Y,,,Y,,A,07,0,1,0,0,0,0,1,0,0,"- ","- ",,,"SAN BERNARDINO",HIGHLAND,-117.24509429931641,34.115726470947266
8633080,2018,2018-06-14,3604,2018-04-27,1852,1214,,5,5,6,3604,0,0,0,,0,,"TULLOCK CT","TULLOCK ST",4.00,N,N,A,-,N,,,,,,,,,,N,3,0,1,2,A,-,05,21650,,N,G,G,A,A,H,-,B,D,0,,Y,,,Y,,L,04,0,1,0,0,0,0,1,0,0,"- ","- ",,,"SAN BERNARDINO",FONTANA,-117.42533111572266,34.076190948486328
8635303,2018,2018-06-19,3600,2018-05-10,2104,C8620,RC033,4,5,6,3616,0,0,0,,0,RC5,"HERMOSA AV","FERON BL",0.00,,Y,A,-,N,,,,,,,,,,N,4,0,1,2,A,-,01,21200,5,N,D,G,A,A,H,-,C,A,0,,Y,,,Y,,L,04,0,0,1,0,0,0,1,0,0,"- ","- ",,,"SAN BERNARDINO","RANCHO CUCAMONGA",-117.58464050292969,34.093799591064453
8637950,2018,2018-06-26,3604,2018-05-18,0534,497,,5,5,6,3604,0,0,0,,0,,"VALLEY BL","ALDER AV",0.00,,Y,B,-,N,,,,,,,,,,N,4,0,1,2,A,-,09,21453,B,N,D,G,A,A,H,-,C,A,0,,Y,,,Y,,D,22,0,0,1,0,0,0,1,0,0,"- ","- ",,,"SAN BERNARDINO",FONTANA,-117.41824340820312,34.070430755615234
8638906,2018,2018-08-01,3604,2018-05-07,2130,1305,,1,5,6,3604,0,0,0,,0,,FOOTHILL,LOCUST,0.00,,Y,A,-,N,,,,,,,,,,N,4,0,1,2,A,-,10,21950,A,N,G,B,B,A,H,-,C,A,0,Y,,,,Y,,A,08,0,0,1,0,1,0,0,0,0,"- ","- ",,,"SAN BERNARDINO",FONTANA,-117.40962982177734,34.106708526611328
8638984,2018,2018-08-01,3609,2018-05-03,1902,456,131,4,5,5,3609,0,0,0,,0,003,"LINDEN AV","FOOTHILL BL",231.00,S,N,A,-,N,,,,,,,,,,N,4,0,1,2,A,-,11,21954,A,N,G,B,D,A,H,-,A,D,0,Y,,,,Y,,N,60,0,0,1,0,1,0,0,0,0,"- ","- ",34.097801208496094,-117.3927001953125,"SAN BERNARDINO",RIALTO,-117.40090179443359,34.106098175048828
8639036,2018,2018-08-20,3610,2018-05-14,1526,50965,,1,5,6,3610,0,0,0,,0,POLICE,"N DEL ROSA AV","RT 210",0.00,,Y,A,-,Y,SBD,8,210,-,R,25.901,R,4,W,N,4,0,1,2,A,-,12,21453,A,F,D,G,A,A,H,-,A,A,0,,Y,,,Y,,A,01,0,0,1,0,0,0,1,0,0,"- ","- ",34.134140014648438,-117.27870178222656,"SAN BERNARDINO","SAN BERNARDINO",-117.24997711181641,34.141708374023438
8639675,2018,2018-06-26,3610,2018-06-01,1035,51144,,5,5,6,3610,0,0,0,,0,POLICE,"E BASELINE ST","NORTH SIERRA WY",36.00,E,N,A,-,N,,,,,,,,,,Y,4,0,1,2,A,-,05,21202,A,N,G,G,A,A,H,-,A,A,0,,Y,,,Y,,L,04,0,0,1,0,0,0,1,0,0,"- ","- ",34.121349334716797,-117.28511810302734,"SAN BERNARDINO","SAN BERNARDINO",-117.2850341796875,34.121341705322266
8646352,2018,2018-07-03,3604,2018-05-23,0012,1286,,3,5,6,3604,0,0,0,,0,,"E INDEPENDENCE WY","GRAND AV",4.00,E,N,A,-,N,,,,,,,,,,N,3,0,1,2,A,-,10,21950,A,F,G,B,B,A,H,-,C,D,0,Y,,,,Y,,A,01,0,1,0,0,1,0,0,0,0,"- ","- ",,,"SAN BERNARDINO",FONTANA,-117.50017547607422,34.115898132324219
8646594,2018,2018-07-05,3600,2018-05-26,2314,F7349,RC058,6,5,6,3616,0,0,0,,0,RC4,"BAKER AV","ARROW RTE",466.00,N,N,A,-,N,,,,,,,,,,Y,4,0,1,2,A,-,01,23153,,N,A,B,D,A,H,-,C,D,0,Y,,,,Y,Y,A,01,0,0,1,0,1,0,0,0,0,"- ","- ",,,"SAN BERNARDINO","RANCHO CUCAMONGA",-117.61981964111328,34.100658416748047
8646663,2018,2018-07-03,3600,2018-06-04,1730,G0803,RC052,1,5,6,3616,0,0,0,,0,004,"FOOTHILL BL","SAN BERNARDINO RD",0.00,,Y,A,-,N,,,,,,,,,,N,4,0,1,2,A,-,05,21650,1,N,D,G,A,A,H,-,A,A,0,,Y,,,Y,,L,04,0,0,1,0,0,0,1,0,0,"- ","- ",,,"SAN BERNARDINO","RANCHO CUCAMONGA",-117.62361145019531,34.10504150390625
8647243,2018,2018-07-12,3600,2018-05-12,1327,F6917,YC401,6,5,4,3640,0,0,0,,0,,"MARBETH RD","MARBETH PL",109.00,E,N,A,-,N,,,,,,,,,,N,4,0,1,3,A,-,11,21950,B,N,D,B,E,A,-,-,A,D,0,Y,,,,Y,,N,60,0,0,1,0,1,0,0,0,0,"- ","- ",,,"SAN BERNARDINO",YUCAIPA,-117.11539459228516,34.032890319824219
8648099,2018,2020-05-26,3600,2018-02-28,2221,D2557,HI005,3,5,4,3618,0,0,0,,0,HI1,"9TH ST","NEWCOMB ST",203.00,E,N,A,-,N,,,,,,,,,,N,1,1,0,2,A,-,11,21954,A,N,G,B,D,A,H,-,C,D,0,Y,,,,Y,Y,N,60,0,0,0,1,0,0,0,0,0,"- ","- ",,,"SAN BERNARDINO",HIGHLAND,-117.23809051513672,34.115726470947266
8648203,2018,2018-10-01,3604,2018-06-13,2100,680,,3,5,6,3604,0,0,0,,0,,"SIERRA AV","JURUPA AV",1848.00,S,N,A,-,N,,,,,,,,,,Y,1,1,0,2,A,-,11,21954,A,N,G,B,E,A,H,-,C,D,0,Y,,,,Y,,N,60,0,0,0,1,0,0,0,0,0,"- ","- ",,,"SAN BERNARDINO",FONTANA,-117.43538665771484,34.043239593505859
8648232,2018,2020-05-26,3610,2018-09-08,2315,41068,,6,5,6,3610,0,0,0,,0,POLICE,"EAST HIGHLAND AV","MONTE VISTA DR",226.00,E,N,A,-,N,,,,,,,,,,N,1,1,0,2,A,-,11,21954,A,N,G,B,D,A,A,-,C,D,0,Y,,,,Y,Y,N,60,0,0,0,1,0,0,0,0,0,"- ","- ",34.135910034179688,-117.25714111328125,"SAN BERNARDINO","SAN BERNARDINO",-117.25762176513672,34.135871887207031
8648267,2018,2018-10-25,3600,2018-06-09,1209,C4462,VVSUP,6,5,5,3612,0,0,0,,0,VC05,"PALMDALE RD","DELGADA RD",0.00,,Y,A,-,N,,,,,,,,,,Y,1,1,0,2,A,-,08,22107,,N,G,B,E,A,H,-,A,D,0,Y,,,,Y,,A,01,0,0,0,1,0,0,0,0,0,"- ","- ",,,"SAN BERNARDINO",VICTORVILLE,-117.34272003173828,34.506748199462891
8648443,2018,2019-01-11,3604,2018-10-15,0625,509,,1,5,6,3604,0,0,0,,0,,"ALDER AV","ORANGE CT",151.00,N,N,A,-,N,,,,,,,,,,N,1,1,0,4,A,-,11,21954,A,N,G,B,D,A,H,-,C,D,0,Y,,,,Y,,N,60,0,0,0,1,0,0,0,0,0,"- ","- ",,,"SAN BERNARDINO",FONTANA,-117.41834259033203,34.096614837646484
8648527,2018,2020-05-26,3600,2018-12-10,1901,D2561,VC070,1,5,5,3612,0,0,0,,0,VC4,"RT 395","LUNA RD",292.00,S,N,-,-,Y,SBD,8,395,-,-,10.110,H,-,S,Y,1,1,2,4,A,-,11,21954,A,N,G,B,-,A,H,-,C,A,0,Y,,,,Y,Y,N,60,0,2,0,1,0,0,0,0,0,"- ","- ",,,"SAN BERNARDINO",VICTORVILLE,-117.39949798583984,34.491691589355469
8648583,2018,2020-05-22,3600,2018-11-07,0119,E2055,HE116,3,5,5,3619,0,0,0,,0,HE1,"HESPERIA RD","EDISON POLE #407154ZE",305.00,N,N,A,-,N,,,,,,,,,,Y,1,1,1,2,A,-,11,21954,A,N,G,B,D,A,H,-,C,D,0,Y,,,,Y,,N,60,0,0,1,1,0,0,0,0,0,"- ","- ",,,"SAN BERNARDINO",HESPERIA,,
8652104,2018,2018-08-23,3600,2018-06-01,2136,F6907,VC053,5,5,5,3612,0,0,0,,0,VC5,"PALMDALE RD","KENTWOOD BL",0.00,,Y,A,-,Y,SBD,8,18,-,-,96.848,I,5,N,N,3,0,1,2,A,-,12,21453,A,N,G,G,A,A,H,-,C,A,0,,Y,,,Y,,-,99,0,1,0,0,0,0,1,0,0,"- ","- ",,,"SAN BERNARDINO",VICTORVILLE,-117.32746887207031,34.507095336914062
8653360,2018,2018-07-12,3600,2018-06-12,1429,D8569,HI021,2,5,4,3618,0,0,0,,0,HI3,"BOULDER AV","WEBSTER ST",0.00,,Y,A,-,N,,,,,,,,,,N,3,0,1,2,A,-,08,22107,,N,D,G,A,A,H,-,A,A,0,,Y,,,Y,,A,01,0,1,0,0,0,0,1,0,0,"- ","- ",,,"SAN BERNARDINO",HIGHLAND,-117.18689727783203,34.110431671142578
8653361,2018,2018-07-13,3600,2018-06-09,0706,F7805,HI015,6,5,4,3618,0,0,0,,0,,BASELINE,"CHURCH AV",0.00,,Y,A,-,N,,,,,,,,,,N,2,0,1,2,A,-,17,21451,A,F,G,B,B,A,H,-,A,A,0,Y,,,,Y,,A,08,1,0,0,0,1,0,0,0,0,"- ","- ",,,"SAN BERNARDINO",HIGHLAND,-117.17385101318359,34.121131896972656
8656758,2018,2018-08-09,3602,2018-05-17,1211,3813,49,4,5,5,3602,0,0,0,,0,002,"RIVERSIDE DR","CENTRAL AV",15.00,E,N,A,-,N,,,,,,,,,,N,2,0,1,2,A,-,11,21453,D,N,G,B,B,A,H,-,A,A,0,Y,,,,Y,,N,60,1,0,0,0,1,0,0,0,0,"- ","- ",,,"SAN BERNARDINO",CHINO,-117.68935394287109,34.019081115722656
8656784,2018,2018-08-17,3602,2018-06-13,1928,3813,31,3,5,5,3602,0,0,0,,0,003,"CENTRAL AV","RT 60",0.00,,Y,A,-,Y,SBD,8,60,-,R,2.552,R,3,E,N,4,0,1,2,D,-,00,,,N,G,B,B,A,H,-,A,A,0,Y,,,,Y,,-,"- ",0,0,1,0,1,0,0,0,0,"- ",EO,,,"SAN BERNARDINO",CHINO,-117.68619537353516,34.030220031738281
8658594,2018,2018-07-12,3604,2018-06-12,0904,641,,2,5,6,3604,0,0,0,,0,,"CHERRY AV","NORTH BRIDLEPATH",12.00,E,N,A,-,N,,,,,,,,,,N,3,0,1,2,A,-,10,21950,A,N,G,B,B,A,H,-,A,A,0,Y,,,,Y,,A,01,0,1,0,0,1,0,0,0,0,"- ","- ",,,"SAN BERNARDINO",FONTANA,-117.48445892333984,34.154129028320312
8658861,2018,2018-07-12,3604,2018-05-30,1547,1154,,3,5,6,3604,0,0,0,,0,,"RANDALL AV","OLEANDER AV",306.00,W,N,A,-,N,,,,,,,,,,N,3,0,1,2,A,-,11,21956,A,N,G,B,E,A,H,-,A,D,0,Y,,,,Y,,N,60,0,1,0,0,1,0,0,0,0,"- ","- ",,,"SAN BERNARDINO",FONTANA,-117.44977569580078,34.084804534912109
8660597,2018,2018-07-30,3610,2018-05-29,2001,51049,,2,5,6,3610,0,0,0,,0,,"W 28TH ST","N COLIMA AV",0.00,,Y,A,-,N,,,,,,,,,,,3,0,2,2,A,-,05,21650,1,N,A,G,A,A,-,-,B,D,0,,Y,,,Y,,L,04,0,1,1,0,0,0,1,0,0,"- ","- ",34.142421722412109,-117.32465362548828,"SAN BERNARDINO","SAN BERNARDINO",-117.32465362548828,34.142398834228516
8662733,2018,2018-07-26,3600,2018-05-08,2027,G9800,AD104,2,5,3,3613,0,0,0,,0,AD1,"CHAMBERLAINE WY","BALDWIN ST",794.00,W,N,A,-,N,,,,,,,,,,N,4,0,1,2,A,-,11,21954,A,N,G,B,E,A,B,-,D,D,0,Y,,,,Y,Y,N,60,0,0,1,0,1,0,0,0,0,"- ","- ",,,"SAN BERNARDINO",ADELANTO,-117.40962982177734,34.586467742919922
8666695,2018,2018-07-30,3600,2018-06-07,1904,F8552,AD315,4,5,3,3613,0,0,0,,0,,"VILLA ST","DANA RD",80.00,W,N,A,-,N,,,,,,,,,,N,4,0,1,2,A,-,05,21650,1,N,A,G,A,A,H,-,A,-,0,,Y,,,Y,,L,04,0,0,1,0,0,0,1,0,0,"- ","- ",,,"SAN BERNARDINO",ADELANTO,-117.42977142333984,34.517559051513672
8667281,2018,2018-08-01,3604,2018-07-07,1429,1163,,6,5,6,3604,0,0,0,,0,,"FOOTHILL BL","MULBERRY AV",0.00,,Y,A,-,N,,,,,,,,,,N,3,0,1,2,A,-,12,21453,A,N,D,G,A,A,H,-,A,A,0,,Y,,,Y,,L,04,0,1,0,0,0,0,1,0,0,"- ","- ",,,"SAN BERNARDINO",FONTANA,-117.50627136230469,34.106510162353516
8667872,2018,2018-07-30,3600,2018-06-13,0825,C8643,RC046,3,5,6,3616,0,0,0,,0,RC1,"ORANGE ST","JASPER AV",0.00,,Y,A,-,N,,,,,,,,,,N,3,0,1,2,A,-,12,22450,,N,D,G,A,A,H,-,A,D,0,,Y,,,Y,,L,04,0,1,0,0,0,0,1,0,0,"- ","- ",,,"SAN BERNARDINO","RANCHO CUCAMONGA",-117.62075042724609,34.138160705566406
8668857,2018,2018-08-06,3600,2018-07-02,1616,B3501,RC051,1,5,6,3616,0,0,0,,0,RC4,"8TH ST","VINEYARD AV",300.00,E,N,A,-,N,,,,,,,,,,N,4,0,1,2,A,-,06,21760,B,F,C,G,A,A,H,-,A,D,0,,Y,,,Y,,D,22,0,0,1,0,0,0,1,0,0,"- ","- ",,,"SAN BERNARDINO","RANCHO CUCAMONGA",-117.61014556884766,34.092075347900391
8668977,2018,2018-08-07,3600,2018-07-10,1743,G3843,RC200,2,5,6,3616,0,0,0,,0,RCM,"S MAIN ST","MONET AV",0.00,,Y,A,-,N,,,,,,,,,,N,4,0,1,2,A,-,10,21950,,N,G,B,B,A,H,-,A,A,0,Y,,,,Y,,A,01,0,0,1,0,1,0,0,0,0,"- ","- ",,,"SAN BERNARDINO","RANCHO CUCAMONGA",-117.53440000000001,34.110840000000003
8669556,2018,2018-08-15,3610,2018-07-06,1207,51145,,5,5,6,3610,0,0,0,,0,POLICE,"N D ST","W 5TH ST",0.00,,Y,A,-,N,,,,,,,,,,N,4,0,1,2,A,-,10,21950,A,N,G,B,B,A,H,-,A,A,0,Y,,,,Y,,A,01,0,0,1,0,1,0,0,0,0,"- ","- ",34.108310699462891,-117.29190826416016,"SAN BERNARDINO","SAN BERNARDINO",-117.29189300537109,34.108310699462891
8671591,2018,2018-09-07,3604,2018-07-27,1727,1156,,5,5,6,3604,0,0,0,,0,,"CITRUS AV","IVY AV",113.00,N,N,A,-,N,,,,,,,,,,Y,2,0,2,2,A,-,01,23152,G,F,G,B,F,A,H,-,A,D,0,Y,,,,Y,Y,A,01,1,1,0,0,1,0,0,0,0,"- ","- ",,,"SAN BERNARDINO",FONTANA,-117.45362854003906,34.104598999023438
8672510,2018,2018-08-13,3600,2018-06-03,2021,D3381,VC066,7,5,5,3612,0,0,0,,0,VC4,"AMARGOSA RD","EUCALYPTUS RD",0.00,,Y,A,-,N,,,,,,,,,,N,3,0,1,2,A,-,11,21954,A,N,G,B,E,A,H,-,D,A,0,Y,,,,Y,,N,60,0,1,0,0,1,0,0,0,0,"- ","- ",,,"SAN BERNARDINO",VICTORVILLE,-117.35811,34.455840000000002
8672822,2018,2018-08-14,3609,2018-07-04,2103,0456,RI038,3,5,5,3609,0,0,0,,0,001,"NORTH FILLMORE","SPRUCE ST",330.00,W,N,A,-,N,,,,,,,,,,N,3,0,1,2,A,-,10,21954,,F,G,B,E,A,H,-,C,D,0,Y,,,,Y,,-,,0,1,0,0,1,0,0,0,0,"- ","- ",34.144001007080078,-117.38829803466797,"SAN BERNARDINO",RIALTO,-117.38791656494141,34.144260406494141
8679657,2018,2018-08-29,3604,2018-07-27,0633,509,,5,5,6,3604,0,0,0,,0,,"OWEN ST","PALMETTO AV",0.00,,Y,A,-,N,,,,,,,,,,N,2,0,1,2,A,-,10,21950,A,N,G,B,B,A,H,-,A,A,0,Y,,,,Y,,D,22,1,0,0,0,1,0,0,0,0,"- ","- ",,,"SAN BERNARDINO",FONTANA,-117.42706298828125,34.102519989013672
8679957,2018,2018-10-05,3600,2018-07-05,1922,F5111,HE409,4,5,5,3619,0,0,0,,0,HE4,"WALNUT ST","GUAVA AV",0.00,,Y,A,-,N,,,,,,,,,,N,2,0,1,2,A,-,21,22106,,N,G,B,F,A,H,-,B,D,0,Y,,,,Y,,A,01,1,0,0,0,1,0,0,0,0,"- ","- ",,,"SAN BERNARDINO",HESPERIA,-117.26853942871094,34.415340423583984
8680123,2018,2018-10-08,3608,2018-07-31,2054,2906,,2,5,5,3608,0,0,0,,0,,"SAN MATEO ST","CYPRESS AV",0.00,,Y,A,-,N,,,,,,,,,,N,4,0,1,2,A,-,10,21950,A,N,G,B,B,A,H,-,C,A,0,Y,,,,Y,,A,01,0,0,1,0,1,0,0,0,0,"- ","- ",,,"SAN BERNARDINO",REDLANDS,-117.19100189208984,34.039379119873047
8682054,2018,2018-09-14,3600,2018-07-25,2015,G6918,VC056,3,5,5,3612,0,0,0,,0,VC5,"AMARGOSA AV",PALMDALE,210.00,S,N,A,-,N,,,,,,,,,,N,3,0,1,2,A,-,09,21804,A,N,D,G,A,A,H,-,B,D,0,,Y,,,Y,,A,01,0,1,0,0,0,0,1,0,0,"- ","- ",,,"SAN BERNARDINO",VICTORVILLE,-117.33013153076172,34.506374359130859
8682145,2018,2018-09-18,3600,2018-08-04,2224,D3381,VC063,6,5,5,3612,0,0,0,,0,VC3,"SILICA DR","7TH AV",0.00,,Y,A,-,N,,,,,,,,,,N,3,0,1,2,A,-,11,21954,A,N,G,G,A,A,H,-,C,A,0,,Y,,,Y,,L,04,0,1,0,0,0,0,1,0,0,"- ","- ",,,"SAN BERNARDINO",VICTORVILLE,-117.31233215332031,34.478008270263672
8682669,2018,2018-09-25,3600,2018-09-02,0841,G9467,AP003,7,5,5,3621,0,0,0,,0,AP2,"DALE EVANS PKWY","QUANTICO RD",0.00,,-,A,-,N,,,,,,,,,,N,4,0,1,2,A,-,17,21208,A,N,C,G,A,A,H,-,A,A,0,,Y,,,Y,,L,04,0,0,1,0,0,0,1,0,0,"- ","- ",,,"SAN BERNARDINO","APPLE VALLEY",-117.20828247070312,34.547611236572266
8686749,2018,2018-10-16,3600,2018-07-02,1426,F6917,YC302,1,5,4,3640,0,0,0,,0,,"SUNLIGHT DR","3RD ST",0.00,,Y,A,-,N,,,,,,,,,,N,2,0,1,2,A,-,13,22515,A,N,G,B,E,A,H,-,A,A,0,Y,,,,Y,,N,60,1,0,0,0,1,0,0,0,0,"- ","- ",,,"SAN BERNARDINO",YUCAIPA,-117.04753875732422,34.017929077148438
8687227,2018,2018-10-08,3602,2018-08-02,0850,3495,,4,5,5,3602,0,0,0,,0,001,"RAMONA AV","PHILADELPHIA ST",190.00,S,N,A,-,N,,,,,,,,,,N,3,0,1,2,A,-,00,21650,G,F,D,G,A,A,H,-,A,D,0,,Y,,,Y,,L,04,0,1,0,0,0,0,1,0,0,"- ","- ",,,"SAN BERNARDINO",CHINO,-117.70689392089844,34.032958984375
8689737,2018,2018-09-13,3610,2018-08-16,0817,50266,,4,5,6,3610,0,0,0,,0,ADAM,"E MILL ST","I ST",0.00,,Y,A,-,N,,,,,,,,,,N,3,0,1,2,A,-,03,22350,,F,G,B,D,A,H,-,A,A,0,Y,,,,Y,Y,-,99,0,1,0,0,1,0,0,0,0,"- ","- ",,,"SAN BERNARDINO","SAN BERNARDINO",-117.30314636230469,34.092159271240234
8689964,2018,2018-10-02,3610,2018-08-05,1935,51035,,7,5,6,3610,0,0,0,,0,CHARLI,"E LYNWOOD DR","E LYNWOOD DR 1303",12.00,W,N,A,-,N,,,,,,,,,,N,3,0,1,2,C,-,18,,,N,G,B,D,A,H,-,A,D,0,Y,,,,Y,,-,"- ",0,1,0,0,1,0,0,0,0,"- ","- ",34.146011352539062,-117.25913238525391,"SAN BERNARDINO","SAN BERNARDINO",,
8690064,2018,2018-09-07,3600,2018-07-04,2227,E8923,HI014,3,5,4,3618,0,0,0,,0,HI2,"PALM AV","CYPRESS ST",0.00,,Y,A,-,N,,,,,,,,,,N,3,0,1,2,A,-,10,21954,,N,A,B,D,A,H,-,C,D,0,Y,,,,Y,Y,-,,0,1,0,0,1,0,0,0,0,"- ","- ",,,"SAN BERNARDINO",HIGHLAND,-117.20877075195312,34.113269805908203
8694997,2018,2018-09-19,3604,2018-08-24,1143,509,,5,5,6,3604,0,0,0,,0,,"SIERRA AV","VALLEY BL",0.00,,Y,A,-,N,,,,,,,,,,N,4,0,1,2,A,-,10,21950,A,F,G,B,B,A,H,-,A,A,0,Y,,,,Y,,A,01,0,0,1,0,1,0,0,0,0,"- ","- ",,,"SAN BERNARDINO",FONTANA,-117.43567657470703,34.070369720458984
8695005,2018,2018-09-26,3604,2018-08-18,2246,1214,,6,5,6,3604,0,0,0,,0,,"SIERRA AV","VALLEY BL",125.00,N,N,A,-,N,,,,,,,,,,N,4,0,1,2,A,-,"- ",,,F,D,G,A,A,H,-,C,D,0,,Y,,,Y,,A,01,0,0,1,0,0,0,1,0,0,"- ","- ",,,"SAN BERNARDINO",FONTANA,-117.43567657470703,34.070713043212891
8695531,2018,2018-09-24,3610,2018-08-29,1856,50700,,3,5,6,3610,0,0,0,,0,DAVID,"W 2ND ST","NORTH SIERRA WY",6.00,W,N,A,-,N,,,,,,,,,,N,4,0,2,3,A,-,11,21453,D,N,G,B,B,A,H,-,A,A,0,Y,,,,Y,,N,60,0,0,2,0,2,0,0,0,0,"- ","- ",34.102691650390625,-117.28513336181641,"SAN BERNARDINO","SAN BERNARDINO",-117.28515625,34.102718353271484
8698234,2018,2018-09-27,3610,2018-08-21,1517,50821,,2,5,6,3610,0,0,0,,0,ADAM,"N MT VERNON AV","SPRUCE ST",18.00,S,N,A,-,N,,,,,,,,,,,4,0,1,2,A,-,11,21954,A,N,G,B,D,A,H,-,A,A,0,Y,,,,Y,,N,60,0,0,1,0,1,0,0,0,0,"- ","- ",34.109268188476562,-117.31382751464844,"SAN BERNARDINO","SAN BERNARDINO",-117.31383514404297,34.109230041503906
8703887,2018,2018-10-10,3609,2018-08-22,0745,4247,RI160,3,5,5,3609,0,0,0,,0,004,"W ORCHARD ST","S WILLOW AV",7.00,E,N,A,-,N,,,,,,,,,,N,4,0,1,3,A,-,10,21950,A,F,G,B,D,A,H,-,A,D,0,Y,,,,Y,,A,07,0,0,1,0,1,0,0,0,0,"- ","- ",34.088409423828125,-117.37470245361328,"SAN BERNARDINO",RIALTO,-117.37467956542969,34.089740753173828
8705172,2018,2018-10-09,3610,2018-09-11,2221,51049,,2,5,6,3610,0,0,0,,0,POLICE,"NORTH SIERRA WY","E PALMYRA ST",0.00,,Y,A,-,N,,,,,,,,,,N,2,0,1,2,A,-,17,21208,B,N,A,G,A,A,H,-,C,D,0,,Y,,,Y,,L,04,1,0,0,0,0,0,1,0,0,"- ","- ",34.161209106445312,-117.28465270996094,"SAN BERNARDINO","SAN BERNARDINO",-117.28502655029297,34.161350250244141