CASE_ID,ACCIDENT_YEAR,PROC_DATE,JURIS,COLLISION_DATE,COLLISION_TIME,OFFICER_ID,REPORTING_DISTRICT,DAY_OF_WEEK,CHP_SHIFT,POPULATION,CNTY_CITY_LOC,SPECIAL_COND,BEAT_TYPE,CHP_BEAT_TYPE,CITY_DIVISION_LAPD,CHP_BEAT_CLASS,BEAT_NUMBER,PRIMARY_RD,SECONDARY_RD,DISTANCE,DIRECTION,INTERSECTION,WEATHER_1,WEATHER_2,STATE_HWY_IND,CALTRANS_COUNTY,CALTRANS_DISTRICT,STATE_ROUTE,ROUTE_SUFFIX,POSTMILE_PREFIX,POSTMILE,LOCATION_TYPE,RAMP_INTERSECTION,SIDE_OF_HWY,TOW_AWAY,COLLISION_SEVERITY,NUMBER_KILLED,NUMBER_INJURED,PARTY_COUNT,PRIMARY_COLL_FACTOR,PCF_CODE_OF_VIOL,PCF_VIOL_CATEGORY,PCF_VIOLATION,PCF_VIOL_SUBSECTION,HIT_AND_RUN,TYPE_OF_COLLISION,MVIW,PED_ACTION,ROAD_SURFACE,ROAD_COND_1,ROAD_COND_2,LIGHTING,CONTROL_DEVICE,CHP_ROAD_TYPE,PEDESTRIAN_ACCIDENT,BICYCLE_ACCIDENT,MOTORCYCLE_ACCIDENT,TRUCK_ACCIDENT,NOT_PRIVATE_PROPERTY,ALCOHOL_INVOLVED,STWD_VEHTYPE_AT_FAULT,CHP_VEHTYPE_AT_FAULT,COUNT_SEVERE_INJ,COUNT_VISIBLE_INJ,COUNT_COMPLAINT_PAIN,COUNT_PED_KILLED,COUNT_PED_INJURED,COUNT_BICYCLIST_KILLED,COUNT_BICYCLIST_INJURED,COUNT_MC_KILLED,COUNT_MC_INJURED,PRIMARY_RAMP,SECONDARY_RAMP,LATITUDE,LONGITUDE,COUNTY,CITY,POINT_X,POINT_Y
8979301,2019,2019-12-12,3600,2019-09-25,1945,H8221,CA360,3,5,5,3612,0,0,0,,0,VC2,"7TH ST","LORENE DR",500.00,N,N,A,-,N,,,,,,,,,,N,2,0,1,2,A,-,14,21201,D,F,C,C,A,A,H,-,C,A,0,,Y,,,Y,,L,04,1,0,0,0,0,0,1,0,0,"- ","- ",,,"SAN BERNARDINO",VICTORVILLE,-117.31454467773438,34.514991760253906
8979337,2019,2019-12-13,3603,2019-09-04,1859,4819,CPD,3,5,4,3603,0,0,0,,0,002,"MT VERNON AV","FAIRWAY DR",0.00,,Y,A,-,N,,,,,,,,,,N,3,0,1,2,A,-,08,22107,,N,A,B,B,A,H,-,C,A,0,Y,,,,Y,,A,01,0,1,0,0,1,0,0,0,0,"- ","- ",,,"SAN BERNARDINO",COLTON,-117.3138427734375,34.068710327148438
8982393,2019,2019-12-20,3610,2019-10-22,0159,,,2,5,6,3610,0,0,0,,0,,"N E ST","W 20TH ST",201.00,S,N,A,-,N,,,,,,,,,,N,4,0,1,2,A,-,11,21954,A,F,G,B,D,A,H,-,E,D,0,Y,,,,Y,,-,,0,0,1,0,1,0,0,0,0,"- ","- ",,,"SAN BERNARDINO","SAN BERNARDINO",-117.29415893554688,34.133319854736328
8982518,2019,2019-11-26,3605,2019-10-30,1905,391,,3,5,4,3605,0,0,0,,0,,"RAMONA AV","KINGSLEY ST",0.00,,Y,A,-,N,,,,,,,,,,N,4,0,1,2,A,-,11,21950,B,N,G,B,B,A,H,-,D,D,0,Y,,,,Y,,N,60,0,0,1,0,1,0,0,0,0,"- ","- ",,,"SAN BERNARDINO",MONTCLAIR,-117.70703125,34.066780090332031
8983653,2019,2019-12-05,3600,2019-09-10,1543,G9483,HE421,2,5,5,3619,0,0,0,,0,HE4,"RANCHERO RD","OXFORD AV",122.00,W,N,A,-,N,,,,,,,,,,N,4,0,1,2,A,-,11,21954,A,N,G,B,D,A,H,-,A,D,0,Y,,,,Y,,N,60,0,0,1,0,1,0,0,0,0,"- ","- ",,,"SAN BERNARDINO",HESPERIA,-117.27744293212891,34.383804321289062
8983789,2019,2019-12-02,3600,2019-08-22,1446,F6910,HI011,4,5,4,3618,0,0,0,,0,HI2,"VICTORIA AV","PACIFIC ST",0.00,,Y,A,-,N,,,,,,,,,,N,3,0,1,2,A,-,12,21453,A,N,D,G,A,A,H,-,A,A,0,,Y,,,Y,,L,04,0,1,0,0,0,0,1,0,0,"- ","- ",,,"SAN BERNARDINO",HIGHLAND,-117.22621154785156,34.128551483154297
8984431,2019,2020-02-10,3607,2019-03-14,0709,80515,,4,5,6,3607,0,0,0,,0,052,"EUCLID AV","FRANCIS ST",0.00,,Y,A,-,Y,SBD,8,83,-,-,7.917,I,5,S,N,3,0,1,2,A,-,12,21453,A,N,H,G,A,A,H,-,A,A,0,,Y,,,Y,,L,04,0,1,0,0,0,0,1,0,0,"- ","- ",,,"SAN BERNARDINO",ONTARIO,-117.65108489990234,34.041069030761719
8984436,2019,2020-05-29,3600,2019-06-10,1306,H6875,YV011,1,5,3,3631,0,0,0,,0,YV1,"RT 247","RT 62",0.00,,Y,A,-,Y,SBD,8,62,-,-,12.404,I,5,E,N,4,0,1,2,A,-,17,21200,A,N,G,G,A,A,H,-,A,A,0,,Y,,,Y,,L,04,0,0,1,0,0,0,1,0,0,"- ","- ",34.123561859130859,-116.41480255126953,"SAN BERNARDINO","YUCCA VALLEY",-116.41405487060547,34.123462677001953
8984490,2018,2019-12-09,3607,2018-01-08,1816,19946,126,1,5,6,3607,0,0,0,,0,022,"EUCLID AV","B ST",10.00,N,N,C,-,N,,,,,,,,,,N,4,0,1,2,A,-,11,21954,A,N,G,B,D,B,H,-,C,A,0,Y,,,,Y,Y,N,60,0,0,1,0,1,0,0,0,0,"- ","- ",,,"SAN BERNARDINO",ONTARIO,-117.65120697021484,34.064586639404297
8984565,2018,2019-12-09,3607,2018-06-19,2124,80527,103,2,5,6,3607,0,0,0,,0,012,"EUCLID AV","D ST",0.00,,Y,A,-,N,,,,,,,,,,N,3,0,1,2,A,-,10,21950,A,F,G,B,B,A,H,-,C,A,0,Y,,,,Y,,-,99,0,1,0,0,1,0,0,0,0,"- ","- ",,,"SAN BERNARDINO",ONTARIO,-117.65120697021484,34.066989898681641
8984637,2018,2019-12-20,3607,2018-08-19,1415,20000,50,7,5,6,3607,0,0,0,,0,031,"4TH ST","RT 10",100.00,E,N,A,-,N,,,,,,,,,,N,3,0,1,2,A,-,05,21650,1,N,A,G,A,A,H,-,A,D,0,,Y,,,Y,,L,04,0,1,0,0,0,0,1,0,0,"- ",WO,,,"SAN BERNARDINO",ONTARIO,-117.62326049804688,34.077640533447266
8984760,2019,2019-12-24,3600,2019-08-12,2012,F8945,VC026,1,5,5,3612,0,0,0,,0,VC3,"YATES RD","MARIPOSA RD",0.00,,Y,A,-,N,,,,,,,,,,N,4,0,1,2,A,-,11,21954,A,N,G,B,D,A,H,-,D,D,0,Y,,,,Y,,N,60,0,0,1,0,1,0,0,0,0,"- ","- ",,,"SAN BERNARDINO",VICTORVILLE,-117.32601165771484,34.499740600585938
8984895,2019,2019-12-24,3600,2019-08-31,1348,F6904,RC067,6,5,6,3616,0,0,0,,0,RC5,"SPRUCE AV","FOOTHILL BL",0.00,,Y,A,-,N,,,,,,,,,,N,4,0,1,2,A,-,10,21950,,N,G,B,B,A,H,-,A,A,0,Y,,,,Y,,A,07,0,0,1,0,1,0,0,0,0,"- ","- ",,,"SAN BERNARDINO","RANCHO CUCAMONGA",-117.56693267822266,34.106578826904297
8986318,2019,2020-02-04,3608,2019-11-01,1328,3675,,5,5,5,3608,0,0,0,,0,,"ALABAMA ST","LUGONIA AV",0.00,,Y,A,-,N,,,,,,,,,,N,3,0,1,2,A,-,08,22107,,N,G,B,B,A,H,-,A,A,0,Y,,,Y,Y,,F,25,0,1,0,0,1,0,0,0,0,"- ","- ",,,"SAN BERNARDINO",REDLANDS,-117.20877075195312,34.070308685302734
8986500,2019,2019-12-20,3608,2019-10-20,2130,4523,3608,7,5,5,3608,0,0,0,,0,,"ALABAMA ST","ORANGE TREE LN",141.00,S,N,A,-,N,,,,,,,,,,N,3,0,1,2,A,-,05,21650,,N,A,G,A,A,H,-,C,D,0,,Y,,,Y,,L,04,0,1,0,0,0,0,1,0,0,"- ","- ",,,"SAN BERNARDINO",REDLANDS,-117.20874786376953,34.068523406982422
8986789,2019,2020-01-28,3608,2019-11-02,1942,4523,3608,6,5,5,3608,0,0,0,,0,,"COLTON AV","ALTA ST",0.00,,Y,A,-,N,,,,,,,,,,N,3,0,1,2,A,-,10,21950,A,N,G,B,B,A,H,-,C,D,0,Y,,,,Y,,-,,0,1,0,0,1,0,0,0,0,"- ","- ",,,"SAN BERNARDINO",REDLANDS,-117.18141937255859,34.062831878662109
8990596,2019,2020-01-29,3600,2019-11-17,1749,G6207,VC035,7,5,5,3612,0,0,0,,0,001,"7TH ST","A ST",0.00,,Y,A,-,N,,,,,,,,,,N,3,0,1,2,A,-,10,21950,A,N,G,B,B,A,H,-,C,A,0,Y,,,,Y,,D,22,0,1,0,0,1,0,0,0,0,"- ","- ",,,"SAN BERNARDINO",VICTORVILLE,-117.29566955566406,34.533798217773438
8990600,2019,2020-09-18,3600,2019-11-07,1803,G6910,VC036,4,5,5,3612,0,0,0,,0,VC1,"D ST","6TH ST",0.00,,Y,A,-,Y,SBD,8,18,-,-,95.830,H,-,N,N,3,0,1,2,A,-,11,21954,A,N,G,B,D,A,H,-,C,D,0,Y,,,,Y,,N,60,0,1,0,0,1,0,0,0,0,"- ","- ",,,"SAN BERNARDINO",VICTORVILLE,-117.29341888427734,34.536762237548828
8990890,2019,2020-01-10,3605,2019-11-01,0730,284,,5,5,4,3605,0,0,0,,0,,"MONTE VISTA AV","MISSION BL",20.00,S,N,A,-,N,,,,,,,,,,N,3,0,1,2,A,-,03,22350,,N,-,G,A,A,H,-,A,A,0,,Y,,,Y,,A,01,0,1,0,0,0,0,1,0,0,"- ","- ",,,"SAN BERNARDINO",MONTCLAIR,-117.69818878173828,34.055934906005859
8991851,2019,2020-02-13,3607,2019-03-11,1033,800483,131,1,5,6,3607,0,0,0,,0,022,"HOLT BL","GROVE AV",15.00,W,N,A,-,N,,,,,,,,,,,2,0,1,2,A,-,12,21453,A,N,D,G,A,A,H,-,A,A,0,,Y,,,Y,,L,04,1,0,0,0,0,0,1,0,0,"- ","- ",,,"SAN BERNARDINO",ONTARIO,-117.62854766845703,34.063419342041016
8992141,2019,2020-06-30,3607,2019-02-23,1809,80418,248,6,5,6,3607,0,0,0,,0,071,"RT 60","GROVE AV",0.00,,Y,A,-,Y,SBD,8,60,-,R,6.066,R,1,W,N,2,0,1,2,A,-,11,21950,B,N,G,B,B,A,H,-,C,A,0,Y,,,,Y,Y,N,60,1,0,0,0,1,0,0,0,0,"- ","- ",,,"SAN BERNARDINO",ONTARIO,-117.62829499999999,34.031162999999999
8994280,2019,2019-12-12,3600,2019-10-12,1250,4462,,6,5,5,3612,0,0,0,,0,002,"7TH ST","VICTOR ST",0.00,,Y,A,-,N,,,,,,,,,,N,3,0,1,2,A,-,10,21950,A,N,G,B,B,A,H,-,A,A,0,Y,,,,Y,,A,01,0,1,0,0,1,0,0,0,0,"- ","- ",,,"SAN BERNARDINO",VICTORVILLE,-117.30695343017578,34.522628784179688
8994518,2019,2019-12-31,3607,2019-10-11,1409,80388,101,5,5,6,3607,0,0,0,,0,012,"D ST","BEVERLY SQ",350.00,W,N,A,-,N,,,,,,,,,,Y,3,0,2,3,A,-,03,22350,,N,A,C,F,A,H,-,A,A,0,Y,,,,Y,,A,08,0,1,1,0,1,0,0,0,0,"- ","- ",,,"SAN BERNARDINO",ONTARIO,-117.65995025634766,34.066970825195312
8994568,2019,2019-12-21,3607,2019-08-13,1425,19890,59,2,5,6,3607,0,0,0,,0,011,"I ST","SAN ANTONIO AV",6.00,E,N,A,-,N,,,,,,,,,,N,4,0,1,2,A,-,10,21950,A,N,G,B,B,A,H,-,A,A,0,Y,,,,Y,,I,12,0,0,1,0,1,0,0,0,0,"- ","- ",,,"SAN BERNARDINO",ONTARIO,-117.66062927246094,34.074249267578125
8996071,2019,2020-01-08,3605,2019-11-18,1757,401,,1,5,4,3605,0,0,0,,0,,"MISSION BL","RAMONA AV",27.00,E,N,A,-,N,,,,,,,,,,N,4,0,1,2,A,-,12,21453,A,F,D,B,B,A,H,-,C,A,0,Y,,,,Y,,A,01,0,0,1,0,1,0,0,0,0,"- ","- ",,,"SAN BERNARDINO",MONTCLAIR,-117.70681762695312,34.056041717529297
8996085,2019,2019-12-23,3610,2019-10-19,1122,51167,,6,5,6,3610,0,0,0,,0,,"N DEL ROSA AV","E DATE ST",80.00,N,N,A,-,N,,,,,,,,,,N,3,0,1,2,A,-,09,21804,A,N,A,G,A,A,H,-,A,D,0,,Y,,,Y,,L,04,0,1,0,0,0,0,1,0,0,"- ","- ",34.143650054931641,-117.25240325927734,"SAN BERNARDINO","SAN BERNARDINO",-117.25242614746094,34.143867492675781
8996101,2019,2019-12-23,3610,2019-10-16,1252,51103,,3,5,6,3610,0,0,0,,0,,"E BASELINE ST","N WALL AV",66.00,E,N,A,-,N,,,,,,,,,,N,4,0,1,2,A,-,11,21954,A,N,G,B,D,A,H,-,A,D,0,Y,,,,Y,,N,60,0,0,1,0,1,0,0,0,0,"- ","- ",,,"SAN BERNARDINO","SAN BERNARDINO",-117.28114318847656,34.121330261230469
8997646,2018,2019-12-19,3607,2018-10-13,1346,80558,306,6,5,6,3607,0,0,0,,0,MILLS,"4TH ST","FRANKLIN AV",20.00,E,N,C,-,N,,,,,,,,,,Y,3,0,1,2,A,-,08,22107,,N,-,B,F,B,H,-,A,A,0,Y,,,,Y,,D,22,0,1,0,0,1,0,0,0,0,"- ","- ",,,"SAN BERNARDINO",ONTARIO,-117.55018615722656,34.0771484375
8997717,2018,2019-12-20,3607,2018-08-17,1825,80249,297,5,5,6,3607,0,0,0,,0,MILL,"MILLS CIR","FRANKLIN AV",400.00,W,N,A,-,N,,,,,,,,,,N,3,0,1,2,A,-,10,21954,B,N,G,B,D,A,H,-,A,A,0,Y,,,,Y,,D,22,0,1,0,0,1,0,0,0,0,"- ","- ",,,"SAN BERNARDINO",ONTARIO,-117.55381774902344,34.070850372314453
8997779,2018,2020-03-11,3607,2018-03-21,2024,19844,131,3,5,6,3607,0,0,0,,0,022,"HOLT BL","ALLYN AV",2640.00,E,N,A,-,N,,,,,,,,,,N,4,0,1,2,A,-,08,22107,,N,H,G,A,A,H,-,C,D,0,,Y,,,Y,,I,09,0,0,1,0,0,0,1,0,0,"- ","- ",,,"SAN BERNARDINO",ONTARIO,-117.62851715087891,34.063419342041016
8997818,2018,2019-12-14,3607,2018-01-09,1830,19816,128,2,5,6,3607,0,0,0,,0,022,"HOLT BL","CAMPUS AV",5.00,E,N,C,-,N,,,,,,,,,,N,4,0,1,2,A,-,10,21950,A,N,G,B,B,B,H,-,C,A,0,Y,,,,Y,,D,22,0,0,1,0,1,0,0,0,0,"- ","- ",,,"SAN BERNARDINO",ONTARIO,-117.64129638671875,34.063381195068359
8997832,2018,2019-12-30,3607,2018-03-16,0800,19790,72,5,5,6,3607,0,0,0,,0,243,"FRANCIS ST","ARCHIBALD AV",0.00,,Y,A,-,N,,,,,,,,,,N,3,0,1,2,A,-,05,21650,1,M,H,G,A,A,H,-,A,A,0,,Y,,Y,Y,,L,04,0,1,0,0,0,0,1,0,0,"- ","- ",,,"SAN BERNARDINO",ONTARIO,-117.59336090087891,34.041011810302734
8997921,2018,2019-12-30,3607,2018-03-08,0743,19890,,4,5,6,3607,0,0,0,,0,011,"VINE AV","G ST",100.00,N,N,A,-,N,,,,,,,,,,N,4,0,1,2,A,-,09,21804,A,N,H,G,A,A,H,-,A,D,0,,Y,,,Y,,L,04,0,0,1,0,0,0,1,0,0,"- ","- ",,,"SAN BERNARDINO",ONTARIO,-117.65591430664062,34.070884704589844
8999243,2018,2019-12-10,3607,2018-04-12,2025,80508,11,4,5,6,3607,0,0,0,,0,042,"4TH ST","GRANITE AV",100.00,W,N,A,-,N,,,,,,,,,,Y,2,0,1,2,A,-,11,21954,A,N,G,B,D,A,H,-,C,D,0,Y,,,,Y,Y,N,60,1,0,0,0,1,0,0,0,0,"- ","- ",,,"SAN BERNARDINO",ONTARIO,-117.66339874267578,34.077880859375
8999438,2018,2019-12-07,3607,2018-12-02,1520,20131,62,7,5,6,3607,0,0,0,,0,021,"EUCLID AV","ROSEWOOD CT",0.00,,Y,A,-,N,,,,,,,,,,N,4,0,1,2,A,-,09,21802,A,N,D,G,A,A,H,-,A,D,0,,Y,,,Y,,A,07,0,0,1,0,0,0,1,0,0,"- ","- ",,,"SAN BERNARDINO",ONTARIO,-117.65090179443359,34.076980590820312
8999464,2018,2019-12-11,3607,2018-05-06,1912,80326,65,7,5,6,3607,0,0,0,,0,032,"GROVE AV","4TH ST",0.00,,Y,A,-,N,,,,,,,,,,N,4,0,1,2,A,-,05,21650,,N,D,G,A,A,H,-,B,A,0,,Y,,,Y,,L,04,0,0,1,0,0,0,1,0,0,"- ","- ",,,"SAN BERNARDINO",ONTARIO,-117.62864,34.077820000000003
8999534,2018,2019-12-10,3607,2018-08-31,1843,80550,121,5,5,6,3607,0,0,0,,0,012,"D ST","BEGONIA AV",0.00,,Y,A,-,N,,,,,,,,,,N,3,0,1,2,A,-,11,21954,A,M,G,B,D,A,H,-,A,D,0,Y,,,,Y,Y,N,60,0,1,0,0,1,0,0,0,0,"- ","- ",,,"SAN BERNARDINO",ONTARIO,-117.67153167724609,34.066940307617188
8999546,2018,2019-12-10,3607,2018-06-04,2247,19952,,1,5,6,3607,0,0,0,,0,,"YUCCA ST","LANTANA AV",50.00,E,N,A,-,N,,,,,,,,,,N,3,0,1,2,A,-,05,21650,1,N,H,G,A,A,H,-,C,D,0,,Y,,,Y,,L,04,0,1,0,0,0,0,1,0,0,"- ","- ",,,"SAN BERNARDINO",ONTARIO,-117.66132354736328,34.045700073242188
8999559,2018,2019-12-16,3607,2018-09-07,0950,80551,108,5,5,6,3607,0,0,0,,0,022,"CAMPUS AV","E ST",500.00,S,N,A,-,N,,,,,,,,,,N,4,0,1,2,A,-,05,21202,A,N,H,G,A,A,H,-,A,D,0,,Y,,,Y,,L,04,0,0,1,0,0,0,1,0,0,"- ","- ",,,"SAN BERNARDINO",ONTARIO,-117.64134216308594,34.066860198974609
8999631,2018,2019-12-10,3607,2018-10-05,2222,80326,117,5,5,6,3607,0,0,0,,0,032,"G ST","MADERA AV",25.00,E,N,A,-,N,,,,,,,,,,N,4,0,1,2,A,-,08,22107,,N,G,B,D,A,H,-,C,A,0,Y,,,,Y,,A,07,0,0,1,0,1,0,0,0,0,"- ","- ",,,"SAN BERNARDINO",ONTARIO,-117.61856079101562,34.070720672607422
8999634,2018,2019-12-11,3607,2018-08-26,1652,80516,218,7,5,6,3607,0,0,0,,0,042,"JURUPA AV","VINTAGE AV",500.00,W,N,A,-,N,,,,,,,,,,N,3,0,1,2,A,-,11,21956,A,N,G,B,E,A,H,-,A,-,0,Y,,,,Y,,N,60,0,1,0,0,1,0,0,0,0,"- ","- ",,,"SAN BERNARDINO",ONTARIO,-117.53775787353516,34.048069000244141
8999681,2018,2019-12-10,3607,2018-01-31,1704,80550,118,3,5,6,3607,0,0,0,,0,032,"HOLT BL","GUASTI RD",0.00,,Y,A,-,N,,,,,,,,,,N,3,0,1,2,A,-,12,21453,A,F,H,G,A,A,H,-,A,A,0,,Y,,,Y,,-,99,0,1,0,0,0,0,1,0,0,"- ","- ",,,"SAN BERNARDINO",ONTARIO,-117.60459136962891,34.064540863037109
8999752,2018,2019-12-12,3607,2018-09-24,2116,14789,187,1,5,6,3607,0,0,0,,0,061,"BELMONT ST","CAMPUS AV",0.00,,Y,A,-,N,,,,,,,,,,N,4,0,1,2,A,-,09,21801,A,N,D,G,A,A,H,-,C,A,0,,Y,,,Y,,A,01,0,0,1,0,0,0,1,0,0,"- ","- ",,,"SAN BERNARDINO",ONTARIO,-117.64128875732422,34.051448822021484
8999765,2018,2019-12-11,3607,2018-05-31,2043,80508,103,4,5,6,3607,0,0,0,,0,012,"G ST","LAUREL AV",0.00,,Y,A,-,N,,,,,,,,,,N,3,0,1,2,A,-,10,21950,A,F,G,B,B,A,H,-,C,A,0,Y,,,,Y,,A,01,0,1,0,0,1,0,0,0,0,"- ","- ",,,"SAN BERNARDINO",ONTARIO,-117.65238952636719,34.070610046386719
8999770,2018,2019-12-11,3607,2018-05-22,0705,80422,150,2,5,6,3607,0,0,0,,0,072,"NORTH SHORE DR","RIVERSIDE DR",5.00,N,N,A,-,N,,,,,,,,,,N,4,0,1,2,A,-,10,21950,A,N,G,B,B,A,H,-,A,D,0,Y,,,,Y,,A,07,0,0,1,0,1,0,0,0,0,"- ","- ",,,"SAN BERNARDINO",ONTARIO,-117.58704376220703,34.01910400390625
8999799,2018,2019-12-10,3607,2018-08-23,1440,80557,,4,5,6,3607,0,0,0,,0,,"4TH ST","CAMPUS AV",0.00,,Y,A,-,N,,,,,,,,,,N,4,0,1,2,A,-,05,21650,1,N,D,G,A,A,H,-,A,A,0,,Y,,,Y,,L,04,0,0,1,0,0,0,1,0,0,"- ","- ",,,"SAN BERNARDINO",ONTARIO,-117.64137268066406,34.077949523925781
8999842,2018,2019-12-11,3607,2018-10-30,1321,80551,208,2,5,6,3607,0,0,0,,0,061,"GROVE AV","ACACIA CT",0.00,,Y,A,-,N,,,,,,,,,,N,3,0,1,2,A,-,09,21804,,N,H,G,A,A,H,-,A,A,0,,Y,Y,,Y,,L,04,0,1,0,0,0,0,1,0,0,"- ","- ",,,"SAN BERNARDINO",ONTARIO,-117.62857818603516,34.047908782958984
8999867,2018,2019-12-11,3607,2018-01-05,1445,80313,76,5,5,6,3607,0,0,0,,0,041,"CONCOURS DR","MILLIKEN AV",500.00,W,N,A,-,N,,,,,,,,,,Y,3,0,2,2,A,-,11,21954,A,N,G,B,D,A,H,-,A,D,0,Y,,,,Y,,N,60,0,1,1,0,1,0,0,0,0,"- ","- ",,,"SAN BERNARDINO",ONTARIO,-117.55943298339844,34.074626922607422
8999968,2018,2019-12-11,3607,2018-03-25,0953,80511,276,7,5,6,3607,0,0,0,,0,071,"RIVERSIDE DR","COLONIAL AV",0.00,,Y,A,-,N,,,,,,,,,,N,3,0,1,2,A,-,11,21954,A,N,G,B,D,A,H,-,A,A,0,Y,,,,Y,,N,60,0,1,0,0,1,0,0,0,0,"- ","- ",,,"SAN BERNARDINO",ONTARIO,-117.59696197509766,34.019168853759766
9000095,2019,2019-12-18,3607,2019-01-28,1601,80313,63,1,5,6,3607,0,0,0,,0,021,"4TH ST","CAMPUS AV",0.00,,Y,A,-,N,,,,,,,,,,,3,0,1,2,A,-,10,21950,A,N,G,B,B,A,H,-,A,A,0,Y,,,,Y,,A,01,0,1,0,0,1,0,0,0,0,"- ","- ",,,"SAN BERNARDINO",ONTARIO,-117.64137268066406,34.077949523925781
9000111,2019,2019-12-18,3607,2019-01-08,2307,19823,247,2,5,6,3607,0,0,0,,0,062,"FRANCIS ST","EUCLID AV",15.00,W,N,A,-,N,,,,,,,,,,,3,0,1,2,A,-,10,21950,A,N,G,B,B,A,H,-,A,A,0,Y,,,,Y,,A,01,0,1,0,0,1,0,0,0,0,"- ","- ",,,"SAN BERNARDINO",ONTARIO,-117.651123046875,34.041080474853516
9000159,2019,2019-12-16,3607,2019-05-28,0748,19940,208,2,5,6,3607,0,0,0,,0,061,"FRANCIS ST","CUCAMONGA AV",100.00,E,N,-,-,N,,,,,,,,,,N,3,0,1,2,A,-,07,21658,A,N,B,G,A,A,H,-,A,D,0,,Y,,,Y,,L,04,0,1,0,0,0,0,1,0,0,"- ","- ",,,"SAN BERNARDINO",ONTARIO,-117.63256072998047,34.041191101074219
9000948,2019,2019-12-30,3609,2019-11-13,1726,02269,162,3,5,5,3609,0,0,0,,0,004,"SYCAMORE AV","VODDEN ST",381.00,S,N,A,-,N,,,,,,,,,,N,2,0,1,2,A,-,10,21954,B,N,G,B,D,A,H,-,C,D,0,Y,,,,Y,,A,01,1,0,0,0,1,0,0,0,0,"- ","- ",,,"SAN BERNARDINO",RIALTO,-117.36593627929688,34.086757659912109
9000949,2019,2019-12-27,3600,2019-11-29,1706,F8535,YC207,5,5,4,3640,0,0,0,,0,YC1,"CALIFORNIA ST","EUREKA AV",186.00,N,N,A,-,N,,,,,,,,,,N,3,0,1,2,A,-,11,21954,A,N,G,B,E,A,H,-,C,D,0,Y,,,,Y,,N,60,0,1,0,0,1,0,0,0,0,"- ","- ",,,"SAN BERNARDINO",YUCAIPA,-117.03884124755859,34.025310516357422
9001235,2019,2019-12-14,3607,2019-03-28,1410,80496,,4,5,6,3607,0,0,0,,0,,"I ST","VINE AV",100.00,E,N,A,-,N,,,,,,,,,,N,4,0,1,2,A,-,05,21650,,N,H,G,A,A,H,-,A,A,0,,Y,,,Y,,L,04,0,0,1,0,0,0,1,0,0,"- ","- ",,,"SAN BERNARDINO",ONTARIO,-117.65560913085938,34.074245452880859
9001707,2019,2020-01-10,3600,2019-06-22,0546,G7650,SB,6,5,3,3615,0,0,0,,0,0LL,"CALIFORNIA ST","CITRUS AV",0.00,,Y,A,-,N,,,,,,,,,,N,4,0,1,2,A,-,05,21202,A,N,C,G,A,A,H,-,A,D,0,,Y,,,Y,,-,,0,0,1,0,0,0,1,0,0,"- ","- ",34.057598114013672,-117.2261962890625,"SAN BERNARDINO","LOMA LINDA",-117.22618865966797,34.055690765380859
9001833,2019,2020-01-08,3608,2019-11-27,0200,3821,,3,5,5,3608,0,0,0,,0,,"REDLANDS BL","5TH ST",0.00,,Y,B,-,N,,,,,,,,,,N,3,0,1,2,A,-,"- ",,,F,G,B,B,A,H,-,C,D,0,Y,,,,Y,Y,A,01,0,1,0,0,1,0,0,0,0,"- ","- ",,,"SAN BERNARDINO",REDLANDS,-117.18144989013672,34.057289123535156
90020279,2015,2015-10-19,9860,2015-09-11,1605,012530,,5,2,9,3600,0,3,5,,2,002,"CAJON BLVD","SHORT STREET",459.00,N,N,A,-,N,,,,,,,,,,N,3,0,1,2,C,-,18,,,N,H,G,A,A,H,-,A,D,0,,Y,,,Y,Y,-,"- ",0,1,0,0,0,0,1,0,0,"- ","- ",34.155729999999998,-117.33396999999999,"SAN BERNARDINO",UNINCORPORATED,-117.33397719,34.155863680000003
90022435,2015,2015-10-19,9855,2015-08-27,1957,020081,,4,2,9,3600,0,1,3,,1,011,"REDWOOD AVE. (9000 BLOCK)","CARMEL ST.",118.00,N,N,A,-,N,,,,,,,,,,N,3,0,1,2,A,-,08,22107,,F,A,G,A,A,H,-,C,D,0,,Y,,,Y,,A,01,0,1,0,0,0,0,1,0,0,"- ","- ",34.07835,-117.48427,"SAN BERNARDINO",UNINCORPORATED,-117.48425614999999,34.078303320000003
90025061,2015,2015-12-09,9850,2015-09-18,1635,019278,,5,2,5,3619,1,4,S,,2,901,"AMARGOSA RD","AVENAL ST",1000.00,N,N,A,-,N,,,,,,,,,,N,4,0,2,2,A,-,08,22107,,F,H,A,A,A,H,-,A,D,0,,Y,,,Y,,L,04,0,0,2,0,0,0,0,0,0,"- ","- ",34.440739999999998,-117.36995,"SAN BERNARDINO",HESPERIA,-117.37022885,34.440338330000003
9002890,2018,2019-12-18,3607,2018-11-16,1736,20099,51,5,5,6,3607,0,0,0,,0,031,"4TH ST","ORANGE AV",50.00,E,N,A,-,N,,,,,,,,,,N,2,0,1,2,A,-,11,21954,A,N,G,B,D,A,H,-,C,D,0,Y,,,,Y,,N,60,1,0,0,0,1,0,0,0,0,"- ","- ",,,"SAN BERNARDINO",ONTARIO,-117.61446380615234,34.077598571777344
9003090,2018,2019-12-21,3607,2018-12-22,2000,80473,126,6,5,6,3607,0,0,0,,0,001,"EUCLID AV","B ST",40.00,S,N,A,-,N,,,,,,,,,,Y,4,0,1,3,A,-,08,22107,,N,D,E,E,A,H,-,C,A,0,Y,,,,Y,,D,22,0,0,1,0,1,0,0,0,0,"- ","- ",,,"SAN BERNARDINO",ONTARIO,-117.65120697021484,34.064449310302734