CASE_ID,ACCIDENT_YEAR,PROC_DATE,JURIS,COLLISION_DATE,COLLISION_TIME,OFFICER_ID,REPORTING_DISTRICT,DAY_OF_WEEK,CHP_SHIFT,POPULATION,CNTY_CITY_LOC,SPECIAL_COND,BEAT_TYPE,CHP_BEAT_TYPE,CITY_DIVISION_LAPD,CHP_BEAT_CLASS,BEAT_NUMBER,PRIMARY_RD,SECONDARY_RD,DISTANCE,DIRECTION,INTERSECTION,WEATHER_1,WEATHER_2,STATE_HWY_IND,CALTRANS_COUNTY,CALTRANS_DISTRICT,STATE_ROUTE,ROUTE_SUFFIX,POSTMILE_PREFIX,POSTMILE,LOCATION_TYPE,RAMP_INTERSECTION,SIDE_OF_HWY,TOW_AWAY,COLLISION_SEVERITY,NUMBER_KILLED,NUMBER_INJURED,PARTY_COUNT,PRIMARY_COLL_FACTOR,PCF_CODE_OF_VIOL,PCF_VIOL_CATEGORY,PCF_VIOLATION,PCF_VIOL_SUBSECTION,HIT_AND_RUN,TYPE_OF_COLLISION,MVIW,PED_ACTION,ROAD_SURFACE,ROAD_COND_1,ROAD_COND_2,LIGHTING,CONTROL_DEVICE,CHP_ROAD_TYPE,PEDESTRIAN_ACCIDENT,BICYCLE_ACCIDENT,MOTORCYCLE_ACCIDENT,TRUCK_ACCIDENT,NOT_PRIVATE_PROPERTY,ALCOHOL_INVOLVED,STWD_VEHTYPE_AT_FAULT,CHP_VEHTYPE_AT_FAULT,COUNT_SEVERE_INJ,COUNT_VISIBLE_INJ,COUNT_COMPLAINT_PAIN,COUNT_PED_KILLED,COUNT_PED_INJURED,COUNT_BICYCLIST_KILLED,COUNT_BICYCLIST_INJURED,COUNT_MC_KILLED,COUNT_MC_INJURED,PRIMARY_RAMP,SECONDARY_RAMP,LATITUDE,LONGITUDE,COUNTY,CITY,POINT_X,POINT_Y
90034030,2015,2015-10-19,9860,2015-09-27,0115,020856,,7,3,9,3600,0,3,5,,2,002,"HIGHLAND AVENUE","STATE STREET",600.00,E,N,A,-,N,,,,,,,,,,Y,3,0,2,2,A,-,01,23152,A,N,G,B,D,A,H,-,C,D,0,Y,,,,Y,Y,N,60,0,2,0,0,1,0,0,0,0,"- ","- ",34.136189999999999,-117.33356000000001,"SAN BERNARDINO",UNINCORPORATED,-117.33348341,34.13612363
9003817,2019,2020-02-25,3600,2019-11-19,1119,G6212,RC073,2,5,6,3616,0,0,0,,0,005,"MILLIKEN AV","6TH ST",0.00,,Y,A,-,N,,,,,,,,,,N,4,0,1,2,A,-,05,21650,1,N,H,G,A,A,H,-,A,A,0,,Y,,,Y,,L,04,0,0,1,0,0,0,1,0,0,"- ","- ",,,"SAN BERNARDINO","RANCHO CUCAMONGA",-117.55844116210938,34.084720611572266
9003834,2019,2020-05-15,3601,2019-12-05,1914,P61,BARST,4,5,3,3601,0,0,0,,0,001,"W MAIN ST","AVENUE H",0.00,,Y,A,-,N,,,,,,,,,,N,3,0,1,2,A,-,12,21453,A,N,-,G,A,A,H,-,C,A,0,,Y,,,Y,,L,04,0,1,0,0,0,0,1,0,0,"- ","- ",,,"SAN BERNARDINO",BARSTOW,-117.04753875732422,34.894081115722656
90039354,2015,2015-10-29,9855,2015-10-13,1805,016051,,2,2,9,3600,0,3,5,,2,004,"PIPELINE AVE.","RIVERSIDE DR.",639.00,N,N,A,-,N,,,,,,,,,,N,3,0,1,2,A,-,11,21954,A,N,G,B,E,A,H,-,A,D,0,Y,,,,Y,,N,60,0,1,0,0,1,0,0,0,0,"- ","- ",34.020740000000004,-117.71553,"SAN BERNARDINO",UNINCORPORATED,-117.71547,34.020661410000002
9004162,2018,2019-12-12,3607,2018-10-01,2145,80266,236,1,5,6,3607,0,0,0,,0,062,"PHILADELPHIA ST","GREENWOOD PL",0.00,,Y,A,-,N,,,,,,,,,,N,3,0,1,2,A,-,05,21202,A,N,G,G,A,A,H,-,C,A,0,,Y,,,Y,,L,04,0,1,0,0,0,0,1,0,0,"- ","- ",,,"SAN BERNARDINO",ONTARIO,-117.63478088378906,34.033901214599609
9004596,2019,2020-02-19,3600,2019-11-29,0550,G8533,VV235,5,5,5,3621,0,0,0,,0,VV2,"YATES RD","FORTUNA LN",0.00,,Y,D,F,N,,,,,,,,,,Y,2,0,1,3,A,-,03,22350,,N,C,B,E,C,G,-,B,D,0,Y,,,,Y,Y,D,22,1,0,0,0,1,0,0,0,0,"- ","- ",,,"SAN BERNARDINO","APPLE VALLEY",-117.26071166992188,34.5010986328125
90052184,2015,2015-11-17,9865,2015-11-08,1600,015271,,7,2,9,3600,0,3,5,,2,001,"BOWL RD","SHADY LN.",107.00,E,N,A,-,N,,,,,,,,,,N,4,0,1,2,A,-,11,21954,A,N,G,B,E,A,H,-,A,D,0,Y,,,,Y,,N,60,0,0,1,0,1,0,0,0,0,"- ","- ",34.240569999999998,-117.28624000000001,"SAN BERNARDINO",UNINCORPORATED,-117.28628757,34.240566020000003
9005232,2019,2020-01-16,3600,2019-11-12,0732,G4629,CH024,2,5,5,3630,0,0,0,,0,CH01,"PEYTON DR","CHINO AV",300.00,S,N,A,-,N,,,,,,,,,,N,3,0,1,2,A,-,08,22107,,N,B,G,A,A,H,-,A,A,0,,Y,,,Y,,L,04,0,1,0,0,0,0,1,0,0,"- ","- ",,,"SAN BERNARDINO","CHINO HILLS",-117.74246978759766,34.009544372558594
9005271,2019,2020-01-28,3600,2019-11-23,1149,G6953,CH009,6,5,5,3630,0,0,0,,0,CH2,"PEYTON DR","CHINO HILLS PKWY",0.00,,Y,A,-,N,,,,,,,,,,N,3,0,1,2,A,-,09,21453,B,N,D,G,A,A,H,-,A,A,0,,Y,,,Y,,A,07,0,1,0,0,0,0,1,0,0,"- ","- ",,,"SAN BERNARDINO","CHINO HILLS",-117.73255920410156,33.982490539550781
9005586,2019,2020-06-17,3607,2019-11-19,1213,80496,258,2,5,6,3607,0,0,0,,0,071,"VINEYARD AV","RT 60",0.00,,Y,A,-,Y,SBD,8,60,-,R,7.066,R,1,W,,4,0,1,2,A,-,12,21453,A,N,G,B,C,A,H,-,A,A,0,Y,,,,Y,,D,22,0,0,1,0,1,0,0,0,0,"- ",WF,,,"SAN BERNARDINO",ONTARIO,-117.60755157470703,34.030666351318359
9005596,2019,2020-01-31,3607,2019-12-07,1933,20220,82,6,5,6,3607,0,0,0,,0,610,"EUCALYPTUS AV","GROVE AV",50.00,E,N,B,C,N,,,,,,,,,,N,4,0,1,2,A,-,08,22107,,N,G,B,E,A,H,-,D,D,0,Y,,,,Y,,D,22,0,0,1,0,1,0,0,0,0,"- ","- ",,,"SAN BERNARDINO",ONTARIO,-117.62788391113281,33.990409851074219
9006119,2019,2020-01-09,3600,2019-11-18,1950,D4301,HE218,1,5,5,3619,0,0,0,,0,HE2,"MAIN ST","G AV",373.00,E,N,A,-,N,,,,,,,,,,N,3,0,1,2,A,-,11,21954,A,N,A,B,D,A,H,-,C,D,0,Y,,,,Y,,N,60,0,1,0,0,1,0,0,0,0,"- ","- ",,,"SAN BERNARDINO",HESPERIA,-117.28659820556641,34.419342041015625
9006180,2019,2020-01-10,3603,2019-11-29,2219,4819,CPD,5,5,4,3603,0,0,0,,0,004,"WASHINGTON ST","MEADOW LN",200.00,W,N,A,-,N,,,,,,,,,,N,2,0,1,2,A,-,11,21955,,N,G,B,D,A,H,-,C,D,0,Y,,,,Y,,N,60,1,0,0,0,1,0,0,0,0,"- ","- ",,,"SAN BERNARDINO",COLTON,-117.30008697509766,34.048408508300781
90063725,2015,2015-12-02,9860,2015-11-23,1750,019251,,1,2,9,3600,0,3,5,,2,003,"CEDAR AVE","10TH ST",150.00,N,N,A,-,N,,,,,,,,,,N,4,0,1,2,A,-,08,22107,,F,B,G,A,A,H,-,D,D,0,,Y,,,Y,,-,99,0,0,1,0,0,0,1,0,0,"- ","- ",34.042999999999999,-117.396,"SAN BERNARDINO",UNINCORPORATED,-117.39638239,34.043890939999997
9006604,2019,2020-01-16,3610,2019-11-11,1905,,,1,5,6,3610,0,0,0,,0,DAVID,"NORTH ARROWHEAD AV","W 8TH ST",0.00,,Y,A,-,N,,,,,,,,,,Y,3,0,1,2,A,-,11,21954,A,N,G,B,D,A,H,-,C,D,0,Y,,,,Y,,N,60,0,1,0,0,1,0,0,0,0,"- ","- ",34.113971710205078,-117.28964996337891,"SAN BERNARDINO","SAN BERNARDINO",-117.28964996337891,34.113918304443359
90066652,2015,2015-12-07,9855,2015-11-27,1705,021048,,5,2,5,3611,0,1,1,,2,103,"25TH STREET","MOUNTAIN AVE.",0.00,,Y,A,-,Y,,,,,,,,,,N,3,0,1,2,A,-,12,22450,A,N,B,G,A,A,H,-,C,A,0,,Y,,,Y,,L,04,0,1,0,0,0,0,1,0,0,"- ","- ",,,"SAN BERNARDINO",UPLAND,-117.66103008,34.155550040000001
90068970,2015,2015-12-09,9860,2015-11-30,1330,014963,,1,1,6,3610,0,1,1,,2,216,"I-215 S/B TO BASELINE ST.","BASELINE ST.",3.00,N,N,A,-,Y,,,215,,,,R,,S,N,4,0,2,3,A,-,21,22106,,N,G,B,B,A,H,-,A,A,0,Y,,,,Y,,D,22,0,0,2,0,2,0,0,0,0,"- ","- ",34.121639999999999,-117.30307000000001,"SAN BERNARDINO","SAN BERNARDINO",-117.30307000000001,34.121639999999999
90069360,2015,2015-12-10,9860,2015-11-26,0105,019449,,4,3,6,3610,0,1,1,,2,202,"SR-210 W/B TO I-215 N/B","UNIVERSITY PKY",6864.00,S,N,A,-,Y,,,,,,,,,,Y,4,0,2,3,A,-,06,21755,,N,C,E,E,A,H,-,C,D,0,Y,,,,Y,,A,01,0,0,2,0,1,0,0,0,0,"- ","- ",34.147869999999998,-117.32033,"SAN BERNARDINO","SAN BERNARDINO",,
9007301,2019,2019-12-14,3607,2019-01-14,1908,20108,266,1,5,6,3607,0,0,0,,0,062,"WALNUT ST","CAMPUS AV",350.00,W,N,C,-,N,,,,,,,,,,N,3,0,1,2,A,-,05,21650,1,N,B,G,A,B,H,-,C,D,0,,Y,,,Y,,L,04,0,1,0,0,0,0,1,0,0,"- ","- ",,,"SAN BERNARDINO",ONTARIO,-117.64260101318359,34.026576995849609
9007357,2019,2019-12-14,3607,2019-01-17,0255,80557,450,4,5,6,3607,0,0,0,,0,071,"RIVERSIDE DR","ARCHIBALD AV",0.00,,Y,B,-,N,,,,,,,,,,N,4,0,1,2,A,-,10,21950,A,M,G,B,B,B,H,-,A,A,0,Y,,,,Y,,A,01,0,0,1,0,1,0,0,0,0,"- ","- ",,,"SAN BERNARDINO",ONTARIO,-117.59319305419922,34.019130706787109
90076685,2015,2015-12-17,9860,2015-09-17,0606,019725,,4,1,9,3600,0,1,3,,1,012,"STATE ROUTE 138","WIMMER ROAD",132.00,E,N,A,-,Y,,,138,,,,,,,N,1,1,0,2,A,-,11,21954,A,N,G,B,D,A,D,-,D,D,0,Y,,,,Y,,N,60,0,0,0,1,0,0,0,0,0,"- ","- ",34.326140000000002,-117.51524999999999,"SAN BERNARDINO",UNINCORPORATED,-117.51523038000001,34.326171860000002
90081395,2015,2016-03-02,9855,2015-11-30,1124,015826,,1,1,6,3604,0,3,5,,2,001,"CHERRY AVE.","WHITTRAM AVE.",0.00,,Y,A,-,N,,,,,,,,,,N,3,0,1,2,A,-,06,21755,,N,D,G,A,A,H,-,A,A,0,,Y,,Y,Y,,L,04,0,1,0,0,0,0,1,0,0,"- ","- ",34.095680000000002,-117.4884,"SAN BERNARDINO",FONTANA,-117.48884002,34.09574001
90095090,2015,2016-01-14,9865,2015-12-22,1230,017407,,2,1,9,3600,0,3,5,,2,003,"COUNTRY CLUB BLVD","GREENWAY DR",225.00,W,N,A,-,N,,,,,,,,,,N,3,0,1,2,A,-,21,22106,,N,G,B,E,A,H,-,A,D,0,Y,,,,Y,,D,22,0,1,0,0,1,0,0,0,0,"- ","- ",34.261749999999999,-116.84666,"SAN BERNARDINO",UNINCORPORATED,-116.84629198,34.261789999999998
9009946,2019,2020-01-02,3609,2019-11-09,1454,6421,RI135,6,5,5,3609,0,0,0,,0,003,"FOOTHILL BL","CACTUS AV",0.00,,Y,A,-,N,,,,,,,,,,N,4,0,1,2,A,-,10,21950,A,N,G,B,B,A,H,-,A,A,0,Y,,,,Y,,A,01,0,0,1,0,1,0,0,0,0,"- ","- ",34.106098175048828,-117.38390350341797,"SAN BERNARDINO",RIALTO,-117.38347625732422,34.10675048828125
90099493,2016,2016-01-21,9850,2016-01-13,2000,021142,,3,2,9,3600,0,2,4,,2,066,"PHELAN ROAD","BALDY MESA ROAD",400.00,W,N,A,-,N,,,,,,,,,,N,2,0,1,2,D,-,00,,,F,G,B,E,A,H,-,D,D,0,Y,,,,Y,,-,"- ",1,0,0,0,1,0,0,0,0,"- ","- ",34.426639999999999,-117.45247000000001,"SAN BERNARDINO",UNINCORPORATED,-117.45231261000001,34.426515479999999
9010190,2019,2019-12-20,3600,2019-10-31,2227,G9470,VC023,4,5,5,3612,0,0,0,,0,VC3,"HESPERIA RD","JASMINE RD",150.00,S,N,A,-,N,,,,,,,,,,N,4,0,1,2,A,-,11,21956,,N,G,B,D,A,H,-,C,D,0,Y,,,,Y,,N,60,0,0,1,0,1,0,0,0,0,"- ","- ",,,"SAN BERNARDINO",VICTORVILLE,-117.29151153564453,34.474472045898438
9011012,2019,2020-01-03,3609,2019-11-25,1810,8444,RI129,1,5,5,3609,0,0,0,,0,004,"FOOTHILL BL","ACACIA AV",350.00,W,N,A,-,N,,,,,,,,,,N,4,0,1,2,A,-,00,21955,A,N,G,B,D,A,H,-,D,D,0,Y,,,,Y,,N,60,0,0,1,0,1,0,0,0,0,"- ","- ",34.106758117675781,-117.63279724121094,"SAN BERNARDINO",RIALTO,-117.36279296875,34.106758117675781
90114891,2016,2016-02-15,9860,2016-02-07,1705,014777,,7,2,9,3600,0,3,5,,2,003,"CITRUS AVENUE","OPAL AVENUE",0.00,,Y,A,-,N,,,,,,,,,,N,4,0,1,2,A,-,09,21800,C,F,H,G,A,A,H,-,A,A,0,,Y,,,Y,,-,99,0,0,1,0,0,0,1,0,0,"- ","- ",34.05545,-117.13446,"SAN BERNARDINO",UNINCORPORATED,-117.13450013000001,34.055470100000001
90116712,2016,2016-02-17,9850,2016-02-01,0405,017775,,1,3,5,3619,0,1,1,,2,081,"I-15 S/B","RANCHERO ROAD",107.00,S,N,B,-,Y,,,15,,,,,,S,N,1,1,0,2,A,-,11,21954,A,N,G,B,E,B,H,-,C,D,0,Y,,,,Y,,N,60,0,0,0,1,0,0,0,0,0,"- ","- ",34.382599999999996,-117.41582,"SAN BERNARDINO",HESPERIA,-117.41585855,34.3826313
9011863,2019,2019-12-24,3607,2019-02-06,1457,80313,2,3,5,6,3607,0,0,0,,0,031,"7TH ST","GROVE AV",0.00,,Y,A,-,N,,,,,,,,,,,4,0,1,2,A,-,10,21950,A,N,G,B,B,A,H,-,A,A,0,Y,,,,Y,,A,07,0,0,1,0,1,0,0,0,0,"- ","- ",,,"SAN BERNARDINO",ONTARIO,-117.62857818603516,34.088859558105469
9012411,2019,2019-12-28,3600,2019-06-29,1328,G7659,VC017,6,5,5,3612,0,0,0,,0,VC2,"VICTOR ST","LOVES LN",0.00,,Y,A,-,N,,,,,,,,,,N,3,0,1,2,A,-,17,21657,,N,G,G,A,A,H,-,A,D,0,,Y,,,Y,,L,04,0,1,0,0,0,0,1,0,0,"- ","- ",,,"SAN BERNARDINO",VICTORVILLE,-117.30773162841797,34.523078918457031
9012455,2019,2019-12-28,3607,2019-05-03,2338,80445,173,5,5,6,3607,0,0,0,,0,042,"KETTERING DR","AUTO CENTER DR",200.00,,N,A,-,N,,,,,,,,,,,4,0,1,2,A,-,11,21956,,N,G,B,E,A,H,-,C,D,0,Y,,,,Y,,N,60,0,0,1,0,1,0,0,0,0,"- ","- ",,,"SAN BERNARDINO",ONTARIO,-117.54519653320312,34.057109832763672
90124971,2016,2016-02-29,9860,2016-02-19,1427,019251,,5,2,9,3600,0,2,4,,1,410,"VALLEY BLVD. (18300 BLOCK)","LINDEN AVE",1000.00,W,N,A,-,N,,,,,,,,,,N,4,0,1,2,A,-,05,21202,A,N,H,G,A,A,H,-,A,D,0,,Y,,,Y,,L,04,0,0,1,0,0,0,1,0,0,"- ","- ",34.070599999999999,-117.40406,"SAN BERNARDINO",UNINCORPORATED,-117.40406237000001,34.070469000000003
90125961,2016,2016-02-29,9834,2016-02-21,1427,017038,,7,2,9,3600,0,1,3,,1,064,SR-62,"GX-GROMMET RR CROSSING",115.00,W,N,A,-,Y,,,62,,,,,,,Y,2,0,1,2,A,-,05,21752,C,N,H,G,A,A,H,-,A,D,0,,Y,,,Y,,A,01,1,0,0,0,0,0,1,0,0,"- ","- ",34.109310000000001,-114.68691,"SAN BERNARDINO",UNINCORPORATED,-114.68694934,34.109343559999999
90133186,2016,2016-03-09,9860,2016-03-01,1852,019449,,2,2,9,3600,0,2,4,,2,411,"CEDAR AVE","ORANGE ST",25.00,S,N,A,-,N,,,,,,,,,,N,3,0,1,1,A,-,08,22107,,N,E,I,A,A,H,-,C,A,0,,Y,,,Y,,L,04,0,1,0,0,0,0,1,0,0,"- ","- ",34.064869999999999,-117.39657,"SAN BERNARDINO",UNINCORPORATED,-117.39644,34.064921499999997
90134068,2016,2016-03-10,9855,2016-02-08,0035,020904,,1,3,5,3602,0,1,3,,2,603,"SR-60 W/B (POMONA FWY)","BENSON AVE.",980.00,W,N,A,-,Y,,,60,,,,,,W,Y,1,1,0,4,A,-,11,21954,A,N,G,B,E,A,H,-,C,D,0,Y,,,,Y,,N,60,0,0,0,1,0,0,0,0,0,"- ","- ",34.0304,-117.68409,"SAN BERNARDINO",CHINO,-117.68409019000001,34.030419260000002
90147739,2016,2016-03-30,9855,2016-03-22,0327,017323,,2,3,5,3611,0,1,1,,2,103,"I-10 W/B (SAN BERNARDINO FWY)","MOUNTAIN AVE.",1087.00,E,N,B,-,Y,,,10,,,,,,W,Y,2,0,1,2,A,-,08,22107,,F,G,B,E,A,H,-,C,D,0,Y,,,,Y,,-,99,1,0,0,0,1,0,0,0,0,"- ","- ",34.087530000000001,-117.6662,"SAN BERNARDINO",UPLAND,-117.6661984,34.087416820000001
9015813,2019,2020-02-14,3604,2019-12-13,1544,D171,J22G4,5,5,6,3604,0,0,0,,0,,"RANDALL AV","CYPRESS AV",0.00,,Y,A,-,N,,,,,,,,,,N,3,0,1,2,A,-,10,21950,,N,G,B,B,A,H,-,A,A,0,Y,,,,Y,,D,22,0,1,0,0,1,0,0,0,0,"- ","- ",,,"SAN BERNARDINO",FONTANA,-117.44444274902344,34.084819793701172
9015817,2019,2020-02-14,3604,2019-12-09,0854,D181,128E1,1,5,6,3604,0,0,0,,0,,"OLEANDER AV","SANTA ANNA",0.00,,Y,A,-,N,,,,,,,,,,N,3,0,1,2,D,-,00,,,F,G,B,B,A,H,-,A,A,0,Y,,,,Y,,-,"- ",0,1,0,0,1,0,0,0,0,"- ","- ",,,"SAN BERNARDINO",FONTANA,-117.44870758056641,34.055751800537109
9015825,2019,2020-06-13,3609,2019-12-29,2020,1899,RI078,7,5,5,3609,0,0,0,,0,002,"RIVERSIDE AV","RT 210",0.00,,Y,A,-,Y,SBD,8,210,-,-,18.878,R,4,E,N,4,0,1,2,A,-,10,21950,A,F,G,B,B,A,H,-,C,A,0,Y,,,,Y,,-,99,0,0,1,0,1,0,0,0,0,"- ",EO,34.135200500488281,-117.37020111083984,"SAN BERNARDINO",RIALTO,-117.36717224121094,34.135921478271484
9016201,2019,2020-01-21,3607,2019-02-21,0608,19890,113,4,5,6,3607,0,0,0,,0,032,"D ST","GROVE AV",500.00,E,N,B,-,N,,,,,,,,,,,2,0,1,2,A,-,11,21954,A,N,G,B,D,B,H,-,B,D,0,Y,,,,Y,,N,60,1,0,0,0,1,0,0,0,0,"- ","- ",,,"SAN BERNARDINO",ONTARIO,-117.62688446044922,34.067047119140625
90173952,2016,2016-05-05,9855,2016-04-10,0522,019675,,7,3,5,3611,0,1,1,,2,103,"I-10 E/B (SAN BERNARDINO FWY)","6TH STREET",75.00,E,N,A,-,Y,,,10,,,,,,E,Y,2,0,2,3,A,-,03,22350,,N,D,C,E,A,C,-,D,D,0,Y,,,,Y,,A,01,1,1,0,0,1,0,0,0,0,"- ","- ",34.084820000000001,-117.63598,"SAN BERNARDINO",UPLAND,-117.63599653999999,34.084791010000004
9017521,2020,2020-03-03,3608,2020-01-17,1737,4943,CENTR,5,5,5,3608,0,0,0,,0,,"REDLANDS BL","CLARK ST",0.00,,Y,A,-,N,,,,,,,,,,N,4,0,1,2,A,-,05,21650,1,N,D,G,A,A,H,-,C,A,0,,Y,,,Y,,L,04,0,0,1,0,0,0,1,0,0,"- ","- ",,,"SAN BERNARDINO",REDLANDS,-117.17498779296875,34.054611206054688
90177236,2016,2016-05-11,9865,2016-05-04,1404,016179,,3,2,9,3600,0,3,5,,2,003,"COUNTRY CLUB BLVD.","GREENWAY DR.",350.00,W,N,A,-,N,,,,,,,,,,N,3,0,1,2,A,-,08,22107,,N,G,B,F,A,H,-,A,D,0,Y,,,,Y,,A,01,0,1,0,0,1,0,0,0,0,"- ","- ",34.154200000000003,-116.5048,"SAN BERNARDINO",UNINCORPORATED,-116.84670419,34.261789999999998
90180004,2016,2016-05-16,9850,2016-05-04,2131,020648,,3,2,9,3600,0,1,3,,2,034,SR-18,"JOSHUA ROAD",1584.00,E,N,A,-,Y,,,18,,,,,,,N,3,0,1,2,A,-,14,21201,D,N,H,G,A,A,H,-,D,D,0,,Y,,,Y,,L,04,0,1,0,0,0,0,1,0,0,"- ","- ",34.499809999999997,-117.15385999999999,"SAN BERNARDINO",UNINCORPORATED,-117.15385548,34.499815349999999
9018088,2019,2020-01-18,3604,2019-11-28,1852,1154,,4,5,6,3604,0,0,0,,0,,"BETH PAGE DR","BROADMOOR WY",20.00,S,N,C,-,N,,,,,,,,,,N,3,0,1,2,A,-,03,22350,,N,B,B,D,B,H,-,C,A,0,Y,,,,Y,,D,22,0,1,0,0,1,0,0,0,0,"- ","- ",,,"SAN BERNARDINO",FONTANA,-117.43946838378906,34.141685485839844
9018143,2019,2020-02-11,3604,2019-12-02,1650,1163,,1,5,6,3604,0,0,0,,0,,"BLANCHARD AV","ORANGE WY",150.00,N,N,A,-,N,,,,,,,,,,N,3,0,1,2,A,-,11,21954,A,N,G,B,D,A,H,-,C,D,0,Y,,,,Y,,N,60,0,1,0,0,1,0,0,0,0,"- ","- ",,,"SAN BERNARDINO",FONTANA,-117.42922210693359,34.096309661865234
90181908,2016,2016-05-18,9860,2016-05-09,1330,017919,,1,1,9,3600,0,3,5,,2,002,"STERLING AVE","DATE PL",0.00,,Y,A,-,N,,,,,,,,,,N,3,0,1,2,A,-,10,21950,A,N,G,B,B,A,H,-,A,B,0,Y,,,,Y,,A,07,0,1,0,0,1,0,0,0,0,"- ","- ",34.138449999999999,-117.24375000000001,"SAN BERNARDINO",UNINCORPORATED,-117.2436701,34.138460100000003
9018465,2019,2020-02-18,3600,2019-12-16,1842,G7729,LOMA,1,5,3,3615,0,0,0,,0,"BEAT 2","PECAN WY","CYPRESS ST",0.00,,-,A,-,N,,,,,,,,,,N,4,0,1,2,A,-,21,22106,,N,C,B,F,A,H,-,C,D,0,Y,,,,Y,,-,,0,0,1,0,1,0,0,0,0,"- ","- ",34.040901184082031,-117.25420379638672,"SAN BERNARDINO","LOMA LINDA",-117.25405120849609,34.040920257568359
9018514,2019,2020-01-22,3604,2019-11-10,1740,1214,,7,5,6,3604,0,0,0,,0,,"ARROW BL","CYPRESS AV",0.00,,Y,A,-,N,,,,,,,,,,N,3,0,1,2,A,-,09,21802,A,N,D,G,A,A,H,-,C,D,0,,Y,,,Y,,L,04,0,1,0,0,0,0,1,0,0,"- ","- ",,,"SAN BERNARDINO",FONTANA,-117.44448852539062,34.099330902099609
90187060,2016,2016-05-25,9855,2016-05-16,1439,016051,,1,2,9,3600,0,3,5,,2,004,"5611 MISSION BOULEVARD","BENSON AVENUE",378.00,W,N,A,-,N,,,,,,,,,,N,4,0,1,2,A,-,05,21650,,N,D,G,A,A,H,-,A,D,0,,Y,,,Y,,L,04,0,0,1,0,0,0,1,0,0,"- ","- ",34.055770000000003,-117.68218,"SAN BERNARDINO",UNINCORPORATED,-117.68204473,34.056040000000003
9018957,2019,2020-02-05,3604,2019-12-22,1722,1214,,7,5,6,3604,0,0,0,,0,,"SIERRA AV","BASELINE AV",0.00,,Y,A,-,N,,,,,,,,,,N,3,0,1,2,A,-,10,21950,A,N,G,B,B,A,H,-,C,A,0,Y,,,,Y,,A,01,0,1,0,0,1,0,0,0,0,"- ","- ",,,"SAN BERNARDINO",FONTANA,-117.43614196777344,34.1214599609375
90189693,2016,2016-05-31,9835,2016-04-29,2031,021186,,5,2,3,3601,0,1,1,,2,071,"I-15 S/B","EAST MAIN STREET O/C",301.00,S,N,A,-,Y,,,15,,,,,,S,Y,1,1,0,2,A,-,11,21954,A,N,G,B,D,A,H,-,D,D,0,Y,,,,Y,,N,60,0,0,0,1,0,0,0,0,0,"- ","- ",34.891269999999999,-117.00136999999999,"SAN BERNARDINO",BARSTOW,-117.00141549999999,34.891330310000001
90191225,2016,2016-05-31,9835,2016-05-20,1425,021001,,5,2,3,3601,0,1,A,,2,777,"I-15 S/B","AGRICULTURAL INSPECTION STATION",0.00,,Y,A,-,Y,,,,,,,,,,N,4,0,1,2,A,-,21,22106,,N,G,B,E,A,H,-,A,A,0,Y,,,,Y,,A,01,0,0,1,0,1,0,0,0,0,"- ","- ",34.914059999999999,-116.79254,"SAN BERNARDINO",BARSTOW,,
9020252,2019,2020-01-08,3600,2019-11-13,1551,F6295,HI014,3,5,4,3618,0,0,0,,0,HI2,"5TH ST","PALM AV",1090.00,W,N,A,-,N,,,,,,,,,,N,3,0,2,3,A,-,07,21658,A,N,C,B,E,A,H,-,A,D,0,Y,,,,Y,,-,,0,1,1,0,1,0,0,0,0,"- ","- ",34.108119964599609,-117.21235656738281,"SAN BERNARDINO",HIGHLAND,-117.21237945556641,34.108097076416016
90203250,2016,2016-06-16,9855,2016-04-10,0345,020231,,7,3,6,3604,0,1,1,,2,201,"SR-210 E/B TO CHERRY AVENUE","CHERRY AVENUE",500.00,W,N,B,-,Y,,,210,,,,R,,E,Y,1,1,0,3,A,-,08,22107,,F,B,E,E,A,H,-,C,D,0,Y,,,,Y,,-,99,0,0,0,1,0,0,0,0,0,"- ","- ",34.136189999999999,-117.49297,"SAN BERNARDINO",FONTANA,-117.49297,34.136189999999999
9020510,2019,2020-02-27,3610,2019-10-19,1840,51141,,6,5,6,3610,0,0,0,,0,POLICE,"NORTH WATERMAN AV","TEMPLE ST",34.00,N,N,A,-,N,,,,,,,,,,N,3,0,1,2,A,-,11,21956,,N,G,B,D,A,H,-,C,D,0,Y,,,,Y,,N,60,0,1,0,0,1,0,0,0,0,"- ","- ",34.116741180419922,-117.27880096435547,"SAN BERNARDINO","SAN BERNARDINO",-117.27879333496094,34.116802215576172
90206880,2016,2016-06-22,9860,2016-06-13,1320,017919,,1,1,5,3608,0,3,5,,2,003,"LUGONIA AVE","ALABAMA ST",225.00,E,N,A,-,N,,,,,,,,,,N,3,0,1,2,A,-,09,21802,A,N,H,G,A,A,H,-,A,A,0,,Y,,,Y,,A,01,0,1,0,0,0,0,1,0,0,"- ","- ",34.070419999999999,-117.20786,"SAN BERNARDINO",REDLANDS,-117.20802951,34.070300000000003