CASE_ID,ACCIDENT_YEAR,PROC_DATE,JURIS,COLLISION_DATE,COLLISION_TIME,OFFICER_ID,REPORTING_DISTRICT,DAY_OF_WEEK,CHP_SHIFT,POPULATION,CNTY_CITY_LOC,SPECIAL_COND,BEAT_TYPE,CHP_BEAT_TYPE,CITY_DIVISION_LAPD,CHP_BEAT_CLASS,BEAT_NUMBER,PRIMARY_RD,SECONDARY_RD,DISTANCE,DIRECTION,INTERSECTION,WEATHER_1,WEATHER_2,STATE_HWY_IND,CALTRANS_COUNTY,CALTRANS_DISTRICT,STATE_ROUTE,ROUTE_SUFFIX,POSTMILE_PREFIX,POSTMILE,LOCATION_TYPE,RAMP_INTERSECTION,SIDE_OF_HWY,TOW_AWAY,COLLISION_SEVERITY,NUMBER_KILLED,NUMBER_INJURED,PARTY_COUNT,PRIMARY_COLL_FACTOR,PCF_CODE_OF_VIOL,PCF_VIOL_CATEGORY,PCF_VIOLATION,PCF_VIOL_SUBSECTION,HIT_AND_RUN,TYPE_OF_COLLISION,MVIW,PED_ACTION,ROAD_SURFACE,ROAD_COND_1,ROAD_COND_2,LIGHTING,CONTROL_DEVICE,CHP_ROAD_TYPE,PEDESTRIAN_ACCIDENT,BICYCLE_ACCIDENT,MOTORCYCLE_ACCIDENT,TRUCK_ACCIDENT,NOT_PRIVATE_PROPERTY,ALCOHOL_INVOLVED,STWD_VEHTYPE_AT_FAULT,CHP_VEHTYPE_AT_FAULT,COUNT_SEVERE_INJ,COUNT_VISIBLE_INJ,COUNT_COMPLAINT_PAIN,COUNT_PED_KILLED,COUNT_PED_INJURED,COUNT_BICYCLIST_KILLED,COUNT_BICYCLIST_INJURED,COUNT_MC_KILLED,COUNT_MC_INJURED,PRIMARY_RAMP,SECONDARY_RAMP,LATITUDE,LONGITUDE,COUNTY,CITY,POINT_X,POINT_Y
90534599,2017,2017-08-28,9865,2017-08-16,0325,020872,,3,3,9,3600,0,3,5,,2,003,"MOUNT DOBLE DRIVE","ARBOR LANE",295.00,N,N,A,-,N,,,,,,,,,,N,3,0,1,2,A,-,11,21954,A,F,G,B,D,A,H,-,D,D,0,Y,,,,Y,,N,60,0,1,0,0,1,0,0,0,0,"- ","- ",34.26829,-116.84408000000001,"SAN BERNARDINO",UNINCORPORATED,-116.84407032,34.268247529999996
90534962,2017,2017-08-28,9860,2017-07-08,1428,017018,,6,2,5,3608,0,1,1,,2,105,"INTERSTATE 10 WESTBOUND","NEW YORK STREET",34.00,W,N,A,-,Y,,,10,,,,,,W,Y,1,1,0,3,A,-,08,22107,,N,C,E,E,A,H,-,A,D,0,Y,,,Y,Y,,F,55,0,0,0,1,0,0,0,0,0,"- ","- ",34.063189999999999,-117.19591,"SAN BERNARDINO",REDLANDS,-117.19597929,34.063069839999997
90538482,2017,2017-09-01,9860,2017-08-27,0245,020596,,7,3,3,3615,0,1,1,,2,104,"I-10 E/B","TIPPECANOE AVE",275.00,E,N,A,-,Y,,,10,,,,,,E,Y,4,0,1,3,C,-,18,,,N,D,C,E,A,H,-,D,D,0,Y,,,,Y,Y,-,"- ",0,0,1,0,1,0,0,0,0,"- ","- ",34.064660000000003,-117.26007,"SAN BERNARDINO","LOMA LINDA",-117.26005675,34.064591270000001
90549381,2017,2017-09-18,9865,2017-09-09,1700,019929,,6,2,9,3600,0,1,3,,1,034,SR-18,"PARADISE WAY",3168.00,N,N,A,-,Y,,,18,,,,,,,N,4,0,1,2,A,-,00,21760,B,F,H,G,A,A,H,-,A,D,0,,Y,,,Y,,D,22,0,0,1,0,0,0,1,0,0,"- ","- ",34.273449999999997,-116.8301,"SAN BERNARDINO",UNINCORPORATED,-116.83010192,34.273435450000001
90549439,2017,2017-09-18,9860,2017-09-10,1800,020596,,7,2,5,3609,0,1,1,,2,201,"SR-210 E/B","PEPPER AVE",440.00,W,N,A,-,Y,,,210,,,,,,E,Y,3,0,4,4,A,-,08,22107,,N,E,I,E,A,H,-,A,D,0,Y,,,,Y,,A,01,0,3,1,0,1,0,0,0,0,"- ","- ",34.134680000000003,-117.35504,"SAN BERNARDINO",RIALTO,-117.35506786000001,34.13455149
9055090,2020,2020-03-02,3600,2020-01-19,2034,D3384,YC303,7,5,4,3640,0,0,0,,0,YC2,"YUCAIPA BL","BRYANT ST",0.00,,Y,A,-,N,,,,,,,,,,N,4,0,2,3,A,-,10,21950,A,N,G,B,B,A,H,-,C,A,0,Y,,,,Y,,D,22,0,0,2,0,2,0,0,0,0,"- ","- ",,,"SAN BERNARDINO",YUCAIPA,-117.03447723388672,34.033859252929688
9055216,2020,2020-03-04,3602,2020-01-17,1632,3618,10,5,5,5,3602,0,0,0,,0,002,"BENSON AV","FRANCIS AV",0.00,,Y,A,-,N,,,,,,,,,,N,3,0,1,2,A,-,10,21950,,N,D,B,D,A,H,-,A,A,0,Y,,,,Y,,A,01,0,1,0,0,1,0,0,0,0,"- ","- ",,,"SAN BERNARDINO",CHINO,-117.68084716796875,34.040889739990234
90553055,2017,2017-09-21,9865,2017-09-18,1538,015271,,1,2,9,3600,0,3,5,,2,001,"RHINE RD","BERNINA DR",163.00,N,N,A,-,N,,,,,,,,,,N,3,0,1,2,A,-,11,21954,A,N,G,B,D,A,H,-,A,D,0,Y,,,,Y,,N,60,0,1,0,0,1,0,0,0,0,"- ","- ",34.262880000000003,-117.21144,"SAN BERNARDINO",UNINCORPORATED,-117.21141772,34.26281522
90554888,2017,2017-09-25,9855,2017-09-15,2347,020081,,5,3,9,3600,0,3,5,,2,001,"ARROW ROUTE (13000 BLOCK)","CALABASH AVE.",30.00,E,N,A,-,Y,,,,,,,,,,N,4,0,1,2,A,-,11,21954,A,F,G,B,D,A,H,-,D,D,0,Y,,,,Y,Y,N,60,0,0,1,0,1,0,0,0,0,"- ","- ",34.099200000000003,-117.50183,"SAN BERNARDINO",UNINCORPORATED,-117.50179119000001,34.099200680000003
90566106,2017,2017-11-27,9860,2017-08-20,1959,020596,,7,2,9,3600,0,3,5,,2,003,"WATERMAN AVENUE","5TH STREET",103.00,S,N,A,-,N,,,,,,,,,,N,1,1,0,2,A,-,11,21954,A,F,G,B,D,A,H,-,B,A,0,Y,,,,Y,,N,60,0,0,0,1,0,0,0,0,0,"- ","- ",34.107959999999999,-117.27871,"SAN BERNARDINO",UNINCORPORATED,-117.27876999999999,34.108047829999997
9057431,2020,2020-07-29,3611,2020-01-27,1807,2297,3611,1,5,5,3611,0,0,0,,0,002,"FOOTHILL BL","BENSON AV",570.00,W,N,A,-,N,,,,,,,,,,N,3,0,1,2,A,-,09,21804,A,M,G,B,E,A,H,-,C,D,0,Y,,,,Y,,D,22,0,1,0,0,1,0,0,0,0,"- ","- ",,,"SAN BERNARDINO",UPLAND,-117.68272399902344,34.106864929199219
90575429,2017,2017-10-23,9860,2017-10-14,2047,021138,,6,2,4,3640,0,1,1,,2,106,"I-10 E/B TO LIVE OAK CANYON RD","LIVE OAK CANYON RD",40.00,W,N,A,-,Y,,,10,,,,R,,E,Y,3,0,1,2,C,-,18,,,N,G,J,E,A,H,-,C,D,0,Y,,,,Y,,-,"- ",0,1,0,0,1,0,0,0,0,"- ","- ",34.016550000000002,-117.09772,"SAN BERNARDINO",YUCAIPA,-117.09772,34.016550000000002
90577331,2017,2017-10-24,9850,2017-10-09,2241,021516,,1,3,9,3600,0,1,3,,2,060,SR-138,"MOUNTAIN RD.",2376.00,W,N,A,-,Y,,,138,,,,,,,N,1,1,0,2,A,-,11,21954,A,N,G,B,E,A,H,-,D,D,0,Y,,,,Y,,N,60,0,0,0,1,0,0,0,0,0,"- ","- ",34.447409999999998,-117.65331999999999,"SAN BERNARDINO",UNINCORPORATED,-117.65329450999999,34.447448770000001
9058085,2020,2020-08-27,3604,2020-01-10,0125,1154,,5,5,6,3604,0,0,0,,0,,"FONTLEE LN","SIERRA AV",10.00,W,N,A,-,N,,,,,,,,,,N,3,0,1,1,D,-,00,,,N,E,J,A,A,C,D,C,A,0,,Y,,,Y,,-,"- ",0,1,0,0,0,0,1,0,0,"- ","- ",,,"SAN BERNARDINO",FONTANA,-117.43572998046875,34.083480834960938
90581516,2017,2017-11-17,9870,2017-10-17,2105,021650,,2,2,9,3600,0,1,3,,1,031,"STATE ROUTE 62 (29 PALMS HIGHWAY)","PARK BLVD",170.00,W,N,A,-,Y,,,62,,,,,,,N,3,0,1,2,A,-,11,21954,A,N,G,B,D,A,H,-,D,D,0,Y,,,,Y,,N,60,0,1,0,0,1,0,0,0,0,"- ","- ",34.13505,-116.31586,"SAN BERNARDINO",UNINCORPORATED,-116.31585991,34.134972449999999
90585713,2017,2017-11-02,9855,2017-10-26,1031,015919,,4,1,9,3600,0,2,4,,1,012,"VALLEY BLVD.","HEMLOCK AVE.",0.00,,Y,A,-,N,,,,,,,,,,N,3,0,1,2,A,-,12,21453,A,N,D,G,A,A,H,-,A,D,0,,Y,,,Y,,L,04,0,1,0,0,0,0,1,0,0,"- ","- ",34.070399999999999,-117.47557999999999,"SAN BERNARDINO",UNINCORPORATED,-117.47560007,34.070220110000001
9059747,2020,2020-03-26,3600,2020-01-09,1503,E3818,RC010,4,5,6,3616,0,0,0,,0,RC3,"DAY CREEK BL","SPLIT REIN DR",0.00,,Y,A,B,N,,,,,,,,,,N,3,0,1,2,A,-,11,21954,A,N,G,B,B,A,H,-,A,D,0,Y,,,,Y,,N,60,0,1,0,0,1,0,0,0,0,"- ","- ",,,"SAN BERNARDINO","RANCHO CUCAMONGA",-117.53675842285156,34.148639678955078
9059853,2020,2020-03-04,3600,2020-01-11,1350,F7817,YC404,6,5,4,3640,0,0,0,,0,YC3,"OAK GLEN RD","AVENUE E",501.00,N,N,A,-,N,,,,,,,,,,N,3,0,1,2,A,-,03,22350,,N,C,G,A,A,H,-,A,D,0,,Y,,,Y,,L,04,0,1,0,0,0,0,1,0,0,"- ","- ",,,"SAN BERNARDINO",YUCAIPA,-117.08065795898438,34.026424407958984
90602700,2017,2017-11-27,9865,2017-11-24,1130,019318,,5,1,9,3600,0,3,5,,2,001,"PENINSULA DR","OLD TOLL RD",0.00,,Y,A,-,N,,,,,,,,,,Y,3,0,1,3,A,-,03,22350,,N,C,C,E,A,H,-,A,D,0,Y,,,,Y,,D,22,0,1,0,0,1,0,0,0,0,"- ","- ",34.261299999999999,-117.20887,"SAN BERNARDINO",UNINCORPORATED,-117.20895001,34.261250089999997
9060781,2020,2020-06-23,3605,2020-02-10,1623,418,,1,5,4,3605,0,0,0,,0,,"CENTRAL AV","RICHTON ST",148.00,N,N,A,-,N,,,,,,,,,,N,4,0,1,1,A,-,08,22107,,N,E,I,A,A,H,-,A,A,0,,Y,,,Y,,L,04,0,0,1,0,0,0,1,0,0,"- ","- ",,,"SAN BERNARDINO",MONTCLAIR,-117.68971252441406,34.095615386962891
9061652,2020,2020-05-19,3608,2020-02-20,0740,4027,,4,5,5,3608,0,0,0,,0,,"JUDSON ST","MONA AV",0.00,,Y,A,-,N,,,,,,,,,,N,2,0,1,2,A,-,08,22107,,N,D,G,A,A,H,-,A,D,0,,Y,,,Y,,L,04,1,0,0,0,0,0,1,0,0,"- ","- ",,,"SAN BERNARDINO",REDLANDS,-117.15634918212891,34.071388244628906
9061656,2020,2020-05-19,3608,2020-02-18,0540,4464,,2,5,5,3608,0,0,0,,0,,"FERN AV","CAJON ST",5.00,N,N,A,-,N,,,,,,,,,,N,2,0,1,2,A,-,10,21950,A,N,G,B,B,A,H,-,C,A,0,Y,,,,Y,,A,01,1,0,0,0,1,0,0,0,0,"- ","- ",,,"SAN BERNARDINO",REDLANDS,-117.17888641357422,34.050388336181641
90618705,2017,2017-12-18,9860,2017-12-08,1558,020654,,5,2,9,3600,0,3,5,,2,004,"LINDEN AVE","MONTROSE ST",32.00,S,N,A,-,N,,,,,,,,,,N,2,0,1,2,A,-,11,21954,A,F,G,B,D,A,H,-,A,D,0,Y,,,,Y,,N,60,1,0,0,0,1,0,0,0,0,"- ","- ",34.083359999999999,-117.40083,"SAN BERNARDINO",UNINCORPORATED,-117.40082958000001,34.083372320000002
90622456,2017,2017-12-21,9835,2017-01-01,0447,020883,,7,3,9,3600,0,1,1,,2,076,"I-15 N/B","CIMA RD",24816.00,N,N,E,-,Y,,,15,,,,,,N,Y,1,2,5,3,A,-,03,22350,,N,G,B,E,B,H,-,D,D,0,Y,,,,Y,,A,01,3,0,2,1,0,0,0,0,0,"- ","- ",35.469499999999996,-115.60142999999999,"SAN BERNARDINO",UNINCORPORATED,-115.60143841999999,35.469524149999998
90628525,2017,2017-12-28,9855,2017-12-11,1539,018727,,1,2,6,3604,0,1,1,,2,101,"I-10 E/B FROM CITRUS AVE.","CITRUS AVE.",14.00,E,N,A,-,Y,,,,,,,,,,N,3,0,1,2,A,-,17,21451,A,N,D,G,A,A,H,-,A,A,0,,Y,,,Y,,A,01,0,1,0,0,0,0,1,0,0,"- ","- ",34.039850000000001,-117.27204999999999,"SAN BERNARDINO",FONTANA,-117.4536939,34.066850000000002
90629213,2017,2017-12-28,9860,2017-12-21,0150,019269,,4,3,6,3610,0,1,3,,2,259,"SR-259 N/B","BASELINE ST",684.00,N,N,A,-,Y,,,,,,,,,,N,2,0,1,2,A,-,11,21954,A,N,G,B,D,A,H,-,C,D,0,Y,,,,Y,,N,60,1,0,0,0,1,0,0,0,0,"- ","- ",34.341230000000003,-117.30208,"SAN BERNARDINO","SAN BERNARDINO",-117.30275833,34.123203830000001
90635797,2018,2018-01-09,9870,2018-01-05,1635,021924,,5,2,9,3600,0,3,5,,2,003,"PARK BOULEVARD",SR-62,96.00,N,N,A,-,N,,,,,,,,,,Y,3,0,1,2,A,-,01,23152,A,F,G,B,F,A,H,-,A,D,0,Y,,,,Y,Y,D,22,0,1,0,0,1,0,0,0,0,"- ","- ",34.135391235351562,-116.31533050537109,"SAN BERNARDINO",UNINCORPORATED,-116.57861328125,34.048881530761719
9064365,2020,2020-03-19,3610,2020-02-07,1821,51248,,5,5,6,3610,0,0,0,,0,,"EAST HIGHLAND AV","N WINDSOR DR",90.00,W,N,A,-,N,,,,,,,,,,N,4,0,1,2,A,-,00,21955,I,N,G,B,D,A,H,-,C,D,0,Y,,,,Y,,N,60,0,0,1,0,1,0,0,0,0,"- ","- ",34.135898590087891,-117.27249145507812,"SAN BERNARDINO","SAN BERNARDINO",-117.26929473876953,34.135898590087891
90646233,2017,2018-01-24,9855,2017-12-25,2250,020161,,1,3,9,3600,0,3,5,,2,001,"WHITTRAM AVE.","CHERRY AVE.",475.00,E,N,A,-,Y,,,,,,,,,,N,4,0,1,3,A,-,08,22107,,F,G,B,E,A,H,-,D,D,0,Y,,,,Y,,A,01,0,0,1,0,1,0,0,0,0,"- ","- ",34.095799999999997,-117.4871,"SAN BERNARDINO",UNINCORPORATED,-117.48727578,34.095716459999998
90647590,2018,2018-01-25,9860,2018-01-16,1745,019269,,2,2,9,3600,0,3,5,,2,003,"ANSLEY LANE","NICE AVENUE",121.00,N,N,A,-,N,,,,,,,,,,N,2,0,2,2,A,-,11,21954,A,N,F,A,D,A,H,-,B,D,0,Y,,Y,,Y,,N,60,1,1,0,0,1,0,0,0,1,"- ","- ",34.066600799560547,-117.11608123779297,"SAN BERNARDINO",UNINCORPORATED,-117.11606597900391,34.066532135009766
90650031,2018,2018-01-29,9855,2018-01-09,1556,018727,,2,2,9,3600,0,3,5,,2,001,"CHERRY AVE.","VALLEY BLVD.",25.00,N,N,B,C,N,,,,,,,,,,N,2,0,1,2,A,-,09,21804,A,N,D,G,A,B,F,-,A,A,0,,Y,,,Y,,L,04,1,0,0,0,0,0,1,0,0,"- ","- ",34.042228698730469,-117.29324340820312,"SAN BERNARDINO",UNINCORPORATED,-117.48885345458984,34.070266723632812
90652572,2018,2018-01-31,9860,2018-01-17,0815,016651,,3,1,9,3600,0,3,5,,2,003,"TURQUOISE AVE","CAPRI AVE",0.00,,Y,A,-,N,,,,,,,,,,Y,3,0,5,5,A,-,12,22450,A,F,D,C,F,A,H,-,A,A,0,Y,,,,Y,,A,01,0,5,0,0,3,0,0,0,0,"- ","- ",34.074951171875,-117.13240814208984,"SAN BERNARDINO",UNINCORPORATED,-117.13237762451172,34.074901580810547
90663728,2018,2018-02-19,9860,2018-02-10,1110,019674,,6,1,9,3600,0,2,4,,1,410,"VALLEY BLVD","LARCH AVE",310.00,E,N,A,-,N,,,,,,,,,,N,4,0,1,2,A,-,10,21952,,N,G,B,F,A,H,-,A,A,0,Y,,,,Y,,A,07,0,0,1,0,1,0,0,0,0,"- ","- ",34.070358276367188,-117.39096069335938,"SAN BERNARDINO",UNINCORPORATED,-117.39106750488281,34.070491790771484
90668861,2018,2018-02-26,9860,2018-02-17,1819,020626,,6,2,9,3600,0,3,5,,2,002,"TIPPECANOE AVE","BASELINE ST",450.00,N,N,A,-,N,,,,,,,,,,N,3,0,1,2,A,-,11,21954,A,N,G,B,D,A,H,-,D,D,0,Y,,,,Y,,N,60,0,1,0,0,1,0,0,0,0,"- ","- ",34.122638702392578,-117.26183319091797,"SAN BERNARDINO",UNINCORPORATED,-117.2618408203125,34.122550964355469
90668915,2018,2018-02-26,9865,2018-02-22,1030,019929,,4,1,9,3600,0,1,3,,2,011,SR-18,SR-173,147.00,S,N,D,-,Y,,,18,,,,,,,Y,3,0,1,3,A,-,08,22107,,N,C,E,E,C,H,-,A,D,0,Y,,,,Y,,A,01,0,1,0,0,1,0,0,0,0,"- ","- ",34.233760833740234,-117.19708251953125,"SAN BERNARDINO",UNINCORPORATED,-117.19700622558594,34.233665466308594
90673333,2018,2018-03-01,9860,2018-03-01,0925,016590,,4,1,9,3600,0,2,4,,1,410,"VALLEY BLVD. (18200 BLOCK)","LOCUST AVE.",1230.00,E,N,A,-,N,,,,,,,,,,N,4,0,1,2,A,-,11,21955,,N,G,B,D,A,H,-,A,D,0,Y,,,,Y,,N,60,0,0,1,0,1,0,0,0,0,"- ","- ",34.07012939453125,-117.40560150146484,"SAN BERNARDINO",UNINCORPORATED,-117.40547180175781,34.070465087890625
90679379,2018,2018-03-12,9860,2018-02-16,2135,020387,,5,2,9,3600,0,3,5,,2,002,"PORTER ST.","STATE ST.",250.00,W,N,A,-,N,,,,,,,,,,N,4,0,1,2,C,-,18,,,N,G,B,E,A,H,-,D,D,0,Y,,,,Y,,-,"- ",0,0,1,0,1,0,0,0,0,"- ","- ",34.141441345214844,-117.33634185791016,"SAN BERNARDINO",UNINCORPORATED,-117.33629608154297,34.141464233398438
9069276,2020,2020-09-22,3608,2020-03-28,0700,4027,,6,5,5,3608,0,0,0,,0,,"HERALD ST","EAST LUGONIA AV",2.00,S,N,A,-,Y,SBD,8,38,-,-,0.957,I,6,E,N,3,0,1,2,A,-,05,21650,,N,D,G,A,A,H,-,A,D,0,,Y,,,Y,,L,04,0,1,0,0,0,0,1,0,0,"- ","- ",,,"SAN BERNARDINO",REDLANDS,-117.17575836181641,34.070045471191406
9070302,2019,2020-03-19,3600,2019-11-06,1441,A9947,RC037,3,5,6,3616,0,0,0,,0,RC4,"ARROW RTE","HELMS AV",0.00,,Y,A,-,N,,,,,,,,,,N,3,0,1,2,A,-,05,21650,1,N,H,G,A,A,H,-,A,A,0,,Y,,,Y,,L,04,0,1,0,0,0,0,1,0,0,"- ","- ",,,"SAN BERNARDINO","RANCHO CUCAMONGA",-117.59999084472656,34.099319458007812
90706488,2018,2018-09-06,9860,2018-04-07,0807,020654,,6,1,9,3600,0,1,1,,2,102,"INTERSTATE 10 WESTBOUND","CEDAR AVENUE",1660.00,E,N,A,-,Y,,,10,,,,,,W,Y,3,0,2,4,A,-,08,22107,,N,E,I,E,A,H,-,A,D,0,Y,,,,Y,,A,01,0,1,1,0,1,0,0,0,0,"- ","- ",34.068588256835938,-117.39154815673828,"SAN BERNARDINO",UNINCORPORATED,-117.39155578613281,34.068489074707031
90707898,2018,2018-04-18,9860,2018-04-06,0145,021587,,5,3,6,3610,0,1,3,,2,259,"SR-259 N/B TO E ST","E ST",1131.00,S,N,A,-,Y,,,259,,,,R,,N,N,3,0,1,2,A,-,08,22107,,F,G,B,E,A,H,-,C,D,0,Y,,,,Y,,A,01,0,1,0,0,1,0,0,0,0,"- ","- ",34.144828796386719,-117.29799652099609,"SAN BERNARDINO","SAN BERNARDINO",-117.29799652099609,34.144828796386719
9071202,2020,2020-07-08,3608,2020-05-22,0836,3675,,5,5,5,3608,0,0,0,,0,,"TENNESSEE ST","COLTON AV",0.00,,Y,A,-,N,,,,,,,,,,N,4,0,1,2,A,-,05,21651,B,N,D,G,A,A,H,-,A,A,0,,Y,,,Y,,L,04,0,0,1,0,0,0,1,0,0,"- ","- ",,,"SAN BERNARDINO",REDLANDS,-117.20014190673828,34.062870025634766
90715229,2018,2018-04-27,9860,2018-04-15,0825,014777,,7,1,9,3600,0,2,4,,1,131,"LYTLE CREEK ROAD","GLEN HELEN PARKWAY",14784.00,N,N,B,-,N,,,,,,,,,,N,4,0,1,2,A,-,08,22107,,F,H,G,A,A,H,-,A,D,0,,Y,,,Y,,A,01,0,0,1,0,0,0,1,0,0,"- ","- ",34.218498229980469,-117.46186065673828,"SAN BERNARDINO",UNINCORPORATED,-117.46354675292969,34.219886779785156
90715794,2018,2018-04-30,9860,2018-01-15,0256,020626,,1,3,4,3603,0,1,1,,2,214,"INTERSTATE 215 SOUTHBOUND","WASHINGTON STREET",56.00,S,N,A,-,Y,,,215,,,,,,S,Y,1,1,0,2,A,-,11,21954,A,N,G,B,E,A,H,-,D,D,0,Y,,,,Y,Y,N,60,0,0,0,1,0,0,0,0,0,"- ","- ",34.047470092773438,-117.30782318115234,"SAN BERNARDINO",COLTON,-117.30786895751953,34.047534942626953
90715954,2018,2018-04-30,9860,2018-04-27,1605,017018,,5,2,5,3609,0,1,1,,2,201,"SR-210 WESTBOUND FROM RIVERSIDE AVENUE","RIVERSIDE AVENUE",8.00,W,N,A,-,Y,,,210,,,,R,,W,N,2,0,1,2,A,-,11,21456,A,N,G,B,B,A,H,-,A,A,0,Y,,,,Y,,N,60,1,0,0,0,1,0,0,0,0,"- ","- ",34.136390686035156,-117.37068176269531,"SAN BERNARDINO",RIALTO,-117.37068176269531,34.136390686035156
90716941,2018,2018-05-01,9860,2018-04-17,2020,020346,,2,2,5,3609,0,3,5,,2,004,"W. MIRAMONT ST","LARCH AVE",10.00,W,N,A,-,N,,,,,,,,,,N,3,0,1,2,A,-,10,21950,A,F,G,B,D,A,H,-,D,A,0,Y,,,,Y,,A,01,0,1,0,0,1,0,0,0,0,"- ","- ",34.079010009765625,-117.39211273193359,"SAN BERNARDINO",RIALTO,-117.39214324951172,34.07904052734375
9072164,2020,2020-05-15,3602,2020-02-19,1815,3172,,3,5,5,3602,0,0,0,,0,005,"OAKS AV","EDISON AV",0.00,,Y,A,-,N,,,,,,,,,,N,4,0,1,2,A,-,17,21451,A,N,G,G,A,A,H,-,B,A,0,,Y,,,Y,,A,07,0,0,1,0,0,0,1,0,0,"- ","- ",,,"SAN BERNARDINO",CHINO,-117.67601776123047,33.997371673583984
9072178,2020,2020-05-15,3602,2020-02-29,0901,4009,,6,5,5,3602,0,0,0,,0,003,"PIPELINE AV","GRAND AV",0.00,,Y,A,-,N,,,,,,,,,,N,4,0,1,2,A,-,05,21650,1,N,D,G,A,A,H,-,A,A,0,,Y,,,Y,,L,04,0,0,1,0,0,0,1,0,0,"- ","- ",,,"SAN BERNARDINO",CHINO,-117.71524810791016,33.997219085693359
9072481,2020,2020-06-11,3600,2020-02-21,1901,F7805,HI002,5,5,4,3618,0,0,0,,0,002,"9TH ST","PALM AV",0.00,,-,A,-,N,,,,,,,,,,N,4,0,1,2,A,-,12,22450,A,F,G,B,C,A,H,-,C,D,0,Y,,,,Y,Y,-,,0,0,1,0,1,0,0,0,0,"- ","- ",34.15570068359375,-117.20899963378906,"SAN BERNARDINO",HIGHLAND,-117.20877075195312,34.115619659423828
90725229,2018,2018-05-14,9860,2018-05-08,1625,018275,,2,2,9,3600,0,3,5,,2,002,"DWIGHT WAY","ELMO DR",100.00,N,N,A,-,N,,,,,,,,,,N,3,0,1,2,A,-,09,21804,A,N,D,C,A,A,H,-,A,D,0,,Y,,,Y,,L,04,0,1,0,0,0,0,1,0,0,"- ","- ",34.122261047363281,-117.25602722167969,"SAN BERNARDINO",UNINCORPORATED,-117.25595855712891,34.122394561767578
90729256,2018,2019-05-03,9855,2018-05-17,1255,016983,,4,1,9,3600,0,3,5,,2,004,"EAST END AVENUE","FRANCIS AVENUE",0.00,,Y,A,-,N,,,,,,,,,,N,1,1,0,2,A,-,12,22450,A,N,D,G,A,A,H,-,A,A,0,,Y,,,Y,,L,04,0,0,0,0,0,1,0,0,0,"- ","- ",34.040561676025391,-117.72412872314453,"SAN BERNARDINO",UNINCORPORATED,-117.72437286376953,34.040618896484375
9073538,2020,2020-08-10,3605,2020-05-03,1643,382,,7,5,4,3605,0,0,0,,0,,"AMHERST AV","KINGSLEY ST",0.00,,Y,A,-,N,,,,,,,,,,N,3,0,1,2,A,-,09,21802,A,N,D,G,A,A,H,-,A,A,0,,Y,,,Y,,A,01,0,1,0,0,0,0,1,0,0,"- ","- ",,,"SAN BERNARDINO",MONTCLAIR,-117.71190643310547,34.066810607910156
90743601,2018,2018-06-07,9835,2018-03-01,1805,21981,,4,2,9,3600,0,3,5,,2,032,"BIRCH ROAD","AGATE RD",382.00,S,N,A,-,N,,,,,,,,,,N,1,1,0,2,A,-,11,21954,A,N,G,B,E,A,H,-,C,D,0,Y,,,,Y,,N,60,0,0,0,1,0,0,0,0,0,"- ","- ",34.890899658203125,-117.10672760009766,"SAN BERNARDINO",UNINCORPORATED,-117.10675811767578,34.891563415527344
9074390,2020,2020-07-06,3602,2020-03-08,0955,3251,,7,5,5,3602,0,0,0,,0,001,"PHILADELPHIA ST","BRIDGER AV",0.00,,Y,A,-,N,,,,,,,,,,N,3,0,1,2,A,-,05,21650,,N,D,G,A,A,H,-,A,D,0,,Y,,,Y,,L,04,0,1,0,0,0,0,1,0,0,"- ","- ",,,"SAN BERNARDINO",CHINO,-117.69158172607422,34.033519744873047
90754394,2018,2018-06-25,9860,2018-06-15,1950,021169,,5,2,9,3600,0,3,5,,2,002,"5TH STREET (24700 BLOCK)","PEDLEY RD",225.00,E,N,A,-,N,,,,,,,,,,N,4,0,1,2,A,-,10,21952,,N,G,B,E,A,H,-,A,D,0,Y,,,,Y,,A,01,0,0,1,0,1,0,0,0,0,"- ","- ",34.108261108398438,-117.26602172851562,"SAN BERNARDINO",UNINCORPORATED,-117.26608276367188,34.108333587646484
90762259,2018,2018-07-03,9855,2018-06-29,1620,020151,,5,2,5,3630,0,1,3,,2,071,"SR-71 S/B","CHINO HILLS PKWY.",250.00,N,N,A,-,Y,,,71,,,,,,S,N,4,0,1,3,A,-,08,22107,,F,B,C,F,A,H,-,A,D,0,Y,,,Y,Y,,-,99,0,0,1,0,1,0,0,0,0,"- ","- ",33.986518859863281,-117.71278381347656,"SAN BERNARDINO","CHINO HILLS",-117.71277618408203,33.986526489257812
9076408,2020,2020-05-19,3604,2020-02-21,1925,1286,FONTA,5,5,6,3604,0,0,0,,0,003,"SIERRA AV","ATHOL ST",0.00,,Y,B,-,N,,,,,,,,,,N,4,0,1,2,A,-,10,21950,A,N,G,B,B,A,H,-,C,A,0,Y,,,,Y,,J,48,0,0,1,0,1,0,0,0,0,"- ","- ",,,"SAN BERNARDINO",FONTANA,-117.43572998046875,34.088489532470703