CASE_ID,ACCIDENT_YEAR,PROC_DATE,JURIS,COLLISION_DATE,COLLISION_TIME,OFFICER_ID,REPORTING_DISTRICT,DAY_OF_WEEK,CHP_SHIFT,POPULATION,CNTY_CITY_LOC,SPECIAL_COND,BEAT_TYPE,CHP_BEAT_TYPE,CITY_DIVISION_LAPD,CHP_BEAT_CLASS,BEAT_NUMBER,PRIMARY_RD,SECONDARY_RD,DISTANCE,DIRECTION,INTERSECTION,WEATHER_1,WEATHER_2,STATE_HWY_IND,CALTRANS_COUNTY,CALTRANS_DISTRICT,STATE_ROUTE,ROUTE_SUFFIX,POSTMILE_PREFIX,POSTMILE,LOCATION_TYPE,RAMP_INTERSECTION,SIDE_OF_HWY,TOW_AWAY,COLLISION_SEVERITY,NUMBER_KILLED,NUMBER_INJURED,PARTY_COUNT,PRIMARY_COLL_FACTOR,PCF_CODE_OF_VIOL,PCF_VIOL_CATEGORY,PCF_VIOLATION,PCF_VIOL_SUBSECTION,HIT_AND_RUN,TYPE_OF_COLLISION,MVIW,PED_ACTION,ROAD_SURFACE,ROAD_COND_1,ROAD_COND_2,LIGHTING,CONTROL_DEVICE,CHP_ROAD_TYPE,PEDESTRIAN_ACCIDENT,BICYCLE_ACCIDENT,MOTORCYCLE_ACCIDENT,TRUCK_ACCIDENT,NOT_PRIVATE_PROPERTY,ALCOHOL_INVOLVED,STWD_VEHTYPE_AT_FAULT,CHP_VEHTYPE_AT_FAULT,COUNT_SEVERE_INJ,COUNT_VISIBLE_INJ,COUNT_COMPLAINT_PAIN,COUNT_PED_KILLED,COUNT_PED_INJURED,COUNT_BICYCLIST_KILLED,COUNT_BICYCLIST_INJURED,COUNT_MC_KILLED,COUNT_MC_INJURED,PRIMARY_RAMP,SECONDARY_RAMP,LATITUDE,LONGITUDE,COUNTY,CITY,POINT_X,POINT_Y
9147965,2020,2020-10-07,3610,2020-08-10,2034,51248,,1,5,6,3610,0,0,0,,0,,"N WINDSOR DR","E GILBERT ST",21.00,S,N,A,-,N,,,,,,,,,,N,4,0,1,2,A,-,05,21202,A,N,C,G,A,A,H,-,D,D,0,,Y,,,Y,,-,,0,0,1,0,0,0,1,0,0,"- ","- ",34.126800537109375,-117.26963806152344,"SAN BERNARDINO","SAN BERNARDINO",-117.26988983154297,34.126731872558594
9147973,2020,2020-10-07,3610,2020-08-21,1951,51170,,5,5,6,3610,0,0,0,,0,,"NORTH SIERRA WY","W 42ND ST",0.00,,Y,A,-,N,,,,,,,,,,N,4,0,1,2,C,-,18,,,N,G,B,A,A,H,-,C,D,0,,Y,,,Y,,-,"- ",0,0,1,0,0,0,1,0,0,"- ","- ",34.166950225830078,-117.28536224365234,"SAN BERNARDINO","SAN BERNARDINO",-117.28502655029297,34.166751861572266
91480829,2020,2021-05-25,9860,2020-10-25,0155,021229,,7,3,5,3609,0,1,1,,2,201,"STATE ROUTE 210 E/B FROM ALDER AVENUE","ALDER AVENUE",1361.00,E,N,B,-,Y,,,210,,,,R,,E,Y,1,1,1,2,A,-,11,21956,,N,G,B,E,A,H,-,C,D,0,Y,,,,Y,Y,N,60,1,0,0,1,0,0,0,0,0,"- ","- ",34.136131286621094,-117.41387939453125,"SAN BERNARDINO",RIALTO,-117.41387939453125,34.136131286621094
91482093,2021,2021-05-26,9855,2021-05-18,1607,016051,,2,2,9,3600,0,3,5,,2,004,"CENTRAL AVENUE","HOWARD AVENUE",0.00,,Y,A,-,N,,,,,,,,,,N,4,0,1,2,A,-,12,21453,A,N,H,G,A,A,H,-,A,A,0,,Y,,,Y,,-,"- ",0,0,1,0,0,0,1,0,0,"- ","- ",34.052330017089844,-117.68934631347656,"SAN BERNARDINO",UNINCORPORATED,-117.68926239013672,34.052200317382812
9148242,2020,2020-10-20,3610,2020-08-26,0850,51103,,3,5,6,3610,0,0,0,,0,002,"E 40TH ST","N SEPULVEDA AV",0.00,,Y,A,-,N,,,,,,,,,,N,4,0,1,2,A,-,10,21950,A,N,G,B,B,A,H,-,A,A,0,Y,,,,Y,,A,01,0,0,1,0,1,0,0,0,0,"- ","- ",,,"SAN BERNARDINO","SAN BERNARDINO",-117.28282928466797,34.164871215820312
91485050,2021,2021-05-28,9860,2021-05-17,1530,019599,,1,2,6,3610,0,1,1,,2,214,"I-215 S/B","MILL ST.",374.00,S,N,A,-,Y,,,215,,,,,,S,N,2,0,1,2,A,-,11,21954,A,N,G,B,E,A,H,-,A,D,0,Y,,,,Y,Y,N,60,1,0,0,0,1,0,0,0,0,"- ","- ",34.091011047363281,-117.30196380615234,"SAN BERNARDINO","SAN BERNARDINO",-117.30200958251953,34.091011047363281
91487520,2021,2021-06-02,9835,2021-05-27,0517,019989,,4,3,9,3600,0,1,1,,2,075,"I-15 N/B","HALLORAN SPRINGS RD",27509.00,S,N,A,-,Y,,,15,,,,,,N,Y,2,0,2,3,A,-,03,22350,,N,C,E,E,A,H,-,D,D,0,Y,,,Y,Y,,G,25,1,1,0,0,1,0,0,0,0,"- ","- ",35.311901092529297,-116.00125885009766,"SAN BERNARDINO",UNINCORPORATED,-116.00127410888672,35.311920166015625
91492044,2021,2021-06-08,9865,2021-05-27,2047,021502,,4,2,9,3600,0,1,3,,2,014,"STATE ROUTE 138","CREST FOREST DRIVE",2112.00,E,N,A,-,Y,,,138,,,,,,,N,2,0,1,2,A,-,11,21954,A,F,G,B,E,A,H,-,D,D,0,Y,,,,Y,,N,60,1,0,0,0,1,0,0,0,0,"- ","- ",34.236640930175781,-117.29196166992188,"SAN BERNARDINO",UNINCORPORATED,-117.29193878173828,34.236686706542969
91492859,2021,2021-06-09,9860,2021-05-24,1542,016651,,1,2,9,3600,0,1,1,,2,151,"I-15 N/B","KENWOOD AVE",1478.00,N,N,A,-,Y,,,15,,,,,,N,N,4,0,1,3,A,-,08,22107,,N,C,2,F,A,H,-,A,D,0,Y,,,Y,Y,,A,01,0,0,1,0,1,0,0,0,0,"- ","- ",34.239738464355469,-117.42868041992188,"SAN BERNARDINO",UNINCORPORATED,-117.42876434326172,34.239631652832031
91494526,2021,2021-06-10,9860,2021-05-20,2125,020533,,4,2,9,3600,0,2,4,,2,411,"CEDAR AVE S/B","SANTA ANA AVE",15.00,N,N,A,-,N,,,,,,,,,,N,2,0,1,2,A,-,11,21954,A,F,G,B,B,A,H,-,C,A,0,Y,,,,Y,Y,N,60,1,0,0,0,1,0,0,0,0,"- ","- ",34.056041717529297,-117.39652252197266,"SAN BERNARDINO",UNINCORPORATED,-117.39649963378906,34.055912017822266
91495207,2021,2021-06-11,9850,2021-06-06,1200,021366,,7,1,9,3600,0,1,1,,2,081,"I-15 SOUTHBOUND","RANCHERO RD.",4118.00,N,N,A,-,Y,,,15,,,,,,S,N,2,0,1,2,A,-,00,21960,A,N,G,B,E,A,H,-,A,D,0,Y,,,,Y,,N,60,1,0,0,0,1,0,0,0,0,"- ","- ",34.371448516845703,-117.425048828125,"SAN BERNARDINO",UNINCORPORATED,-117.42510986328125,34.371501922607422
91501043,2021,2021-06-21,9860,2021-06-17,0743,016590,,4,1,9,3600,0,1,1,,2,216,"I-215 N/B","DEVORE RD.",7920.00,S,N,A,-,Y,,,215,,,,,,N,Y,2,0,2,3,A,-,08,22107,,N,C,E,E,A,H,-,A,D,0,Y,,,,Y,,A,01,2,0,0,0,1,0,0,0,0,"- ","- ",34.212558746337891,-117.38890075683594,"SAN BERNARDINO",UNINCORPORATED,-117.38897705078125,34.21246337890625
9150427,2020,2020-12-11,3610,2020-08-12,1755,50639,,3,5,6,3610,0,0,0,,0,POLICE,"W BASELINE ST","RT 215",0.00,,Y,A,-,Y,SBD,8,215,-,-,8.611,R,1,S,Y,3,0,1,2,B,-,22,,,N,D,G,A,A,H,-,-,A,0,,Y,,,Y,,L,04,0,1,0,0,0,0,1,0,0,"- ",SF,34.121341705322266,-117.3009033203125,"SAN BERNARDINO","SAN BERNARDINO",-117.30384063720703,34.128902435302734
9150430,2020,2020-10-20,3610,2020-08-14,2500,51136,,5,5,6,3610,0,0,0,,0,POLICE,"N UNIVERSITY PKWY","INTERCHANGE DR",0.00,,Y,A,-,N,,,,,,,,,,N,3,0,1,2,-,-,"- ",,,F,G,B,D,-,H,-,C,A,0,Y,,,,Y,,-,"- ",0,1,0,0,1,0,0,0,0,"- ","- ",34.15911865234375,-117.33502197265625,"SAN BERNARDINO","SAN BERNARDINO",-117.33502960205078,34.159149169921875
91522229,2021,2021-07-16,9855,2021-07-06,0725,015626,,2,1,5,3602,0,1,3,,2,603,"SR-60 E/B (POMONA FWY) TO CENTRAL AVE.","CENTRAL AVE.",6.00,W,N,A,-,Y,,,60,,,,R,,E,N,4,0,1,2,A,-,09,21453,B,N,G,B,B,A,D,-,A,A,0,Y,,,,Y,,A,01,0,0,1,0,1,0,0,0,0,"- ","- ",34.029308319091797,-117.68961334228516,"SAN BERNARDINO",CHINO,-117.68961334228516,34.029308319091797
9152759,2020,2020-10-21,3600,2020-08-29,1851,D3381,VC023,6,5,5,3612,0,0,0,,0,VC3,"1ST AV","JASMINE ST",0.00,,Y,A,-,N,,,,,,,,,,N,4,0,1,2,A,-,10,21954,B,F,G,G,A,A,H,-,A,A,0,,Y,,,Y,,L,04,0,0,1,0,0,0,1,0,0,"- ","- ",,,"SAN BERNARDINO",VICTORVILLE,-117.29496002197266,34.474868774414062
91531747,2021,2021-07-29,9860,2021-02-20,1917,020533,,6,2,9,3600,0,1,1,,2,102,"INTERSTATE 10 WESTBOUND","CEDAR AVENUE",700.00,W,N,A,-,Y,,,10,,,,,,W,N,1,1,0,2,A,-,11,21956,,N,G,B,E,A,H,-,D,D,0,Y,,,,Y,,N,60,0,0,0,1,0,0,0,0,0,"- ","- ",34.068489074707031,-117.39888763427734,"SAN BERNARDINO",UNINCORPORATED,-117.39888763427734,34.068435668945312
9154064,2020,2020-10-22,3604,2020-08-25,0500,1249,,2,5,6,3604,0,0,0,,0,004,"CHERRY AV","RANCHERIAS DR",0.00,,Y,A,-,N,,,,,,,,,,Y,2,0,1,2,A,-,05,21650,1,N,A,G,A,A,H,-,C,A,0,,Y,,,Y,,L,04,1,0,0,0,0,0,1,0,0,"- ","- ",,,"SAN BERNARDINO",FONTANA,-117.50167083740234,34.036968231201172
91552105,2021,2021-08-23,9860,2021-08-06,2500,021587,,5,4,9,3600,0,3,5,,2,004,"JURUPA AVE","SPRUCE AVE",70.00,E,N,A,-,N,,,,,,,,,,N,2,0,1,2,A,-,03,22350,,F,G,B,E,A,H,-,D,D,0,Y,,,,Y,,-,99,1,0,0,0,1,0,0,0,0,"- ","- ",34.048370361328125,-117.38739013671875,"SAN BERNARDINO",UNINCORPORATED,-117.38745880126953,34.048343658447266
91567855,2021,2021-09-13,9860,2021-08-30,2100,021451,,1,2,9,3600,0,3,5,,2,002,"PORTER ST","MACY ST",528.00,E,N,A,-,N,,,,,,,,,,N,3,0,1,2,A,-,03,22350,,F,G,B,E,A,H,-,D,D,0,Y,,,,Y,,A,01,0,1,0,0,1,0,0,0,0,"- ","- ",34.141498565673828,-117.33808135986328,"SAN BERNARDINO",UNINCORPORATED,-117.33809661865234,34.141471862792969
9156826,2020,2021-02-23,3602,2020-12-22,0943,3573,,2,5,5,3602,0,0,0,,0,001,"RIVERSIDE DR","NORTON AV",219.00,E,N,A,-,N,,,,,,,,,,N,4,0,1,2,A,-,06,21760,B,N,C,G,A,A,H,-,A,D,0,,Y,,,Y,,A,01,0,0,1,0,0,0,1,0,0,"- ","- ",34.018970489501953,-117.7103271484375,"SAN BERNARDINO",CHINO,-117.71038818359375,34.018913269042969
91572110,2021,2021-09-16,9850,2021-09-09,0052,020648,,4,3,9,3600,0,2,4,,2,057,"SHEEP CREEK ROAD","YUCCA TERRACE DRIVE",330.00,S,N,A,-,N,,,,,,,,,,N,2,0,1,2,A,-,03,22350,,F,C,G,A,A,H,-,D,D,0,,Y,,,Y,,-,99,1,0,0,0,0,0,1,0,0,"- ","- ",34.432651519775391,-117.57260131835938,"SAN BERNARDINO",UNINCORPORATED,-117.57263946533203,34.432674407958984
91578402,2021,2021-09-24,9860,2021-01-10,0239,022103,,7,3,5,3609,0,1,1,,2,201,"STATE ROUTE 210 WESTBOUND","PEPPER AVENUE",945.00,E,N,A,-,Y,,,210,,,,,,W,N,1,1,0,2,A,-,03,22350,,F,G,B,E,A,H,-,C,D,0,Y,,,,Y,Y,A,08,0,0,0,1,0,0,0,0,0,"- ","- ",34.134578704833984,-117.34995269775391,"SAN BERNARDINO",RIALTO,-117.34994506835938,34.134548187255859
91580973,2021,2021-09-28,9860,2021-09-07,1945,019599,,2,2,9,3600,0,3,5,,2,002,"FOOTHILL DR.","DOGWOOD ST.",60.00,E,N,A,-,N,,,,,,,,,,Y,4,0,1,4,A,-,01,23152,A,N,G,B,E,A,H,-,D,D,0,Y,,,,Y,Y,A,07,0,0,1,0,1,0,0,0,0,"- ","- ",34.157581329345703,-117.25058746337891,"SAN BERNARDINO",UNINCORPORATED,-117.25067138671875,34.157588958740234
9158165,2020,2020-10-26,3600,2020-06-22,0126,G4524,AP007,1,5,5,3621,0,0,0,,0,AP2,"THUNDERBIRD RD","CHEYENNE RD",21.00,E,N,A,-,N,,,,,,,,,,N,2,0,1,2,A,-,11,21954,A,N,G,B,E,A,H,-,D,D,0,Y,,,,Y,Y,N,60,1,0,0,0,1,0,0,0,0,"- ","- ",,,"SAN BERNARDINO","APPLE VALLEY",-117.19908905029297,34.529541015625
9158291,2020,2020-10-14,3600,2020-07-06,1136,H8981,AD304,1,5,3,3613,0,0,0,,0,AD2,"RRANCHO RD","JONATHAN ST",72.00,W,N,A,-,N,,,,,,,,,,N,2,0,1,2,A,-,08,22107,,N,B,G,A,A,H,-,A,A,0,,Y,,Y,Y,,L,04,1,0,0,0,0,0,1,0,0,"- ","- ",,,"SAN BERNARDINO",ADELANTO,-117.409778,34.559261999999997
91588578,2021,2021-10-05,9855,2021-08-08,0705,017781,,7,1,9,3600,0,3,5,,2,001,"SAN BERNARDINO AVE. (15300 BLOCK)","BEECH AVE.",88.00,E,N,A,-,N,,,,,,,,,,N,3,0,1,3,A,-,08,22103,,N,D,G,A,A,H,-,A,D,0,,Y,,,Y,,A,01,0,1,0,0,0,0,1,0,0,"- ","- ",34.077571868896484,-117.47090148925781,"SAN BERNARDINO",UNINCORPORATED,-117.47093963623047,34.077468872070312
91593202,2021,2021-10-11,9850,2021-09-08,1230,019176,,3,1,5,3612,0,1,1,,2,084,"I-15 SOUTHBOUND","STODDARD WELLS ROAD",5861.00,S,N,A,-,Y,,,15,,,,,,S,Y,1,1,3,5,A,-,03,22350,,N,G,2,F,A,H,-,A,D,0,Y,,,Y,Y,,G,25,1,2,0,1,1,0,0,0,0,"- ","- ",34.5771484375,-117.27197265625,"SAN BERNARDINO",VICTORVILLE,-117.27191925048828,34.577106475830078
9159846,2020,2021-03-09,3600,2020-08-26,1137,C9389,RC046,3,5,6,3616,0,0,0,,0,RC1,"19TH ST","CARNELIAN ST",0.00,,Y,A,-,N,,,,,,,,,,N,3,0,1,2,A,-,09,21801,A,N,D,G,A,A,H,-,A,D,0,,Y,,,Y,,L,04,0,1,0,0,0,0,1,0,0,"- ","- ",,,"SAN BERNARDINO","RANCHO CUCAMONGA",-117.61621856689453,34.132598876953125
91598829,2021,2021-10-18,9855,2021-09-29,0631,018335,,3,1,9,3600,0,3,5,,2,001,"BEECH AVE. S/B (8400 BLOCK)","ARROW RTE.",425.00,N,N,A,-,N,,,,,,,,,,N,2,0,1,2,A,-,11,21956,A,N,G,B,E,A,H,-,B,D,0,Y,,,,Y,,N,60,1,0,0,0,1,0,0,0,0,"- ","- ",34.107700347900391,-117.47129821777344,"SAN BERNARDINO",UNINCORPORATED,-117.47122192382812,34.100444793701172
91599326,2021,2021-10-18,9860,2021-09-27,0531,018275,,1,3,9,3600,0,1,1,,2,103,"I-10 W/B","MT VERNON AVE",2500.00,E,N,A,-,Y,,,,,,,,,,Y,3,0,4,5,A,-,08,22107,,N,C,E,E,A,H,-,D,D,0,Y,,,,Y,,A,01,0,1,3,0,1,0,0,0,0,"- ","- ",34.065441131591797,-117.30474853515625,"SAN BERNARDINO",UNINCORPORATED,-117.30680847167969,34.065330505371094
9161557,2020,2020-10-03,3603,2020-07-09,1319,4012,CPD,4,5,4,3603,0,0,0,,0,002,"9TH ST","HANNA ST",102.00,S,N,A,-,N,,,,,,,,,,Y,2,0,1,2,B,-,22,,,N,G,B,D,A,H,-,A,D,0,Y,,,,Y,,A,01,1,0,0,0,1,0,0,0,0,"- ","- ",34.075328826904297,-117.32093811035156,"SAN BERNARDINO",COLTON,-117.32100677490234,34.075046539306641
9161640,2020,2020-10-22,3600,2020-08-04,0700,E8738,CH065,2,5,5,3630,0,0,0,,0,CH2,"LOS SERRANOS COUNTRY CLUB DR","SWQUEL CANYON PKWY",500.00,N,N,A,-,N,,,,,,,,,,N,4,0,1,2,A,-,09,21804,A,N,D,G,A,A,H,-,A,D,0,,Y,,,Y,,A,01,0,0,1,0,0,0,1,0,0,"- ","- ",,,"SAN BERNARDINO","CHINO HILLS",-117.69531499999999,33.963147999999997
91620919,2021,2021-12-29,9855,2021-04-06,1102,018313,,2,1,6,3607,0,1,3,,2,601,"SR-60 E/B TO GROVE AVENUE","GROVE AVENUE",9.00,W,N,A,-,Y,,,60,,,,R,,E,N,1,1,0,2,A,-,09,21453,B,N,B,G,A,A,D,-,A,A,0,,Y,,,Y,,D,22,0,0,0,0,0,1,0,0,0,"- ","- ",34.029788970947266,-117.62850189208984,"SAN BERNARDINO",ONTARIO,-117.62850189208984,34.029788970947266
91623509,2021,2021-11-12,9860,2021-08-25,2206,020856,,3,3,6,3610,0,1,1,,2,216,"INTERSTATE 215 NORTHBOUND","PALM AVENUE",190.00,N,N,A,-,Y,,,215,,,,,,N,Y,1,1,0,2,A,-,11,21956,A,N,G,B,E,A,H,-,D,C,0,Y,,,Y,Y,,N,60,0,0,0,1,0,0,0,0,0,"- ","- ",34.191619873046875,-117.36209106445312,"SAN BERNARDINO","SAN BERNARDINO",-117.362060546875,34.191665649414062
9162517,2020,2020-10-13,3611,2020-07-07,1518,2297,3611,2,5,5,3611,0,0,0,,0,004,"11TH ST","CAMPUS AV",130.00,E,N,A,-,N,,,,,,,,,,,3,0,1,2,A,-,11,21954,A,N,G,B,D,A,H,-,A,D,0,Y,,,,Y,,N,60,0,1,0,0,1,0,0,0,0,"- ","- ",,,"SAN BERNARDINO",UPLAND,-117.64109802246094,34.103385925292969
9163053,2020,2020-11-23,3604,2020-09-24,1730,743,,4,5,6,3604,0,0,0,,0,,"SIERRA AV","SLOVER AV",1214.00,N,N,A,-,N,,,,,,,,,,N,3,0,1,2,D,-,00,,,N,B,G,A,A,H,-,A,A,0,,Y,,,Y,,-,"- ",0,1,0,0,0,0,1,0,0,"- ","- ",,,"SAN BERNARDINO",FONTANA,-117.43576049804688,34.066425323486328
91631358,2021,2021-11-22,9860,2021-11-15,1720,020282,,1,2,9,3600,0,3,5,,2,002,"PACIFIC ST","GLASGOW AVE",5.00,W,N,A,-,N,,,,,,,,,,Y,3,0,1,2,A,-,10,21950,A,N,G,B,B,A,H,-,C,A,0,Y,,,,Y,,A,01,0,1,0,0,1,0,0,0,0,"- ","- ",34.128639221191406,-117.25464630126953,"SAN BERNARDINO",UNINCORPORATED,-117.25454711914062,34.12860107421875
9164167,2020,2021-01-19,3600,2020-09-12,1923,E3910,GT,6,5,3,3690,0,0,0,,0,GT1,"MT VERNON AV","DE BERRY ST",0.00,,Y,A,-,N,,,,,,,,,,N,3,0,1,2,A,-,17,21451,A,N,G,B,B,A,H,-,B,A,0,Y,,,,Y,,A,01,0,1,0,0,1,0,0,0,0,"- ","- ",,,"SAN BERNARDINO","GRAND TERRACE",-117.31363677978516,34.030250549316406
9164187,2020,2020-10-13,3608,2020-08-31,0815,4027,,1,5,5,3608,0,0,0,,0,,"EAST SUNSET DR NORTH","ALTA VISTA DR",1056.00,W,N,A,-,N,,,,,,,,,,N,3,0,1,2,A,-,01,23152,A,F,B,B,E,A,H,-,A,D,0,Y,,,,Y,,A,01,0,1,0,0,1,0,0,0,0,"- ","- ",,,"SAN BERNARDINO",REDLANDS,-117.12930297851562,34.01953125
9164189,2020,2020-10-13,3608,2020-08-29,0910,4888,SANBE,6,5,5,3608,0,0,0,,0,,"CAJON ST","PALM AV",0.00,,Y,A,-,N,,,,,,,,,,N,4,0,1,2,A,-,12,22450,A,N,D,G,A,A,H,-,A,A,0,,Y,,,Y,,L,04,0,0,1,0,0,0,1,0,0,"- ","- ",,,"SAN BERNARDINO",REDLANDS,-117.17404937744141,34.044319152832031
91642597,2021,2021-12-03,9860,2021-04-13,2015,022103,,2,2,9,3600,0,2,4,,1,410,"VALLEY BOULEVARD","LINDEN AVENUE",500.00,W,N,B,-,N,,,,,,,,,,N,1,1,0,2,C,-,18,,,N,G,B,E,A,H,-,D,D,0,Y,,,Y,Y,,-,"- ",0,0,0,1,0,0,0,0,0,"- ","- ",34.070579528808594,-117.40254974365234,"SAN BERNARDINO",UNINCORPORATED,-117.40241241455078,34.070480346679688
91643191,2021,2021-12-06,9860,2021-12-01,1648,016575,,3,2,6,3610,0,1,1,,2,216,"I-215 N/B TO BASE LINE ST.","BASE LINE ST.",1062.00,S,N,A,-,Y,,,215,,,,R,,N,N,2,0,1,2,A,-,11,21954,A,N,G,B,D,A,H,-,B,D,0,Y,,,,Y,,N,60,1,0,0,0,1,0,0,0,0,"- ","- ",34.118358612060547,-117.30220031738281,"SAN BERNARDINO","SAN BERNARDINO",-117.30220031738281,34.118358612060547
91644549,2021,2021-12-06,9834,2021-11-01,1823,016267,,1,2,9,3600,0,1,1,,2,042,"INTERSTATE 40 WESTBOUND","MOUNTAIN SPRINGS ROAD",4699.00,W,N,A,-,Y,,,40,,,,,,W,Y,1,1,1,3,A,-,03,22350,,N,D,C,E,A,H,-,D,D,0,Y,,,,Y,,D,22,1,0,0,1,0,0,0,0,0,"- ","- ",34.82794189453125,-115.06629943847656,"SAN BERNARDINO",UNINCORPORATED,-115.06629943847656,34.827922821044922
91652131,2021,2021-12-14,9850,2021-12-06,1758,022361,,1,2,9,3600,0,1,3,,2,042,"STATE ROUTE 18","EL DORADO RD.",1584.00,W,N,A,-,Y,,,18,,,,,,,N,3,0,1,2,A,-,11,21954,A,N,G,B,E,A,H,-,D,D,0,Y,,,,Y,,N,60,0,1,0,0,1,0,0,0,0,"- ","- ",34.436298370361328,-116.94058990478516,"SAN BERNARDINO",UNINCORPORATED,-116.94061279296875,34.436271667480469
91652181,2021,2021-12-14,9850,2021-11-28,2228,021516,,7,3,9,3600,0,1,1,,2,082,"I-15 SOUTHBOUND","BEAR VALLEY RD.",6283.00,S,N,A,-,Y,,,,,,,,,,Y,2,0,1,3,A,-,08,22107,,N,G,2,E,A,H,-,D,D,0,Y,,,Y,Y,,G,25,1,0,0,0,1,0,0,0,0,"- ","- ",34.455951690673828,-117.35774993896484,"SAN BERNARDINO",UNINCORPORATED,-117.35764312744141,34.455959320068359
91666777,2021,2021-12-30,9860,2021-04-26,2359,022539,,1,3,5,3609,0,1,1,,2,102,"INTERSTATE 10 EASTBOUND","CEDAR AVENUE",3962.00,E,N,B,-,Y,,,10,,,,,,E,Y,1,1,0,2,A,-,11,21954,A,N,G,B,D,A,H,-,D,D,0,Y,,,Y,Y,,N,60,0,0,0,1,0,0,0,0,0,"- ","- ",34.068229675292969,-117.38289642333984,"SAN BERNARDINO",RIALTO,-117.38290405273438,34.068260192871094
91671117,2021,2022-01-05,9860,2021-12-23,0820,016590,,4,1,9,3600,0,3,5,,2,002,"PACIFIC ST.","TIPPECANOE AVE.",11.00,W,N,B,C,N,,,,,,,,,,Y,4,0,2,2,A,-,08,22107,,N,G,I,F,B,H,-,A,D,0,Y,,,,Y,,A,07,0,0,2,0,1,0,0,0,0,"- ","- ",34.128608703613281,-117.26181793212891,"SAN BERNARDINO",UNINCORPORATED,-117.26190948486328,34.128608703613281
91673026,2021,2022-01-07,9860,2021-12-25,1729,020002,,6,2,9,3600,0,3,5,,2,002,"STATE ST.","ADAMS ST.",250.00,N,N,B,C,N,,,,,,,,,,N,2,0,1,2,A,-,11,21954,A,N,G,B,E,B,H,-,C,D,0,Y,,,,Y,,N,60,1,0,0,0,1,0,0,0,0,"- ","- ",34.139148712158203,-117.33548736572266,"SAN BERNARDINO",UNINCORPORATED,-117.33547210693359,34.138523101806641
91674516,2022,2022-01-10,9860,2022-01-06,1445,019419,,4,2,9,3600,0,1,1,,2,152,"I-15 N/B","OAK HILL RD.",13728.00,S,N,A,-,Y,SBD,,15,,R,24.193,H,,R,N,4,0,1,3,A,-,08,22107,,F,G,B,E,A,H,-,A,D,0,Y,,,,Y,,A,01,0,0,1,0,1,0,0,0,0,"- ","- ",34.339790344238281,-117.46515655517578,"SAN BERNARDINO",UNINCORPORATED,-117.46517944335938,34.339874267578125
91676552,2021,2022-01-12,9860,2021-12-17,0908,014963,,5,1,9,3600,0,2,4,,1,410,"VALLEY BLVD","LOCUST AVE",8.00,E,N,A,-,N,,,,,,,,,,N,4,0,1,2,A,-,10,21950,A,N,G,B,B,A,H,-,A,A,0,Y,,,,Y,,A,01,0,0,1,0,1,0,0,0,0,"- ","- ",34.070388793945312,-117.40939331054688,"SAN BERNARDINO",UNINCORPORATED,-117.40949249267578,34.070461273193359
91677707,2021,2022-05-17,9860,2021-10-28,0354,020387,,4,3,9,3600,0,3,5,,2,002,"CAJON BOULEVARD","KERN STREET",147.00,S,N,B,G,N,,,,,,,,,,N,1,1,0,2,A,-,11,21956,A,F,G,B,E,A,H,-,D,D,0,Y,,,,Y,,N,60,0,0,0,1,0,0,0,0,0,"- ","- ",34.156890869140625,-117.3349609375,"SAN BERNARDINO",UNINCORPORATED,-117.33498382568359,34.156902313232422
9169438,2020,2020-11-18,3600,2020-09-28,0754,H5175,LL,1,5,3,3615,0,0,0,,0,0LL,"ANDERSON ST","MOUND ST",0.00,,Y,A,-,N,,,,,,,,,,N,3,0,1,2,A,-,10,21950,,N,G,B,B,A,H,-,A,D,0,Y,,,,Y,,A,07,0,1,0,0,1,0,0,0,0,"- ","- ",,,"SAN BERNARDINO","LOMA LINDA",-117.26112365722656,34.051631927490234
91701841,2022,2022-02-16,9860,2022-02-05,1807,021638,,6,2,9,3600,0,3,5,,2,004,"SAN BERNARDINO AVE","EVERGREEN LANE",200.00,E,N,A,-,N,,,,,,,,,,N,2,0,1,2,A,-,11,21954,A,N,G,B,D,A,H,-,D,D,0,Y,,,,Y,,N,60,1,0,0,0,1,0,0,0,0,"- ","- ",34.077629089355469,-117.41584777832031,"SAN BERNARDINO",UNINCORPORATED,-117.41584777832031,34.077632904052734