CASE_ID,ACCIDENT_YEAR,PROC_DATE,JURIS,COLLISION_DATE,COLLISION_TIME,OFFICER_ID,REPORTING_DISTRICT,DAY_OF_WEEK,CHP_SHIFT,POPULATION,CNTY_CITY_LOC,SPECIAL_COND,BEAT_TYPE,CHP_BEAT_TYPE,CITY_DIVISION_LAPD,CHP_BEAT_CLASS,BEAT_NUMBER,PRIMARY_RD,SECONDARY_RD,DISTANCE,DIRECTION,INTERSECTION,WEATHER_1,WEATHER_2,STATE_HWY_IND,CALTRANS_COUNTY,CALTRANS_DISTRICT,STATE_ROUTE,ROUTE_SUFFIX,POSTMILE_PREFIX,POSTMILE,LOCATION_TYPE,RAMP_INTERSECTION,SIDE_OF_HWY,TOW_AWAY,COLLISION_SEVERITY,NUMBER_KILLED,NUMBER_INJURED,PARTY_COUNT,PRIMARY_COLL_FACTOR,PCF_CODE_OF_VIOL,PCF_VIOL_CATEGORY,PCF_VIOLATION,PCF_VIOL_SUBSECTION,HIT_AND_RUN,TYPE_OF_COLLISION,MVIW,PED_ACTION,ROAD_SURFACE,ROAD_COND_1,ROAD_COND_2,LIGHTING,CONTROL_DEVICE,CHP_ROAD_TYPE,PEDESTRIAN_ACCIDENT,BICYCLE_ACCIDENT,MOTORCYCLE_ACCIDENT,TRUCK_ACCIDENT,NOT_PRIVATE_PROPERTY,ALCOHOL_INVOLVED,STWD_VEHTYPE_AT_FAULT,CHP_VEHTYPE_AT_FAULT,COUNT_SEVERE_INJ,COUNT_VISIBLE_INJ,COUNT_COMPLAINT_PAIN,COUNT_PED_KILLED,COUNT_PED_INJURED,COUNT_BICYCLIST_KILLED,COUNT_BICYCLIST_INJURED,COUNT_MC_KILLED,COUNT_MC_INJURED,PRIMARY_RAMP,SECONDARY_RAMP,LATITUDE,LONGITUDE,COUNTY,CITY,POINT_X,POINT_Y
9625783,2023,2023-10-04,3610,2023-08-31,1450,51472,,4,5,6,3610,0,0,0,,0,,"NORTH ARROWHEAD AV","W 10TH ST",240.00,S,N,A,-,N,,,,,,,,,,N,3,0,1,3,A,-,08,22103,,N,D,G,A,A,H,-,A,D,0,,Y,,,Y,,A,08,0,1,0,0,0,0,1,0,0,"- ","- ",,,"SAN BERNARDINO","SAN BERNARDINO",-117.28964996337891,34.116981506347656
9625795,2023,2023-10-04,3610,2023-08-28,1600,51456,,1,5,6,3610,0,0,0,,0,,"W 16TH ST","SIERRA WY",121.00,N,N,A,-,N,,,,,,,,,,N,3,0,1,2,A,-,08,22107,,N,G,B,A,A,H,-,A,D,0,,Y,,,Y,,A,01,0,1,0,0,0,0,1,0,0,"- ","- ",,,"SAN BERNARDINO","SAN BERNARDINO",-117.28517150878906,34.128650665283203
9626301,2023,2023-10-24,3610,2023-09-05,1405,51442,,2,5,6,3610,0,0,0,,0,,"E 9TH ST","N VALENCIA AVENUE",5280.00,E,N,A,-,N,,,,,,,,,,N,4,0,1,2,A,-,05,21202,A,N,D,-,A,A,H,-,A,A,0,,Y,,,Y,,L,04,0,0,1,0,0,0,1,0,0,"- ","- ",,,"SAN BERNARDINO","SAN BERNARDINO",-117.25435638427734,34.115737915039062
9626447,2023,2023-10-17,3610,2023-09-12,"814 ",51465,,2,5,6,3610,0,0,0,,0,,"W BASELINE ST","NORTH SIERRA WY",0.00,,Y,A,-,N,,,,,,,,,,N,4,0,1,2,A,-,12,22450,A,M,D,G,A,A,H,-,A,A,0,,Y,,,Y,,-,,0,0,1,0,0,0,1,0,0,"- ","- ",34.121330261230469,-117.28513336181641,"SAN BERNARDINO","SAN BERNARDINO",-117.28514862060547,34.121341705322266
9626708,2023,2023-11-06,3603,2023-09-16,2343,4546,CPD,6,5,4,3603,0,0,0,,0,004,"MT VERNON AV","CENTERPOINTE DR",150.00,S,N,A,-,N,,,,,,,,,,N,2,0,1,2,A,-,11,21954,A,N,G,B,D,A,H,-,C,A,0,Y,,,,Y,,N,60,1,0,0,0,1,0,0,0,0,"- ","- ",34.049308776855469,-117.30867004394531,"SAN BERNARDINO",COLTON,-117.30924224853516,34.049510955810547
9626828,2023,2023-10-20,3603,2023-08-07,"244 ",4546,CPD,1,5,4,3603,0,0,0,,0,001,"PEPPER AV","SAN BERNARDINO AV",50.00,N,N,A,-,N,,,,,,,,,,N,2,0,1,2,A,-,11,21955,,N,G,B,D,A,H,-,C,A,0,Y,,,,Y,,N,60,1,0,0,0,1,0,0,0,0,"- ","- ",,,"SAN BERNARDINO",COLTON,-117.35292053222656,34.077888488769531
9626830,2023,2023-10-20,3603,2023-08-29,1239,5005,CPD,2,5,4,3603,0,0,0,,0,004,"S MT VERNON AV","E SANTO ANTONIO DR",0.00,,Y,A,-,N,,,,,,,,,,N,4,0,1,2,A,-,10,21950,A,M,G,B,B,A,H,-,A,A,0,Y,,,,Y,Y,-,99,0,0,1,0,1,0,0,0,0,"- ","- ",34.051670074462891,-117.30956268310547,"SAN BERNARDINO",COLTON,-117.30908966064453,34.052146911621094
9627812,2023,2023-12-07,3610,2023-10-06,2330,51362,,5,5,6,3610,0,0,0,,0,,"NORTH WATERMAN AV","E RALSTON AV",0.00,,Y,A,-,N,,,,,,,,,,N,3,0,1,2,A,-,09,21801,A,N,D,C,A,A,H,-,C,D,0,,Y,,,Y,,D,22,0,1,0,0,0,0,1,0,0,"- ","- ",34.161781311035156,-117.27866363525391,"SAN BERNARDINO","SAN BERNARDINO",-117.2786865234375,34.161785125732422
9627814,2023,2023-12-07,3610,2023-10-07,"222 ",51374,,6,5,6,3610,0,0,0,,0,,"W 40TH ST","NORTH SIERRA WY",167.00,W,N,A,-,N,,,,,,,,,,N,3,0,1,2,A,-,11,21956,,F,G,B,D,A,H,-,C,D,0,Y,,,,Y,,N,60,0,1,0,0,1,0,0,0,0,"- ","- ",,,"SAN BERNARDINO","SAN BERNARDINO",-117.28558349609375,34.164909362792969
9628399,2023,2023-10-28,3604,2023-09-19,"730 ",1395,,2,5,6,3604,0,0,0,,0,,"S HIGHLAND AV","CITRUS AV",0.00,,Y,A,-,N,,,,,,,,,,N,4,0,1,2,A,-,10,21950,A,N,G,B,B,A,H,-,A,A,0,Y,,,,Y,,A,07,0,0,1,0,1,0,0,0,0,"- ","- ",,,"SAN BERNARDINO",FONTANA,-117.45364379882812,34.134712219238281
9628641,2023,2023-12-15,3600,2023-08-17,1815,69476,YC301,4,5,4,3640,0,0,0,,0,YC3,"YUCAIPA BL","5TH ST",2.00,E,N,A,-,N,,,,,,,,,,N,3,0,1,2,A,-,17,21451,A,N,B,G,A,A,H,-,A,A,0,,Y,,,Y,,D,22,0,1,0,0,0,0,1,0,0,"- ","- ",,,"SAN BERNARDINO",YUCAIPA,-117.05623626708984,34.033878326416016
9628975,2023,2023-10-25,3608,2023-09-21,1527,4903,,4,5,5,3608,0,0,0,,0,,"E LUGONIA AV","CHURCH ST",5.00,W,N,A,-,N,,,,,,,,,,N,3,0,1,2,A,-,11,21950,B,N,G,B,B,A,H,-,A,A,0,Y,,,,Y,,N,60,0,1,0,0,1,0,0,0,0,"- ","- ",,,"SAN BERNARDINO",REDLANDS,-117.17376708984375,34.070030212402344
9629607,2023,2023-10-31,3604,2023-10-05,"805 ",925,,4,5,6,3604,0,0,0,,0,,"FOOTHILL BL","PALMETTO AV",155.00,E,N,A,-,N,,,,,,,,,,Y,2,0,1,2,A,-,11,21954,A,N,G,B,D,A,H,-,A,A,0,Y,,,,Y,,N,60,1,0,0,0,1,0,0,0,0,"- ","- ",,,"SAN BERNARDINO",FONTANA,-117.42658996582031,34.106651306152344
9630972,2023,2023-11-30,3610,2023-10-14,1741,51382,,6,5,6,3610,0,0,0,,0,,"W 28TH ST","N BERKELEY AV",0.00,,Y,A,-,N,,,,,,,,,,N,4,0,1,2,A,-,11,21956,,N,D,B,D,A,H,-,A,D,0,Y,,,,Y,,N,60,0,0,1,0,0,0,0,0,0,"- ","- ",34.142421722412109,-117.29756164550781,"SAN BERNARDINO","SAN BERNARDINO",-117.29756164550781,34.142398834228516
9630977,2023,2023-11-30,3610,2023-10-12,1415,51119,,4,5,6,3610,0,0,0,,0,,"W BASE LINE ST","N MOUNTAIN VIEW AV",0.00,,Y,A,-,N,,,,,,,,,,N,4,0,1,2,A,-,08,22107,,N,G,B,A,A,H,-,A,A,0,,Y,,,Y,Y,A,01,0,0,1,0,0,0,1,0,0,"- ","- ",,,"SAN BERNARDINO","SAN BERNARDINO",-117.28740692138672,34.121341705322266
9630980,2023,2023-11-30,3610,2023-10-11,1900,51448,,3,5,6,3610,0,0,0,,0,,"NORTH WATERMAN AV","E 6TH ST",0.00,,Y,A,-,N,,,,,,,,,,N,3,0,1,2,A,-,11,21953,,N,G,B,B,A,H,-,C,A,0,Y,,,,Y,,N,60,0,1,0,0,1,0,0,0,0,"- ","- ",,,"SAN BERNARDINO","SAN BERNARDINO",-117.27877044677734,34.110233306884766
9632001,2023,2023-11-06,3603,2023-09-28,1615,4916,CPD,4,5,4,3603,0,0,0,,0,003,"LA CADENA DR","M ST",0.00,,Y,A,-,N,,,,,,,,,,N,3,0,1,2,A,-,10,21950,A,M,G,B,B,A,H,-,A,A,0,Y,,,,Y,,A,01,0,1,0,0,1,0,0,0,0,"- ","- ",34.062141418457031,-117.3253173828125,"SAN BERNARDINO",COLTON,-117.3253173828125,34.062129974365234
9632006,2023,2023-11-06,3603,2023-09-26,1521,4697,,2,5,4,3603,0,0,0,,0,002,"E ORANGE GROVE AV","N HEALING WATERS DR",0.00,,Y,A,-,N,,,,,,,,,,N,3,0,1,2,A,-,12,22450,,N,D,C,A,A,H,-,A,D,0,,Y,,,Y,,L,04,0,1,0,0,0,0,1,0,0,"- ","- ",,,"SAN BERNARDINO",COLTON,-117.31180572509766,34.073875427246094
9633248,2023,2023-11-21,3600,2023-09-29,1930,N7533,HI005,5,5,4,3618,0,0,0,,0,HI1,"BASELINE ST","MCKINLEY ST",0.00,,Y,A,-,N,,,,,,,,,,N,2,0,1,2,A,-,11,21954,A,N,A,B,D,A,H,-,C,D,0,Y,,,,Y,,N,60,1,0,0,0,1,0,0,0,0,"- ","- ",34.121360778808594,-117.23847198486328,"SAN BERNARDINO",HIGHLAND,-117.23745727539062,34.121303558349609
9635976,2023,2024-03-02,3600,2023-12-24,1946,J3485,VC070,7,5,5,3612,0,0,0,,0,005,"PALMDALE RD","AMETHYST RD",664.00,W,N,A,-,N,,,,,,,,,,N,4,0,1,2,A,-,11,21954,A,N,H,G,A,A,H,-,D,A,0,,Y,,,Y,,L,04,0,0,1,0,0,0,1,0,0,"- ","- ",,,"SAN BERNARDINO",VICTORVILLE,-117.366455078125,34.506748199462891
9638228,2023,2023-12-26,3604,2023-11-05,1953,680,,7,5,6,3604,0,0,0,,0,,"CITRUS AV","RT 10",0.00,,Y,A,-,Y,SBD,8,10,-,-,15.343,R,1,W,N,3,0,1,2,A,-,12,21453,A,N,D,G,A,A,H,-,C,A,0,,Y,,,Y,,L,04,0,1,0,0,0,0,1,0,0,"- ",WF,,,"SAN BERNARDINO",FONTANA,-117.45093536376953,34.066978454589844
9638730,2023,2023-11-29,3608,2023-10-26,1813,5231,,4,5,5,3608,0,0,0,,0,,"W REDLANDS BLVD","IOWA ST",432.00,W,N,A,-,N,,,,,,,,,,N,2,0,1,2,A,-,03,22350,,F,A,-,E,A,H,-,B,A,0,Y,,,,Y,,A,01,1,0,0,0,1,0,0,0,0,"- ","- ",,,"SAN BERNARDINO",REDLANDS,-117.214599609375,34.062931060791016
9638837,2023,2023-11-27,3600,2023-05-15,2025,J2808,AD110,1,5,3,3613,0,0,0,,0,AD1,"PEARMAIN ST","AIR EXPWY",100.00,N,N,A,-,N,,,,,,,,,,Y,3,0,1,2,A,-,11,21956,A,N,G,-,E,A,H,-,D,A,0,Y,,,,Y,,N,60,0,1,0,0,1,0,0,0,0,"- ","- ",,,"SAN BERNARDINO",ADELANTO,-117.40512847900391,34.572273254394531
9639854,2023,2023-12-15,3605,2023-10-19,1632,462,,4,5,4,3605,0,0,0,,0,,"MONTE VISTA AV","ARROW HWY",0.00,,Y,A,-,N,,,,,,,,,,N,4,0,1,2,A,-,12,21453,A,N,D,G,A,A,H,-,A,A,0,,Y,,,Y,,L,04,0,0,1,0,0,0,1,0,0,"- ","- ",34.092418670654297,-117.69828033447266,"SAN BERNARDINO",MONTCLAIR,-117.69827270507812,34.092395782470703
9640014,2023,2023-12-05,3600,2023-08-29,"224 ",H8994,HE117,2,5,5,3619,0,0,0,,0,HE3,"MAIN ST","KEY POINTE DR",193.00,W,N,A,-,N,,,,,,,,,,N,1,1,0,2,A,-,11,21954,A,N,G,B,D,A,H,-,D,D,0,Y,,,,Y,,N,60,0,0,0,1,0,0,0,0,0,"- ","- ",,,"SAN BERNARDINO",HESPERIA,-117.38443756103516,34.426609039306641
9640032,2023,2023-12-06,3611,2023-06-19,2153,3357,3611,1,5,5,3611,0,0,0,,0,002,"FOOTHILL BL","HOSPITAL PKWY",40.00,W,N,A,-,N,,,,,,,,,,N,1,1,0,2,A,-,11,21954,A,N,G,B,D,A,H,-,C,D,0,Y,,,,Y,,N,60,0,0,0,1,0,0,0,0,0,"- ","- ",34.107070922851562,-117.63681793212891,"SAN BERNARDINO",UPLAND,-117.63682556152344,34.107158660888672
9640078,2023,2024-01-23,3604,2023-09-21,1930,1139,,4,5,6,3604,0,0,0,,0,,"CITRUS AV","SEVILLE AV",355.00,S,N,A,-,N,,,,,,,,,,N,1,1,0,2,A,-,11,21954,A,N,G,B,D,A,H,-,C,D,0,Y,,,,Y,,N,60,0,0,0,1,0,0,0,0,0,"- ","- ",,,"SAN BERNARDINO",FONTANA,-117.45364379882812,34.100856781005859
9640224,2023,2024-02-27,3604,2023-12-08,"506 ",718,,5,5,6,3604,0,0,0,,0,,"SIERRA AV","HOLLY DR",131.00,N,N,B,E,N,,,,,,,,,,N,1,1,0,2,A,-,11,21954,A,F,G,B,E,A,H,-,C,D,0,Y,,,,Y,,N,60,0,0,0,1,0,0,0,0,0,"- ","- ",,,"SAN BERNARDINO",FONTANA,-117.43569183349609,34.080699920654297
9640292,2023,2025-06-24,3600,2023-11-19,1910,G6192,AP020,7,5,5,3621,0,0,0,,0,AP4,"NAVAJO RD","SANDIA RD",764.00,S,N,A,-,N,,,,,,,,,,N,1,1,0,3,A,-,11,21954,A,F,G,B,D,A,H,-,D,D,0,Y,,,,Y,Y,N,60,0,0,0,1,0,0,0,0,0,"- ","- ",,,"SAN BERNARDINO","APPLE VALLEY",-117.19019317626953,34.462196350097656
9640319,2024,2024-07-24,3600,2024-02-09,1957,J3215,VC059,5,5,5,3612,0,0,0,,0,VC4,"AMETHYST RD","IRONSTONE AV",0.00,,Y,A,-,N,,,,,,,,,,Y,1,1,0,2,A,-,11,21954,A,N,G,B,D,A,H,-,C,D,0,Y,,,,Y,,N,60,0,0,0,1,0,0,0,0,0,"- ","- ",34.479061126708984,-117.36431121826172,"SAN BERNARDINO",VICTORVILLE,-117.36431121826172,34.479080200195312
9640353,2024,2024-04-10,3604,2024-02-15,1935,1395,,4,5,6,3604,0,0,0,,0,,"SAN BERNARDINO AV","SIERRA AV",590.00,W,N,A,-,N,,,,,,,,,,N,1,1,0,2,A,-,11,21954,A,F,G,B,D,A,H,-,D,A,0,Y,,,,Y,,N,60,0,0,0,1,0,0,0,0,0,"- ","- ",34.077640533447266,-117.43575286865234,"SAN BERNARDINO",FONTANA,-117.4376220703125,34.077560424804688
9640417,2023,2025-06-30,3600,2023-09-22,2229,H8994,HE105,5,5,5,3619,0,0,0,,0,HE1,"BEAR VALLEY RD","HESPERIA RD",233.00,E,N,A,-,N,,,,,,,,,,Y,1,1,0,3,A,-,11,21954,A,F,G,B,D,A,H,-,C,A,0,Y,,,,Y,,N,60,0,0,0,1,0,0,0,0,0,"- ","- ",,,"SAN BERNARDINO",HESPERIA,-117.29119873046875,34.470932006835938
9640456,2024,2024-05-15,3600,2024-03-09,2050,G8165,VC066,6,5,5,3612,0,0,0,,0,VC5,"AMARGOSA RD","SMOKE TREE RD",453.00,N,N,A,-,N,,,,,,,,,,Y,1,1,0,3,A,-,11,21954,A,N,G,B,E,A,H,-,D,D,0,Y,,,,Y,,N,60,0,0,0,1,0,0,0,0,0,"- ","- ",34.442790985107422,-117.36833190917969,"SAN BERNARDINO",VICTORVILLE,-117.36862945556641,34.442394256591797
9640481,2024,2024-06-04,3610,2024-04-09,"443 ",50469,,2,5,6,3610,0,0,0,,0,,"E 40TH ST","HARRISON ST",193.00,W,N,A,-,N,,,,,,,,,,Y,1,1,0,2,A,-,11,21954,A,N,G,B,D,A,H,-,D,D,0,Y,,,,Y,Y,N,60,0,0,0,1,0,0,0,0,0,"- ","- ",,,"SAN BERNARDINO","SAN BERNARDINO",-117.26519775390625,34.165031433105469
9640490,2024,2024-08-14,3600,2024-01-14,1820,F7812,AP002,7,5,5,3621,0,0,0,,0,AP1,"RT 18","KASOTA RD",39.00,E,N,A,-,Y,SBD,8,18,-,-,94.060,H,-,S,Y,1,1,0,2,A,-,11,21954,A,N,G,B,D,A,H,-,C,A,0,Y,,,,Y,Y,N,60,0,0,0,1,0,0,0,0,0,"- ","- ",34.540569305419922,-117.26661682128906,"SAN BERNARDINO","APPLE VALLEY",-117.26654815673828,34.540550231933594
9640508,2023,2025-06-30,3601,2023-11-22,"15  ",26K9,BARST,3,5,3,3601,0,0,0,,0,PATROL,"EAST MAIN ST","MOUNTAIN VIEW ST",165.00,W,N,A,-,N,,,,,,,,,,N,1,1,0,2,A,-,03,22350,,N,G,B,D,A,H,-,C,D,0,Y,,,,Y,,A,01,0,0,0,1,0,0,0,0,0,"- ","- ",,,"SAN BERNARDINO",BARSTOW,-117.00518798828125,34.894847869873047
9640579,2023,2024-06-24,3600,2023-12-19,1748,G6192,AP018,2,5,5,3621,0,0,0,,0,AP4,"NAVAJO RD","OTTAWA RD",16.00,S,N,A,-,N,,,,,,,,,,N,1,1,0,2,A,-,05,21650,1,N,H,G,A,A,H,-,C,D,0,,Y,,,Y,,L,04,0,0,0,0,0,1,0,0,0,"- ","- ",,,"SAN BERNARDINO","APPLE VALLEY",-117.19022369384766,34.493206024169922
9640603,2023,2024-06-17,3603,2023-09-14,1754,4974,CPD,4,5,4,3603,0,0,0,,0,003,"W G ST","RANCHO AV",495.00,W,N,A,-,N,,,,,,,,,,N,1,1,0,2,A,-,11,21954,A,N,G,B,D,A,H,-,A,D,0,Y,,,,Y,,N,60,0,0,0,1,0,0,0,0,0,"- ","- ",34.070629119873047,-117.33744812011719,"SAN BERNARDINO",COLTON,-117.33714294433594,34.070827484130859
9640616,2024,2024-07-10,3600,2024-05-17,2219,D6899,HE111,5,5,5,3619,0,0,0,,0,HE1,"MARIPOSA RD","MESA ST",1849.00,N,N,A,-,N,,,,,,,,,,N,1,1,0,2,A,-,11,21954,A,N,G,B,E,A,H,-,D,D,0,Y,,,,Y,,N,60,0,0,0,1,0,0,0,0,0,"- ","- ",,,"SAN BERNARDINO",HESPERIA,-117.35939025878906,34.452922821044922
9640679,2023,2024-07-10,3610,2023-11-11,1754,50571,,6,5,6,3610,0,0,0,,0,,"S TIPPECANOE AV","HARDT ST",0.00,,Y,A,-,N,,,,,,,,,,N,1,1,0,2,A,-,08,22107,,N,C,G,A,A,H,-,D,D,0,,Y,,,Y,,L,04,0,0,0,0,0,1,0,0,0,"- ","- ",34.072238922119141,-117.26055908203125,"SAN BERNARDINO","SAN BERNARDINO",-117.25994873046875,34.072883605957031
9640745,2024,2024-08-20,3600,2024-07-22,"523 ",H8994,HE307,1,5,5,3619,0,0,0,,0,HE5,"MAIN ST","MAPLE AV",9.00,W,N,A,-,N,,,,,,,,,,Y,1,1,0,2,A,-,11,21950,B,N,G,B,B,A,H,-,A,A,0,Y,,,,Y,,N,60,0,0,0,1,0,0,0,0,0,"- ","- ",,,"SAN BERNARDINO",HESPERIA,-117.34651947021484,34.426795959472656
9640820,2023,2024-08-14,3608,2023-12-30,"530 ",4345,"SAN B",6,5,5,3608,0,0,0,,0,,"LUGONIA AV","CHURCH ST",241.00,W,N,B,-,Y,SBD,8,38,-,-,1.020,H,-,W,N,1,1,0,2,A,-,11,21954,A,F,G,B,D,A,H,-,C,A,0,Y,,,,Y,,N,60,0,0,0,1,0,0,0,0,0,"- ","- ",,,"SAN BERNARDINO",REDLANDS,-117.17464447021484,34.070045471191406
9640900,2024,2024-09-17,3610,2024-02-17,1759,50789,,6,5,6,3610,0,0,0,,0,,"W HIGHLAND AVE","MEDICAL CENTER DR",523.00,W,N,B,-,N,,,,,,,,,,Y,1,1,0,2,A,-,11,21956,,N,G,B,D,A,H,-,C,D,0,Y,,,,Y,,N,60,0,0,0,1,0,0,0,0,0,"- ","- ",34.136478424072266,-117.32402038574219,"SAN BERNARDINO","SAN BERNARDINO",-117.32429504394531,34.136119842529297
9641033,2024,2024-10-29,3600,2024-10-11,"413 ",G6203,HE116,5,5,5,3619,0,0,0,,0,HE1,"HESPERIA RD","EUCALYPTUS ST",18.00,N,N,A,-,N,,,,,,,,,,N,1,1,0,3,A,-,11,21954,A,N,G,B,E,A,H,-,C,D,0,Y,,,Y,Y,,N,60,0,0,0,1,0,0,0,0,0,"- ","- ",,,"SAN BERNARDINO",HESPERIA,-117.29489898681641,34.455886840820312
9641048,2023,2023-11-30,3605,2023-08-08,"801 ",443,,2,5,4,3605,0,0,0,,0,,"FREMONT AV","SAN BERNARDINO ST",0.00,,Y,A,-,N,,,,,,,,,,N,2,0,1,2,A,-,17,21451,A,N,G,B,B,A,H,-,A,A,0,Y,,,,Y,,D,22,1,0,0,0,1,0,0,0,0,"- ","- ",34.077610015869141,-117.68511962890625,"SAN BERNARDINO",MONTCLAIR,-117.69388580322266,34.077655792236328
9641648,2023,2023-12-12,3600,2023-07-18,2055,I9526,HE218,2,5,5,3619,0,0,0,,0,HE2,"MAIN ST","G AV",40.00,E,N,A,-,N,,,,,,,,,,N,3,0,1,2,A,-,11,21954,A,N,G,B,D,A,H,-,C,A,0,Y,,,,Y,Y,N,60,0,1,0,0,1,0,0,0,0,"- ","- ",,,"SAN BERNARDINO",HESPERIA,-117.28768157958984,34.419498443603516
9643089,2023,2023-12-12,3600,2023-10-27,"404 ",69438,HI011,5,5,4,3618,0,0,0,,0,HI2,"BASELINE ST","CUNNINGHAM ST",50.00,W,N,A,-,N,,,,,,,,,,N,2,0,1,2,D,-,00,,,F,G,B,E,A,H,-,C,A,0,Y,,,,Y,,-,"- ",1,0,0,0,1,0,0,0,0,"- ","- ",34.121189117431641,-117.22216033935547,"SAN BERNARDINO",HIGHLAND,-117.22194671630859,34.121269226074219
9643880,2023,2024-01-12,3610,2023-11-17,1749,51304,,5,5,6,3610,0,0,0,,0,,"W 9TH ST","N D ST",0.00,,Y,A,-,N,,,,,,,,,,N,3,0,1,2,A,-,12,21453,A,N,D,G,A,A,H,-,C,A,0,,Y,,,Y,,A,01,0,1,0,0,0,0,1,0,0,"- ","- ",34.115791320800781,-117.29190826416016,"SAN BERNARDINO","SAN BERNARDINO",-117.29188537597656,34.115760803222656
9643951,2023,2024-01-16,3610,2023-11-18,1953,51363,,6,5,6,3610,0,0,0,,0,,"W 2ND ST","N E ST",0.00,,Y,A,-,N,,,,,,,,,,N,3,0,1,2,A,-,12,21453,A,F,D,G,A,A,H,-,C,B,0,,Y,,,Y,Y,L,04,0,1,0,0,0,0,1,0,0,"- ","- ",34.102821350097656,-117.29421234130859,"SAN BERNARDINO","SAN BERNARDINO",-117.29420471191406,34.102817535400391
9644576,2023,2023-12-14,3605,2023-10-06,1420,481,3605,5,5,4,3605,0,0,0,,0,,"RAMONA AV","DALE ST",50.00,N,N,A,-,N,,,,,,,,,,N,3,0,1,2,A,-,15,21201,A,N,C,G,A,A,H,-,A,D,0,,Y,,,Y,,L,04,0,1,0,0,0,0,1,0,0,"- ","- ",34.057868957519531,-117.70693969726562,"SAN BERNARDINO",MONTCLAIR,-117.70694732666016,34.057918548583984
9646697,2023,2024-02-15,3604,2023-12-01,"810 ",925,,5,5,6,3604,0,0,0,,0,,"JUNIPER AV","ARROW BL",81.00,S,N,A,-,N,,,,,,,,,,N,3,0,1,2,A,-,11,21954,A,N,G,B,D,A,H,-,A,A,0,Y,,,,Y,,N,60,0,1,0,0,1,0,0,0,0,"- ","- ",,,"SAN BERNARDINO",FONTANA,-117.44013214111328,34.099098205566406
9646926,2023,2024-03-15,3604,2023-12-11,1558,680,,1,5,6,3604,0,0,0,,0,,"CHERRY AV","VALLEY BL",200.00,S,N,A,-,N,,,,,,,,,,N,4,0,2,3,A,-,17,22517,,N,B,C,F,A,H,-,A,D,0,Y,,,Y,Y,,A,01,0,0,2,0,1,0,0,0,0,"- ","- ",,,"SAN BERNARDINO",FONTANA,-117.48893737792969,34.069667816162109
9646996,2023,2024-01-20,3610,2023-11-09,1939,51257,,4,5,6,3610,0,0,0,,0,,"E 5TH ST","NORTH WATERMAN AV",0.00,,Y,A,-,N,,,,,,,,,,N,2,0,1,2,A,-,12,21453,A,F,G,B,B,A,H,-,C,A,0,Y,,,,Y,,-,99,1,0,0,0,1,0,0,0,0,"- ","- ",,,"SAN BERNARDINO","SAN BERNARDINO",-117.27877044677734,34.108325958251953
9647094,2023,2023-12-05,3600,2023-08-15,1922,H5825,HE214,2,5,5,3619,0,0,0,,0,HE2,"TIMBERLANE AV","YUCCA ST",233.00,N,N,A,-,N,,,,,,,,,,N,2,0,1,2,A,-,11,21954,A,N,G,B,E,A,H,-,A,D,0,Y,,,,Y,,N,60,1,0,0,0,1,0,0,0,0,"- ","- ",34.419998168945312,-117.2734375,"SAN BERNARDINO",HESPERIA,-117.27353668212891,34.419399261474609
9647140,2023,2023-12-15,3605,2023-10-31,"30  ",439,,2,5,4,3605,0,0,0,,0,,"RICHTON ST","RICHTON ST 5060",0.00,,N,A,-,N,,,,,,,,,,,4,0,1,2,C,-,18,,,N,G,B,D,A,H,-,C,A,0,Y,,,,Y,Y,-,"- ",0,0,1,0,1,0,0,0,0,"- ","- ",,,"SAN BERNARDINO",MONTCLAIR,,
9647280,2023,2024-01-18,3600,2023-11-17,"813 ",G7650,,5,5,3,3615,0,0,0,,0,,"CALIFORNIA ST","REDLANDS BL",779.00,S,N,A,-,N,,,,,,,,,,N,3,0,1,2,A,-,03,22350,,N,G,B,D,A,H,-,A,D,0,Y,,,,Y,,A,07,0,1,0,0,1,0,0,0,0,"- ","- ",,,"SAN BERNARDINO","LOMA LINDA",-117.22621154785156,34.060935974121094
9647485,2023,2023-12-11,3600,2023-10-27,1530,G3844,RC013,5,5,6,3616,0,0,0,,0,RC3,"VICTORIA PARK LN","KENYON WY",0.00,,Y,A,-,N,,,,,,,,,,N,4,0,1,2,A,-,03,22350,,N,G,G,A,A,H,-,A,A,0,,Y,,,Y,,D,22,0,0,1,0,0,0,1,0,0,"- ","- ",,,"SAN BERNARDINO","RANCHO CUCAMONGA",-117.55155181884766,34.128170013427734
9650086,2023,2024-01-10,3605,2023-11-01,1711,492,,3,5,4,3605,0,0,0,,0,,"MILLS AV","HOLT BL",0.00,,Y,A,-,N,,,,,,,,,,N,4,0,1,2,A,-,11,21950,B,N,G,B,B,A,H,-,A,A,0,Y,,,,Y,,N,60,0,0,1,0,1,0,0,0,0,"- ","- ",34.063159942626953,-117.71769714355469,"SAN BERNARDINO",MONTCLAIR,-117.71772003173828,34.063129425048828